Rank,Model Architecture,Paradigm,ROC-AUC,F1 Score,Recall,Training Time (s)
1,TCN,Deep Learning (Time-Series),0.9293,0.7632,0.9165,603.8
2,ResNet1D,Deep Learning (Time-Series),0.9078,0.7477,1.0,247.1
3,CNN + BiLSTM,Deep Learning (Time-Series),0.88,0.7477,1.0,248.2
4,CNN + Attention + BiLSTM,Deep Learning (Time-Series),0.8778,0.7477,1.0,418.0
5,InceptionTime,Deep Learning (Time-Series),0.8703,0.7477,1.0,484.2
6,K-Nearest Neighbors (KNN),Classical Machine Learning,0.862,0.6831,0.9148,0.5
7,Random Forest,Classical Machine Learning,0.858,0.6791,0.8835,1.5
8,Logistic Regression,Classical Machine Learning,0.8568,0.6812,0.8991,0.5
9,Support Vector Machine (SVM),Classical Machine Learning,0.8541,0.6711,0.8783,0.7
10,Gradient Boosting,Classical Machine Learning,0.852,0.6618,0.873,2.3
