Instrument,Date,FITS File Count,Size (MB),Status
HEL1OS,20240514,0,0.0,Verified Extracted
HEL1OS,20240515,0,0.0,Verified Extracted
HEL1OS,20240516,0,0.0,Verified Extracted
HEL1OS,20240517,0,0.0,Verified Extracted
HEL1OS,20240519,0,0.0,Verified Extracted
HEL1OS,20240521,0,0.0,Verified Extracted
HEL1OS,20240522,0,0.0,Verified Extracted
HEL1OS,20240523,0,0.0,Verified Extracted
HEL1OS,20240524,0,0.0,Verified Extracted
HEL1OS,20240526,0,0.0,Verified Extracted
HEL1OS,20240527,0,0.0,Verified Extracted
HEL1OS,20240528,0,0.0,Verified Extracted
HEL1OS,20240529,0,0.0,Verified Extracted
HEL1OS,20240530,0,0.0,Verified Extracted
HEL1OS,20240531,0,0.0,Verified Extracted
HEL1OS,20240601,0,0.0,Verified Extracted
HEL1OS,20240602,0,0.0,Verified Extracted
HEL1OS,20240603,0,0.0,Verified Extracted
HEL1OS,20240604,0,0.0,Verified Extracted
HEL1OS,20240605,0,0.0,Verified Extracted
HEL1OS,20240606,0,0.0,Verified Extracted
HEL1OS,20240607,0,0.0,Verified Extracted
HEL1OS,20240608,0,0.0,Verified Extracted
HEL1OS,20240609,0,0.0,Verified Extracted
HEL1OS,20240610,0,0.0,Verified Extracted
HEL1OS,20240611,0,0.0,Verified Extracted
HEL1OS,20240612,0,0.0,Verified Extracted
HEL1OS,20240613,0,0.0,Verified Extracted
HEL1OS,20240614,0,0.0,Verified Extracted
HEL1OS,20240615,0,0.0,Verified Extracted
HEL1OS,20240616,0,0.0,Verified Extracted
HEL1OS,20240617,0,0.0,Verified Extracted
HEL1OS,20240618,0,0.0,Verified Extracted
HEL1OS,20240619,0,0.0,Verified Extracted
HEL1OS,20240620,0,0.0,Verified Extracted
HEL1OS,20240621,0,0.0,Verified Extracted
HEL1OS,20240622,0,0.0,Verified Extracted
HEL1OS,20240623,0,0.0,Verified Extracted
HEL1OS,20240624,0,0.0,Verified Extracted
HEL1OS,20240625,0,0.0,Verified Extracted
HEL1OS,20240626,0,0.0,Verified Extracted
HEL1OS,20240627,0,0.0,Verified Extracted
HEL1OS,20240628,0,0.0,Verified Extracted
HEL1OS,20240629,0,0.0,Verified Extracted
HEL1OS,20260507,0,0.0,Verified Extracted
HEL1OS,20260510,0,0.0,Verified Extracted
HEL1OS,20260516,0,0.0,Verified Extracted
HEL1OS,20260517,0,0.0,Verified Extracted
HEL1OS,20260529,0,0.0,Verified Extracted
HEL1OS,20260602,0,0.0,Verified Extracted
HEL1OS,20260603,0,0.0,Verified Extracted
HEL1OS,20260606,0,0.0,Verified Extracted
HEL1OS,20260620,0,0.0,Verified Extracted
HEL1OS,20260621,0,0.0,Verified Extracted
HEL1OS,20260623,0,0.0,Verified Extracted
HEL1OS,20260624,0,0.0,Verified Extracted
HEL1OS,20260625,0,0.0,Verified Extracted
HEL1OS,20260626,0,0.0,Verified Extracted
HEL1OS,20260627,0,0.0,Verified Extracted
HEL1OS,20260628,0,0.0,Verified Extracted
HEL1OS,20260629,0,0.0,Verified Extracted
HEL1OS,20260630,0,0.0,Verified Extracted
HEL1OS,20260701,0,0.0,Verified Extracted
HEL1OS,20260702,0,0.0,Verified Extracted
HEL1OS,20260703,0,0.0,Verified Extracted
HEL1OS,20260704,0,0.0,Verified Extracted
HEL1OS,20260705,0,0.0,Verified Extracted
HEL1OS,20260706,0,0.0,Verified Extracted
HEL1OS,20260707,0,0.0,Verified Extracted
HEL1OS,20260708,0,0.0,Verified Extracted
HEL1OS,20260709,0,0.0,Verified Extracted
HEL1OS,20260710,0,0.0,Verified Extracted
HEL1OS,20260711,0,0.0,Verified Extracted
HEL1OS,20260712,0,0.0,Verified Extracted
HEL1OS,20260713,0,0.0,Verified Extracted
HEL1OS,20260714,0,0.0,Verified Extracted
HEL1OS,20260715,0,0.0,Verified Extracted
HEL1OS,20260716,0,0.0,Verified Extracted
HEL1OS,20260717,0,0.0,Verified Extracted
HEL1OS,20260718,0,0.0,Verified Extracted
HEL1OS,20260719,0,0.0,Verified Extracted
HEL1OS,20260720,0,0.0,Verified Extracted
HEL1OS,20260721,0,0.0,Verified Extracted
HEL1OS,20260722,0,0.0,Verified Extracted
HEL1OS,20260723,0,0.0,Verified Extracted
HEL1OS,20260724,0,0.0,Verified Extracted
HEL1OS,20260725,0,0.0,Verified Extracted
HEL1OS,20260726,0,0.0,Verified Extracted
HEL1OS,20260727,0,0.0,Verified Extracted
HEL1OS,20260728,0,0.0,Verified Extracted
HEL1OS,20260729,0,0.0,Verified Extracted
HEL1OS,20260730,0,0.0,Verified Extracted
HEL1OS,20260731,0,0.0,Verified Extracted
HEL1OS,20260801,0,0.0,Verified Extracted
HEL1OS,20260802,0,0.0,Verified Extracted
HEL1OS,20260803,0,0.0,Verified Extracted
HEL1OS,20260804,0,0.0,Verified Extracted
HEL1OS,20260805,0,0.0,Verified Extracted
HEL1OS,20260806,0,0.0,Verified Extracted
HEL1OS,20260807,0,0.0,Verified Extracted
HEL1OS,20260808,0,0.0,Verified Extracted
HEL1OS,20260809,0,0.0,Verified Extracted
HEL1OS,20260810,0,0.0,Verified Extracted
HEL1OS,20260811,0,0.0,Verified Extracted
HEL1OS,20260812,0,0.0,Verified Extracted
HEL1OS,20260813,0,0.0,Verified Extracted
HEL1OS,20260814,0,0.0,Verified Extracted
HEL1OS,20260815,0,0.0,Verified Extracted
HEL1OS,20260817,0,0.0,Verified Extracted
HEL1OS,20260818,0,0.0,Verified Extracted
HEL1OS,20260819,0,0.0,Verified Extracted
HEL1OS,20260820,0,0.0,Verified Extracted
HEL1OS,20260821,0,0.0,Verified Extracted
HEL1OS,20260822,0,0.0,Verified Extracted
HEL1OS,20260823,0,0.0,Verified Extracted
