sample_id,observation_date,window_start,window_end,flare_start_time,flare_peak_time,minutes_until_flare,forecasting_horizon,goes_class,label
0,20260612,2026-06-12 00:00:00,2026-06-12 01:00:00,2026-06-12 01:25:35,2026-06-12 01:40:35,25.6,1h,M5.4,1
1,20260612,2026-06-12 02:00:00,2026-06-12 03:00:00,NONE,NONE,-1.0,NONE,C1.4,0
2,20260612,2026-06-12 04:00:00,2026-06-12 05:00:00,NONE,NONE,-1.0,NONE,C1.3,0
3,20260612,2026-06-12 06:00:00,2026-06-12 07:00:00,NONE,NONE,-1.0,NONE,C3.2,0
4,20260612,2026-06-12 08:00:00,2026-06-12 09:00:00,2026-06-12 09:44:57,2026-06-12 09:59:57,44.95,1h,M5.2,1
5,20260612,2026-06-12 10:00:00,2026-06-12 11:00:00,NONE,NONE,-1.0,NONE,C2.3,0
6,20260612,2026-06-12 12:00:00,2026-06-12 13:00:00,NONE,NONE,-1.0,NONE,C4.5,0
7,20260612,2026-06-12 14:00:00,2026-06-12 15:00:00,NONE,NONE,-1.0,NONE,C3.5,0
8,20260612,2026-06-12 16:00:00,2026-06-12 17:00:00,2026-06-12 17:32:02,2026-06-12 17:47:02,32.04,1h,M3.2,1
9,20260612,2026-06-12 18:00:00,2026-06-12 19:00:00,NONE,NONE,-1.0,NONE,C4.1,0
10,20260612,2026-06-12 20:00:00,2026-06-12 21:00:00,NONE,NONE,-1.0,NONE,C1.7,0
11,20260612,2026-06-12 22:00:00,2026-06-12 23:00:00,NONE,NONE,-1.0,NONE,C4.4,0
12,20240529,2024-05-29 00:00:00,2024-05-29 01:00:00,2024-05-29 01:27:03,2024-05-29 01:42:03,27.05,1h,M3.4,1
13,20240529,2024-05-29 02:00:00,2024-05-29 03:00:00,NONE,NONE,-1.0,NONE,C1.1,0
14,20240529,2024-05-29 04:00:00,2024-05-29 05:00:00,NONE,NONE,-1.0,NONE,C3.2,0
15,20240529,2024-05-29 06:00:00,2024-05-29 07:00:00,NONE,NONE,-1.0,NONE,C1.7,0
16,20240529,2024-05-29 08:00:00,2024-05-29 09:00:00,2024-05-29 09:27:22,2024-05-29 09:42:22,27.38,1h,M7.8,1
17,20240529,2024-05-29 10:00:00,2024-05-29 11:00:00,NONE,NONE,-1.0,NONE,C4.7,0
18,20240529,2024-05-29 12:00:00,2024-05-29 13:00:00,NONE,NONE,-1.0,NONE,C2.2,0
19,20240529,2024-05-29 14:00:00,2024-05-29 15:00:00,NONE,NONE,-1.0,NONE,C4.4,0
20,20240529,2024-05-29 16:00:00,2024-05-29 17:00:00,2024-05-29 17:09:05,2024-05-29 17:24:05,9.09,1h,M2.8,1
21,20240529,2024-05-29 18:00:00,2024-05-29 19:00:00,NONE,NONE,-1.0,NONE,C3.8,0
22,20240529,2024-05-29 20:00:00,2024-05-29 21:00:00,NONE,NONE,-1.0,NONE,C4.2,0
23,20240529,2024-05-29 22:00:00,2024-05-29 23:00:00,NONE,NONE,-1.0,NONE,C2.8,0
24,20240528,2024-05-28 00:00:00,2024-05-28 01:00:00,2024-05-28 01:25:53,2024-05-28 01:40:53,25.89,1h,M8.4,1
25,20240528,2024-05-28 02:00:00,2024-05-28 03:00:00,NONE,NONE,-1.0,NONE,C2.8,0
26,20240528,2024-05-28 04:00:00,2024-05-28 05:00:00,NONE,NONE,-1.0,NONE,C4.5,0
27,20240528,2024-05-28 06:00:00,2024-05-28 07:00:00,NONE,NONE,-1.0,NONE,C4.0,0
28,20240528,2024-05-28 08:00:00,2024-05-28 09:00:00,2024-05-28 09:32:59,2024-05-28 09:47:59,33.0,1h,M6.1,1
29,20240528,2024-05-28 10:00:00,2024-05-28 11:00:00,NONE,NONE,-1.0,NONE,C1.2,0
30,20240528,2024-05-28 12:00:00,2024-05-28 13:00:00,NONE,NONE,-1.0,NONE,C1.0,0
31,20240528,2024-05-28 14:00:00,2024-05-28 15:00:00,NONE,NONE,-1.0,NONE,C4.1,0
32,20240528,2024-05-28 16:00:00,2024-05-28 17:00:00,2024-05-28 17:22:34,2024-05-28 17:37:34,22.57,1h,M7.8,1
33,20240528,2024-05-28 18:00:00,2024-05-28 19:00:00,NONE,NONE,-1.0,NONE,C3.4,0
34,20240528,2024-05-28 20:00:00,2024-05-28 21:00:00,NONE,NONE,-1.0,NONE,C4.6,0
35,20240528,2024-05-28 22:00:00,2024-05-28 23:00:00,NONE,NONE,-1.0,NONE,C2.2,0
36,20260518,2026-05-18 00:00:00,2026-05-18 01:00:00,2026-05-18 01:32:40,2026-05-18 01:47:40,32.67,1h,M3.2,1
37,20260518,2026-05-18 02:00:00,2026-05-18 03:00:00,NONE,NONE,-1.0,NONE,C3.6,0
38,20260518,2026-05-18 04:00:00,2026-05-18 05:00:00,NONE,NONE,-1.0,NONE,C2.4,0
39,20260518,2026-05-18 06:00:00,2026-05-18 07:00:00,NONE,NONE,-1.0,NONE,C2.8,0
40,20260518,2026-05-18 08:00:00,2026-05-18 09:00:00,2026-05-18 09:19:09,2026-05-18 09:34:09,19.16,1h,M1.4,1
41,20260518,2026-05-18 10:00:00,2026-05-18 11:00:00,NONE,NONE,-1.0,NONE,C3.3,0
42,20260518,2026-05-18 12:00:00,2026-05-18 13:00:00,NONE,NONE,-1.0,NONE,C2.0,0
43,20260518,2026-05-18 14:00:00,2026-05-18 15:00:00,NONE,NONE,-1.0,NONE,C2.1,0
44,20260518,2026-05-18 16:00:00,2026-05-18 17:00:00,2026-05-18 17:13:09,2026-05-18 17:28:09,13.15,1h,M1.4,1
45,20260518,2026-05-18 18:00:00,2026-05-18 19:00:00,NONE,NONE,-1.0,NONE,C2.8,0
46,20260518,2026-05-18 20:00:00,2026-05-18 21:00:00,NONE,NONE,-1.0,NONE,C3.3,0
47,20260518,2026-05-18 22:00:00,2026-05-18 23:00:00,NONE,NONE,-1.0,NONE,C4.3,0
48,20260618,2026-06-18 00:00:00,2026-06-18 01:00:00,2026-06-18 01:19:11,2026-06-18 01:34:11,19.19,1h,M6.3,1
49,20260618,2026-06-18 02:00:00,2026-06-18 03:00:00,NONE,NONE,-1.0,NONE,C1.1,0
50,20260618,2026-06-18 04:00:00,2026-06-18 05:00:00,NONE,NONE,-1.0,NONE,C1.8,0
51,20260618,2026-06-18 06:00:00,2026-06-18 07:00:00,NONE,NONE,-1.0,NONE,C1.4,0
52,20260618,2026-06-18 08:00:00,2026-06-18 09:00:00,2026-06-18 09:52:19,2026-06-18 10:07:19,52.32,1h,M4.8,1
53,20260618,2026-06-18 10:00:00,2026-06-18 11:00:00,NONE,NONE,-1.0,NONE,C3.1,0
54,20260618,2026-06-18 12:00:00,2026-06-18 13:00:00,NONE,NONE,-1.0,NONE,C4.6,0
55,20260618,2026-06-18 14:00:00,2026-06-18 15:00:00,NONE,NONE,-1.0,NONE,C3.8,0
56,20260618,2026-06-18 16:00:00,2026-06-18 17:00:00,2026-06-18 17:56:40,2026-06-18 18:11:40,56.67,1h,M4.1,1
57,20260618,2026-06-18 18:00:00,2026-06-18 19:00:00,NONE,NONE,-1.0,NONE,C3.1,0
58,20260618,2026-06-18 20:00:00,2026-06-18 21:00:00,NONE,NONE,-1.0,NONE,C1.3,0
59,20260618,2026-06-18 22:00:00,2026-06-18 23:00:00,NONE,NONE,-1.0,NONE,C4.8,0
60,20260603,2026-06-03 00:00:00,2026-06-03 01:00:00,2026-06-03 01:11:38,2026-06-03 01:26:38,11.64,1h,M4.3,1
61,20260603,2026-06-03 02:00:00,2026-06-03 03:00:00,NONE,NONE,-1.0,NONE,C1.5,0
62,20260603,2026-06-03 04:00:00,2026-06-03 05:00:00,NONE,NONE,-1.0,NONE,C2.4,0
63,20260603,2026-06-03 06:00:00,2026-06-03 07:00:00,NONE,NONE,-1.0,NONE,C3.7,0
64,20260603,2026-06-03 08:00:00,2026-06-03 09:00:00,2026-06-03 09:28:45,2026-06-03 09:43:45,28.76,1h,M1.4,1
65,20260603,2026-06-03 10:00:00,2026-06-03 11:00:00,NONE,NONE,-1.0,NONE,C2.8,0
66,20260603,2026-06-03 12:00:00,2026-06-03 13:00:00,NONE,NONE,-1.0,NONE,C2.3,0
67,20260603,2026-06-03 14:00:00,2026-06-03 15:00:00,NONE,NONE,-1.0,NONE,C1.4,0
68,20260603,2026-06-03 16:00:00,2026-06-03 17:00:00,2026-06-03 17:16:48,2026-06-03 17:31:48,16.82,1h,M7.1,1
69,20260603,2026-06-03 18:00:00,2026-06-03 19:00:00,NONE,NONE,-1.0,NONE,C4.3,0
70,20260603,2026-06-03 20:00:00,2026-06-03 21:00:00,NONE,NONE,-1.0,NONE,C3.8,0
71,20260603,2026-06-03 22:00:00,2026-06-03 23:00:00,NONE,NONE,-1.0,NONE,C3.0,0
72,20240531,2024-05-31 00:00:00,2024-05-31 01:00:00,2024-05-31 01:48:57,2024-05-31 02:03:57,48.95,1h,M8.2,1
73,20240531,2024-05-31 02:00:00,2024-05-31 03:00:00,NONE,NONE,-1.0,NONE,C4.1,0
74,20240531,2024-05-31 04:00:00,2024-05-31 05:00:00,NONE,NONE,-1.0,NONE,C4.1,0
75,20240531,2024-05-31 06:00:00,2024-05-31 07:00:00,NONE,NONE,-1.0,NONE,C1.0,0
76,20240531,2024-05-31 08:00:00,2024-05-31 09:00:00,2024-05-31 09:17:39,2024-05-31 09:32:39,17.65,1h,M7.2,1
77,20240531,2024-05-31 10:00:00,2024-05-31 11:00:00,NONE,NONE,-1.0,NONE,C2.1,0
78,20240531,2024-05-31 12:00:00,2024-05-31 13:00:00,NONE,NONE,-1.0,NONE,C3.5,0
79,20240531,2024-05-31 14:00:00,2024-05-31 15:00:00,NONE,NONE,-1.0,NONE,C2.5,0
80,20240531,2024-05-31 16:00:00,2024-05-31 17:00:00,2024-05-31 17:16:24,2024-05-31 17:31:24,16.41,1h,M6.8,1
81,20240531,2024-05-31 18:00:00,2024-05-31 19:00:00,NONE,NONE,-1.0,NONE,C3.2,0
82,20240531,2024-05-31 20:00:00,2024-05-31 21:00:00,NONE,NONE,-1.0,NONE,C3.3,0
83,20240531,2024-05-31 22:00:00,2024-05-31 23:00:00,NONE,NONE,-1.0,NONE,C1.5,0
84,20260629,2026-06-29 00:00:00,2026-06-29 01:00:00,2026-06-29 01:13:47,2026-06-29 01:28:47,13.79,1h,M1.3,1
85,20260629,2026-06-29 02:00:00,2026-06-29 03:00:00,NONE,NONE,-1.0,NONE,C3.0,0
86,20260629,2026-06-29 04:00:00,2026-06-29 05:00:00,NONE,NONE,-1.0,NONE,C2.1,0
87,20260629,2026-06-29 06:00:00,2026-06-29 07:00:00,NONE,NONE,-1.0,NONE,C3.0,0
88,20260629,2026-06-29 08:00:00,2026-06-29 09:00:00,2026-06-29 09:16:24,2026-06-29 09:31:24,16.41,1h,M6.0,1
89,20260629,2026-06-29 10:00:00,2026-06-29 11:00:00,NONE,NONE,-1.0,NONE,C4.7,0
90,20260629,2026-06-29 12:00:00,2026-06-29 13:00:00,NONE,NONE,-1.0,NONE,C2.5,0
91,20260629,2026-06-29 14:00:00,2026-06-29 15:00:00,NONE,NONE,-1.0,NONE,C4.0,0
92,20260629,2026-06-29 16:00:00,2026-06-29 17:00:00,2026-06-29 17:52:37,2026-06-29 18:07:37,52.63,1h,M3.1,1
93,20260629,2026-06-29 18:00:00,2026-06-29 19:00:00,NONE,NONE,-1.0,NONE,C3.1,0
94,20260629,2026-06-29 20:00:00,2026-06-29 21:00:00,NONE,NONE,-1.0,NONE,C3.3,0
95,20260629,2026-06-29 22:00:00,2026-06-29 23:00:00,NONE,NONE,-1.0,NONE,C4.1,0
96,20260529,2026-05-29 00:00:00,2026-05-29 01:00:00,2026-05-29 01:10:29,2026-05-29 01:25:29,10.5,1h,M5.3,1
97,20260529,2026-05-29 02:00:00,2026-05-29 03:00:00,NONE,NONE,-1.0,NONE,C4.4,0
98,20260529,2026-05-29 04:00:00,2026-05-29 05:00:00,NONE,NONE,-1.0,NONE,C4.8,0
99,20260529,2026-05-29 06:00:00,2026-05-29 07:00:00,NONE,NONE,-1.0,NONE,C2.0,0
100,20260529,2026-05-29 08:00:00,2026-05-29 09:00:00,2026-05-29 09:21:57,2026-05-29 09:36:57,21.97,1h,M5.0,1
101,20260529,2026-05-29 10:00:00,2026-05-29 11:00:00,NONE,NONE,-1.0,NONE,C4.0,0
102,20260529,2026-05-29 12:00:00,2026-05-29 13:00:00,NONE,NONE,-1.0,NONE,C1.7,0
103,20260529,2026-05-29 14:00:00,2026-05-29 15:00:00,NONE,NONE,-1.0,NONE,C1.2,0
104,20260529,2026-05-29 16:00:00,2026-05-29 17:00:00,2026-05-29 17:32:07,2026-05-29 17:47:07,32.12,1h,M5.8,1
105,20260529,2026-05-29 18:00:00,2026-05-29 19:00:00,NONE,NONE,-1.0,NONE,C2.1,0
106,20260529,2026-05-29 20:00:00,2026-05-29 21:00:00,NONE,NONE,-1.0,NONE,C1.0,0
107,20260529,2026-05-29 22:00:00,2026-05-29 23:00:00,NONE,NONE,-1.0,NONE,C2.5,0
108,20260514,2026-05-14 00:00:00,2026-05-14 01:00:00,2026-05-14 01:27:11,2026-05-14 01:42:11,27.2,1h,M6.0,1
109,20260514,2026-05-14 02:00:00,2026-05-14 03:00:00,NONE,NONE,-1.0,NONE,C4.4,0
110,20260514,2026-05-14 04:00:00,2026-05-14 05:00:00,NONE,NONE,-1.0,NONE,C3.5,0
111,20260514,2026-05-14 06:00:00,2026-05-14 07:00:00,NONE,NONE,-1.0,NONE,C2.5,0
112,20260514,2026-05-14 08:00:00,2026-05-14 09:00:00,2026-05-14 09:36:49,2026-05-14 09:51:49,36.83,1h,M4.0,1
113,20260514,2026-05-14 10:00:00,2026-05-14 11:00:00,NONE,NONE,-1.0,NONE,C1.4,0
114,20260514,2026-05-14 12:00:00,2026-05-14 13:00:00,NONE,NONE,-1.0,NONE,C1.7,0
115,20260514,2026-05-14 14:00:00,2026-05-14 15:00:00,NONE,NONE,-1.0,NONE,C4.2,0
116,20260514,2026-05-14 16:00:00,2026-05-14 17:00:00,2026-05-14 17:27:37,2026-05-14 17:42:37,27.62,1h,M2.4,1
117,20260514,2026-05-14 18:00:00,2026-05-14 19:00:00,NONE,NONE,-1.0,NONE,C1.2,0
118,20260514,2026-05-14 20:00:00,2026-05-14 21:00:00,NONE,NONE,-1.0,NONE,C3.2,0
119,20260514,2026-05-14 22:00:00,2026-05-14 23:00:00,NONE,NONE,-1.0,NONE,C3.8,0
120,20240518,2024-05-18 00:00:00,2024-05-18 01:00:00,2024-05-18 01:51:58,2024-05-18 02:06:58,51.97,1h,M7.8,1
121,20240518,2024-05-18 02:00:00,2024-05-18 03:00:00,NONE,NONE,-1.0,NONE,C2.2,0
122,20240518,2024-05-18 04:00:00,2024-05-18 05:00:00,NONE,NONE,-1.0,NONE,C3.5,0
123,20240518,2024-05-18 06:00:00,2024-05-18 07:00:00,NONE,NONE,-1.0,NONE,C1.0,0
124,20240518,2024-05-18 08:00:00,2024-05-18 09:00:00,2024-05-18 09:30:09,2024-05-18 09:45:09,30.15,1h,M5.5,1
125,20240518,2024-05-18 10:00:00,2024-05-18 11:00:00,NONE,NONE,-1.0,NONE,C3.8,0
126,20240518,2024-05-18 12:00:00,2024-05-18 13:00:00,NONE,NONE,-1.0,NONE,C1.4,0
127,20240518,2024-05-18 14:00:00,2024-05-18 15:00:00,NONE,NONE,-1.0,NONE,C2.5,0
128,20240518,2024-05-18 16:00:00,2024-05-18 17:00:00,2024-05-18 17:48:06,2024-05-18 18:03:06,48.1,1h,M3.8,1
129,20240518,2024-05-18 18:00:00,2024-05-18 19:00:00,NONE,NONE,-1.0,NONE,C1.1,0
130,20240518,2024-05-18 20:00:00,2024-05-18 21:00:00,NONE,NONE,-1.0,NONE,C3.6,0
131,20240518,2024-05-18 22:00:00,2024-05-18 23:00:00,NONE,NONE,-1.0,NONE,C4.3,0
132,20260627,2026-06-27 00:00:00,2026-06-27 01:00:00,2026-06-27 01:37:03,2026-06-27 01:52:03,37.05,1h,M5.6,1
133,20260627,2026-06-27 02:00:00,2026-06-27 03:00:00,NONE,NONE,-1.0,NONE,C2.7,0
134,20260627,2026-06-27 04:00:00,2026-06-27 05:00:00,NONE,NONE,-1.0,NONE,C1.1,0
135,20260627,2026-06-27 06:00:00,2026-06-27 07:00:00,NONE,NONE,-1.0,NONE,C3.1,0
136,20260627,2026-06-27 08:00:00,2026-06-27 09:00:00,2026-06-27 09:21:00,2026-06-27 09:36:00,21.02,1h,M6.4,1
137,20260627,2026-06-27 10:00:00,2026-06-27 11:00:00,NONE,NONE,-1.0,NONE,C4.6,0
138,20260627,2026-06-27 12:00:00,2026-06-27 13:00:00,NONE,NONE,-1.0,NONE,C2.1,0
139,20260627,2026-06-27 14:00:00,2026-06-27 15:00:00,NONE,NONE,-1.0,NONE,C2.1,0
140,20260627,2026-06-27 16:00:00,2026-06-27 17:00:00,2026-06-27 17:56:59,2026-06-27 18:11:59,56.99,1h,M5.2,1
141,20260627,2026-06-27 18:00:00,2026-06-27 19:00:00,NONE,NONE,-1.0,NONE,C1.8,0
142,20260627,2026-06-27 20:00:00,2026-06-27 21:00:00,NONE,NONE,-1.0,NONE,C1.3,0
143,20260627,2026-06-27 22:00:00,2026-06-27 23:00:00,NONE,NONE,-1.0,NONE,C4.6,0
144,20260701,2026-07-01 00:00:00,2026-07-01 01:00:00,2026-07-01 01:23:17,2026-07-01 01:38:17,23.29,1h,M3.1,1
145,20260701,2026-07-01 02:00:00,2026-07-01 03:00:00,NONE,NONE,-1.0,NONE,C2.3,0
146,20260701,2026-07-01 04:00:00,2026-07-01 05:00:00,NONE,NONE,-1.0,NONE,C1.1,0
147,20260701,2026-07-01 06:00:00,2026-07-01 07:00:00,NONE,NONE,-1.0,NONE,C2.2,0
148,20260701,2026-07-01 08:00:00,2026-07-01 09:00:00,2026-07-01 09:30:17,2026-07-01 09:45:17,30.29,1h,M1.8,1
149,20260701,2026-07-01 10:00:00,2026-07-01 11:00:00,NONE,NONE,-1.0,NONE,C2.5,0
150,20260701,2026-07-01 12:00:00,2026-07-01 13:00:00,NONE,NONE,-1.0,NONE,C4.4,0
151,20260701,2026-07-01 14:00:00,2026-07-01 15:00:00,NONE,NONE,-1.0,NONE,C3.2,0
152,20260701,2026-07-01 16:00:00,2026-07-01 17:00:00,2026-07-01 17:20:59,2026-07-01 17:35:59,20.99,1h,M3.2,1
153,20260701,2026-07-01 18:00:00,2026-07-01 19:00:00,NONE,NONE,-1.0,NONE,C3.3,0
154,20260701,2026-07-01 20:00:00,2026-07-01 21:00:00,NONE,NONE,-1.0,NONE,C3.2,0
155,20260701,2026-07-01 22:00:00,2026-07-01 23:00:00,NONE,NONE,-1.0,NONE,C2.3,0
156,20260702,2026-07-02 00:00:00,2026-07-02 01:00:00,2026-07-02 01:38:30,2026-07-02 01:53:30,38.51,1h,M4.3,1
157,20260702,2026-07-02 02:00:00,2026-07-02 03:00:00,NONE,NONE,-1.0,NONE,C4.0,0
158,20260702,2026-07-02 04:00:00,2026-07-02 05:00:00,NONE,NONE,-1.0,NONE,C4.3,0
159,20260702,2026-07-02 06:00:00,2026-07-02 07:00:00,NONE,NONE,-1.0,NONE,C1.5,0
160,20260702,2026-07-02 08:00:00,2026-07-02 09:00:00,2026-07-02 09:16:55,2026-07-02 09:31:55,16.93,1h,M8.7,1
161,20260702,2026-07-02 10:00:00,2026-07-02 11:00:00,NONE,NONE,-1.0,NONE,C4.7,0
162,20260702,2026-07-02 12:00:00,2026-07-02 13:00:00,NONE,NONE,-1.0,NONE,C3.8,0
163,20260702,2026-07-02 14:00:00,2026-07-02 15:00:00,NONE,NONE,-1.0,NONE,C3.7,0
164,20260702,2026-07-02 16:00:00,2026-07-02 17:00:00,2026-07-02 17:20:17,2026-07-02 17:35:17,20.29,1h,M2.6,1
165,20260702,2026-07-02 18:00:00,2026-07-02 19:00:00,NONE,NONE,-1.0,NONE,C1.4,0
166,20260702,2026-07-02 20:00:00,2026-07-02 21:00:00,NONE,NONE,-1.0,NONE,C3.3,0
167,20260702,2026-07-02 22:00:00,2026-07-02 23:00:00,NONE,NONE,-1.0,NONE,C2.8,0
168,20260511,2026-05-11 00:00:00,2026-05-11 01:00:00,2026-05-11 01:31:10,2026-05-11 01:46:10,31.17,1h,M2.5,1
169,20260511,2026-05-11 02:00:00,2026-05-11 03:00:00,NONE,NONE,-1.0,NONE,C4.5,0
170,20260511,2026-05-11 04:00:00,2026-05-11 05:00:00,NONE,NONE,-1.0,NONE,C2.5,0
171,20260511,2026-05-11 06:00:00,2026-05-11 07:00:00,NONE,NONE,-1.0,NONE,C2.2,0
172,20260511,2026-05-11 08:00:00,2026-05-11 09:00:00,2026-05-11 09:19:43,2026-05-11 09:34:43,19.72,1h,M6.6,1
173,20260511,2026-05-11 10:00:00,2026-05-11 11:00:00,NONE,NONE,-1.0,NONE,C4.6,0
174,20260511,2026-05-11 12:00:00,2026-05-11 13:00:00,NONE,NONE,-1.0,NONE,C1.5,0
175,20260511,2026-05-11 14:00:00,2026-05-11 15:00:00,NONE,NONE,-1.0,NONE,C2.6,0
176,20260511,2026-05-11 16:00:00,2026-05-11 17:00:00,2026-05-11 17:34:11,2026-05-11 17:49:11,34.19,1h,M8.3,1
177,20260511,2026-05-11 18:00:00,2026-05-11 19:00:00,NONE,NONE,-1.0,NONE,C4.0,0
178,20260511,2026-05-11 20:00:00,2026-05-11 21:00:00,NONE,NONE,-1.0,NONE,C1.1,0
179,20260511,2026-05-11 22:00:00,2026-05-11 23:00:00,NONE,NONE,-1.0,NONE,C4.8,0
180,20240520,2024-05-20 00:00:00,2024-05-20 01:00:00,2024-05-20 01:36:31,2024-05-20 01:51:31,36.52,1h,M8.8,1
181,20240520,2024-05-20 02:00:00,2024-05-20 03:00:00,NONE,NONE,-1.0,NONE,C1.6,0
182,20240520,2024-05-20 04:00:00,2024-05-20 05:00:00,NONE,NONE,-1.0,NONE,C3.4,0
183,20240520,2024-05-20 06:00:00,2024-05-20 07:00:00,NONE,NONE,-1.0,NONE,C4.5,0
184,20240520,2024-05-20 08:00:00,2024-05-20 09:00:00,2024-05-20 09:05:26,2024-05-20 09:20:26,5.45,1h,M3.6,1
185,20240520,2024-05-20 10:00:00,2024-05-20 11:00:00,NONE,NONE,-1.0,NONE,C4.0,0
186,20240520,2024-05-20 12:00:00,2024-05-20 13:00:00,NONE,NONE,-1.0,NONE,C2.0,0
187,20240520,2024-05-20 14:00:00,2024-05-20 15:00:00,NONE,NONE,-1.0,NONE,C1.6,0
188,20240520,2024-05-20 16:00:00,2024-05-20 17:00:00,2024-05-20 17:10:08,2024-05-20 17:25:08,10.14,1h,M1.2,1
189,20240520,2024-05-20 18:00:00,2024-05-20 19:00:00,NONE,NONE,-1.0,NONE,C4.2,0
190,20240520,2024-05-20 20:00:00,2024-05-20 21:00:00,NONE,NONE,-1.0,NONE,C4.3,0
191,20240520,2024-05-20 22:00:00,2024-05-20 23:00:00,NONE,NONE,-1.0,NONE,C1.2,0
192,20260508,2026-05-08 00:00:00,2026-05-08 01:00:00,2026-05-08 01:53:10,2026-05-08 02:08:10,53.17,1h,M2.0,1
193,20260508,2026-05-08 02:00:00,2026-05-08 03:00:00,NONE,NONE,-1.0,NONE,C1.8,0
194,20260508,2026-05-08 04:00:00,2026-05-08 05:00:00,NONE,NONE,-1.0,NONE,C3.4,0
195,20260508,2026-05-08 06:00:00,2026-05-08 07:00:00,NONE,NONE,-1.0,NONE,C4.1,0
196,20260508,2026-05-08 08:00:00,2026-05-08 09:00:00,2026-05-08 09:52:59,2026-05-08 10:07:59,52.99,1h,M7.5,1
197,20260508,2026-05-08 10:00:00,2026-05-08 11:00:00,NONE,NONE,-1.0,NONE,C1.3,0
198,20260508,2026-05-08 12:00:00,2026-05-08 13:00:00,NONE,NONE,-1.0,NONE,C2.7,0
199,20260508,2026-05-08 14:00:00,2026-05-08 15:00:00,NONE,NONE,-1.0,NONE,C4.5,0
200,20260508,2026-05-08 16:00:00,2026-05-08 17:00:00,2026-05-08 17:42:51,2026-05-08 17:57:51,42.85,1h,M8.7,1
201,20260508,2026-05-08 18:00:00,2026-05-08 19:00:00,NONE,NONE,-1.0,NONE,C3.0,0
202,20260508,2026-05-08 20:00:00,2026-05-08 21:00:00,NONE,NONE,-1.0,NONE,C3.2,0
203,20260508,2026-05-08 22:00:00,2026-05-08 23:00:00,NONE,NONE,-1.0,NONE,C4.8,0
204,20260613,2026-06-13 00:00:00,2026-06-13 01:00:00,2026-06-13 01:34:57,2026-06-13 01:49:57,34.96,1h,M5.8,1
205,20260613,2026-06-13 02:00:00,2026-06-13 03:00:00,NONE,NONE,-1.0,NONE,C3.2,0
206,20260613,2026-06-13 04:00:00,2026-06-13 05:00:00,NONE,NONE,-1.0,NONE,C3.4,0
207,20260613,2026-06-13 06:00:00,2026-06-13 07:00:00,NONE,NONE,-1.0,NONE,C1.8,0
208,20260613,2026-06-13 08:00:00,2026-06-13 09:00:00,2026-06-13 09:46:35,2026-06-13 10:01:35,46.6,1h,M5.5,1
209,20260613,2026-06-13 10:00:00,2026-06-13 11:00:00,NONE,NONE,-1.0,NONE,C2.2,0
210,20260613,2026-06-13 12:00:00,2026-06-13 13:00:00,NONE,NONE,-1.0,NONE,C3.7,0
211,20260613,2026-06-13 14:00:00,2026-06-13 15:00:00,NONE,NONE,-1.0,NONE,C4.8,0
212,20260613,2026-06-13 16:00:00,2026-06-13 17:00:00,2026-06-13 17:17:18,2026-06-13 17:32:18,17.31,1h,M1.4,1
213,20260613,2026-06-13 18:00:00,2026-06-13 19:00:00,NONE,NONE,-1.0,NONE,C4.3,0
214,20260613,2026-06-13 20:00:00,2026-06-13 21:00:00,NONE,NONE,-1.0,NONE,C2.3,0
215,20260613,2026-06-13 22:00:00,2026-06-13 23:00:00,NONE,NONE,-1.0,NONE,C2.7,0
216,20260512,2026-05-12 00:00:00,2026-05-12 01:00:00,2026-05-12 01:16:18,2026-05-12 01:31:18,16.31,1h,M4.5,1
217,20260512,2026-05-12 02:00:00,2026-05-12 03:00:00,NONE,NONE,-1.0,NONE,C4.2,0
218,20260512,2026-05-12 04:00:00,2026-05-12 05:00:00,NONE,NONE,-1.0,NONE,C4.3,0
219,20260512,2026-05-12 06:00:00,2026-05-12 07:00:00,NONE,NONE,-1.0,NONE,C4.6,0
220,20260512,2026-05-12 08:00:00,2026-05-12 09:00:00,2026-05-12 09:32:14,2026-05-12 09:47:14,32.25,1h,M5.2,1
221,20260512,2026-05-12 10:00:00,2026-05-12 11:00:00,NONE,NONE,-1.0,NONE,C4.4,0
222,20260512,2026-05-12 12:00:00,2026-05-12 13:00:00,NONE,NONE,-1.0,NONE,C4.5,0
223,20260512,2026-05-12 14:00:00,2026-05-12 15:00:00,NONE,NONE,-1.0,NONE,C4.2,0
224,20260512,2026-05-12 16:00:00,2026-05-12 17:00:00,2026-05-12 17:46:36,2026-05-12 18:01:36,46.61,1h,M5.0,1
225,20260512,2026-05-12 18:00:00,2026-05-12 19:00:00,NONE,NONE,-1.0,NONE,C3.2,0
226,20260512,2026-05-12 20:00:00,2026-05-12 21:00:00,NONE,NONE,-1.0,NONE,C2.8,0
227,20260512,2026-05-12 22:00:00,2026-05-12 23:00:00,NONE,NONE,-1.0,NONE,C2.3,0
228,20260519,2026-05-19 00:00:00,2026-05-19 01:00:00,2026-05-19 01:11:35,2026-05-19 01:26:35,11.59,1h,M2.5,1
229,20260519,2026-05-19 02:00:00,2026-05-19 03:00:00,NONE,NONE,-1.0,NONE,C2.7,0
230,20260519,2026-05-19 04:00:00,2026-05-19 05:00:00,NONE,NONE,-1.0,NONE,C3.4,0
231,20260519,2026-05-19 06:00:00,2026-05-19 07:00:00,NONE,NONE,-1.0,NONE,C3.4,0
232,20260519,2026-05-19 08:00:00,2026-05-19 09:00:00,2026-05-19 09:27:28,2026-05-19 09:42:28,27.47,1h,M1.2,1
233,20260519,2026-05-19 10:00:00,2026-05-19 11:00:00,NONE,NONE,-1.0,NONE,C2.2,0
234,20260519,2026-05-19 12:00:00,2026-05-19 13:00:00,NONE,NONE,-1.0,NONE,C3.8,0
235,20260519,2026-05-19 14:00:00,2026-05-19 15:00:00,NONE,NONE,-1.0,NONE,C1.7,0
236,20260519,2026-05-19 16:00:00,2026-05-19 17:00:00,2026-05-19 17:19:20,2026-05-19 17:34:20,19.34,1h,M8.3,1
237,20260519,2026-05-19 18:00:00,2026-05-19 19:00:00,NONE,NONE,-1.0,NONE,C4.4,0
238,20260519,2026-05-19 20:00:00,2026-05-19 21:00:00,NONE,NONE,-1.0,NONE,C1.8,0
239,20260519,2026-05-19 22:00:00,2026-05-19 23:00:00,NONE,NONE,-1.0,NONE,C2.4,0
240,20260620,2026-06-20 00:00:00,2026-06-20 01:00:00,2026-06-20 01:12:42,2026-06-20 01:27:42,12.71,1h,M8.8,1
241,20260620,2026-06-20 02:00:00,2026-06-20 03:00:00,NONE,NONE,-1.0,NONE,C2.7,0
242,20260620,2026-06-20 04:00:00,2026-06-20 05:00:00,NONE,NONE,-1.0,NONE,C4.8,0
243,20260620,2026-06-20 06:00:00,2026-06-20 07:00:00,NONE,NONE,-1.0,NONE,C2.5,0
244,20260620,2026-06-20 08:00:00,2026-06-20 09:00:00,2026-06-20 09:27:02,2026-06-20 09:42:02,27.04,1h,M5.7,1
245,20260620,2026-06-20 10:00:00,2026-06-20 11:00:00,NONE,NONE,-1.0,NONE,C4.3,0
246,20260620,2026-06-20 12:00:00,2026-06-20 13:00:00,NONE,NONE,-1.0,NONE,C2.7,0
247,20260620,2026-06-20 14:00:00,2026-06-20 15:00:00,NONE,NONE,-1.0,NONE,C2.4,0
248,20260620,2026-06-20 16:00:00,2026-06-20 17:00:00,2026-06-20 17:33:22,2026-06-20 17:48:22,33.37,1h,M1.6,1
249,20260620,2026-06-20 18:00:00,2026-06-20 19:00:00,NONE,NONE,-1.0,NONE,C3.8,0
250,20260620,2026-06-20 20:00:00,2026-06-20 21:00:00,NONE,NONE,-1.0,NONE,C4.5,0
251,20260620,2026-06-20 22:00:00,2026-06-20 23:00:00,NONE,NONE,-1.0,NONE,C1.3,0
252,20240523,2024-05-23 00:00:00,2024-05-23 01:00:00,2024-05-23 01:48:25,2024-05-23 02:03:25,48.42,1h,M5.3,1
253,20240523,2024-05-23 02:00:00,2024-05-23 03:00:00,NONE,NONE,-1.0,NONE,C2.4,0
254,20240523,2024-05-23 04:00:00,2024-05-23 05:00:00,NONE,NONE,-1.0,NONE,C3.4,0
255,20240523,2024-05-23 06:00:00,2024-05-23 07:00:00,NONE,NONE,-1.0,NONE,C4.2,0
256,20240523,2024-05-23 08:00:00,2024-05-23 09:00:00,2024-05-23 09:54:31,2024-05-23 10:09:31,54.52,1h,M3.1,1
257,20240523,2024-05-23 10:00:00,2024-05-23 11:00:00,NONE,NONE,-1.0,NONE,C2.2,0
258,20240523,2024-05-23 12:00:00,2024-05-23 13:00:00,NONE,NONE,-1.0,NONE,C1.1,0
259,20240523,2024-05-23 14:00:00,2024-05-23 15:00:00,NONE,NONE,-1.0,NONE,C4.1,0
260,20240523,2024-05-23 16:00:00,2024-05-23 17:00:00,2024-05-23 17:53:39,2024-05-23 18:08:39,53.65,1h,M2.4,1
261,20240523,2024-05-23 18:00:00,2024-05-23 19:00:00,NONE,NONE,-1.0,NONE,C4.3,0
262,20240523,2024-05-23 20:00:00,2024-05-23 21:00:00,NONE,NONE,-1.0,NONE,C2.1,0
263,20240523,2024-05-23 22:00:00,2024-05-23 23:00:00,NONE,NONE,-1.0,NONE,C2.5,0
264,20260703,2026-07-03 00:00:00,2026-07-03 01:00:00,2026-07-03 01:38:18,2026-07-03 01:53:18,38.3,1h,M2.8,1
265,20260703,2026-07-03 02:00:00,2026-07-03 03:00:00,NONE,NONE,-1.0,NONE,C1.6,0
266,20260703,2026-07-03 04:00:00,2026-07-03 05:00:00,NONE,NONE,-1.0,NONE,C1.4,0
267,20260703,2026-07-03 06:00:00,2026-07-03 07:00:00,NONE,NONE,-1.0,NONE,C3.4,0
268,20260703,2026-07-03 08:00:00,2026-07-03 09:00:00,2026-07-03 09:45:24,2026-07-03 10:00:24,45.41,1h,M5.6,1
269,20260703,2026-07-03 10:00:00,2026-07-03 11:00:00,NONE,NONE,-1.0,NONE,C2.1,0
270,20260703,2026-07-03 12:00:00,2026-07-03 13:00:00,NONE,NONE,-1.0,NONE,C4.1,0
271,20260703,2026-07-03 14:00:00,2026-07-03 15:00:00,NONE,NONE,-1.0,NONE,C1.6,0
272,20260703,2026-07-03 16:00:00,2026-07-03 17:00:00,2026-07-03 17:21:43,2026-07-03 17:36:43,21.72,1h,M5.1,1
273,20260703,2026-07-03 18:00:00,2026-07-03 19:00:00,NONE,NONE,-1.0,NONE,C3.8,0
274,20260703,2026-07-03 20:00:00,2026-07-03 21:00:00,NONE,NONE,-1.0,NONE,C3.7,0
275,20260703,2026-07-03 22:00:00,2026-07-03 23:00:00,NONE,NONE,-1.0,NONE,C2.2,0
276,20260525,2026-05-25 00:00:00,2026-05-25 01:00:00,2026-05-25 01:58:49,2026-05-25 02:13:49,58.82,1h,M7.6,1
277,20260525,2026-05-25 02:00:00,2026-05-25 03:00:00,NONE,NONE,-1.0,NONE,C3.6,0
278,20260525,2026-05-25 04:00:00,2026-05-25 05:00:00,NONE,NONE,-1.0,NONE,C1.2,0
279,20260525,2026-05-25 06:00:00,2026-05-25 07:00:00,NONE,NONE,-1.0,NONE,C1.7,0
280,20260525,2026-05-25 08:00:00,2026-05-25 09:00:00,2026-05-25 09:34:28,2026-05-25 09:49:28,34.47,1h,M6.3,1
281,20260525,2026-05-25 10:00:00,2026-05-25 11:00:00,NONE,NONE,-1.0,NONE,C2.7,0
282,20260525,2026-05-25 12:00:00,2026-05-25 13:00:00,NONE,NONE,-1.0,NONE,C3.8,0
283,20260525,2026-05-25 14:00:00,2026-05-25 15:00:00,NONE,NONE,-1.0,NONE,C1.8,0
284,20260525,2026-05-25 16:00:00,2026-05-25 17:00:00,2026-05-25 17:24:18,2026-05-25 17:39:18,24.31,1h,M2.7,1
285,20260525,2026-05-25 18:00:00,2026-05-25 19:00:00,NONE,NONE,-1.0,NONE,C4.6,0
286,20260525,2026-05-25 20:00:00,2026-05-25 21:00:00,NONE,NONE,-1.0,NONE,C1.7,0
287,20260525,2026-05-25 22:00:00,2026-05-25 23:00:00,NONE,NONE,-1.0,NONE,C4.5,0
288,20260521,2026-05-21 00:00:00,2026-05-21 01:00:00,2026-05-21 01:24:28,2026-05-21 01:39:28,24.47,1h,M1.6,1
289,20260521,2026-05-21 02:00:00,2026-05-21 03:00:00,NONE,NONE,-1.0,NONE,C4.0,0
290,20260521,2026-05-21 04:00:00,2026-05-21 05:00:00,NONE,NONE,-1.0,NONE,C2.5,0
291,20260521,2026-05-21 06:00:00,2026-05-21 07:00:00,NONE,NONE,-1.0,NONE,C4.4,0
292,20260521,2026-05-21 08:00:00,2026-05-21 09:00:00,2026-05-21 09:42:42,2026-05-21 09:57:42,42.71,1h,M5.2,1
293,20260521,2026-05-21 10:00:00,2026-05-21 11:00:00,NONE,NONE,-1.0,NONE,C2.6,0
294,20260521,2026-05-21 12:00:00,2026-05-21 13:00:00,NONE,NONE,-1.0,NONE,C3.4,0
295,20260521,2026-05-21 14:00:00,2026-05-21 15:00:00,NONE,NONE,-1.0,NONE,C1.6,0
296,20260521,2026-05-21 16:00:00,2026-05-21 17:00:00,2026-05-21 17:39:50,2026-05-21 17:54:50,39.84,1h,M2.6,1
297,20260521,2026-05-21 18:00:00,2026-05-21 19:00:00,NONE,NONE,-1.0,NONE,C3.5,0
298,20260521,2026-05-21 20:00:00,2026-05-21 21:00:00,NONE,NONE,-1.0,NONE,C3.2,0
299,20260521,2026-05-21 22:00:00,2026-05-21 23:00:00,NONE,NONE,-1.0,NONE,C3.1,0
300,20260610,2026-06-10 00:00:00,2026-06-10 01:00:00,2026-06-10 01:36:08,2026-06-10 01:51:08,36.14,1h,M3.7,1
301,20260610,2026-06-10 02:00:00,2026-06-10 03:00:00,NONE,NONE,-1.0,NONE,C3.5,0
302,20260610,2026-06-10 04:00:00,2026-06-10 05:00:00,NONE,NONE,-1.0,NONE,C2.5,0
303,20260610,2026-06-10 06:00:00,2026-06-10 07:00:00,NONE,NONE,-1.0,NONE,C2.5,0
304,20260610,2026-06-10 08:00:00,2026-06-10 09:00:00,2026-06-10 09:20:33,2026-06-10 09:35:33,20.56,1h,M1.0,1
305,20260610,2026-06-10 10:00:00,2026-06-10 11:00:00,NONE,NONE,-1.0,NONE,C4.8,0
306,20260610,2026-06-10 12:00:00,2026-06-10 13:00:00,NONE,NONE,-1.0,NONE,C3.3,0
307,20260610,2026-06-10 14:00:00,2026-06-10 15:00:00,NONE,NONE,-1.0,NONE,C4.5,0
308,20260610,2026-06-10 16:00:00,2026-06-10 17:00:00,2026-06-10 17:53:23,2026-06-10 18:08:23,53.39,1h,M3.4,1
309,20260610,2026-06-10 18:00:00,2026-06-10 19:00:00,NONE,NONE,-1.0,NONE,C1.6,0
310,20260610,2026-06-10 20:00:00,2026-06-10 21:00:00,NONE,NONE,-1.0,NONE,C1.8,0
311,20260610,2026-06-10 22:00:00,2026-06-10 23:00:00,NONE,NONE,-1.0,NONE,C1.8,0
312,20260515,2026-05-15 00:00:00,2026-05-15 01:00:00,2026-05-15 01:32:50,2026-05-15 01:47:50,32.84,1h,M7.5,1
313,20260515,2026-05-15 02:00:00,2026-05-15 03:00:00,NONE,NONE,-1.0,NONE,C3.0,0
314,20260515,2026-05-15 04:00:00,2026-05-15 05:00:00,NONE,NONE,-1.0,NONE,C2.4,0
315,20260515,2026-05-15 06:00:00,2026-05-15 07:00:00,NONE,NONE,-1.0,NONE,C2.5,0
316,20260515,2026-05-15 08:00:00,2026-05-15 09:00:00,2026-05-15 09:56:39,2026-05-15 10:11:39,56.66,1h,M6.8,1
317,20260515,2026-05-15 10:00:00,2026-05-15 11:00:00,NONE,NONE,-1.0,NONE,C3.8,0
318,20260515,2026-05-15 12:00:00,2026-05-15 13:00:00,NONE,NONE,-1.0,NONE,C4.8,0
319,20260515,2026-05-15 14:00:00,2026-05-15 15:00:00,NONE,NONE,-1.0,NONE,C3.0,0
320,20260515,2026-05-15 16:00:00,2026-05-15 17:00:00,2026-05-15 17:21:40,2026-05-15 17:36:40,21.67,1h,M8.2,1
321,20260515,2026-05-15 18:00:00,2026-05-15 19:00:00,NONE,NONE,-1.0,NONE,C4.7,0
322,20260515,2026-05-15 20:00:00,2026-05-15 21:00:00,NONE,NONE,-1.0,NONE,C3.1,0
323,20260515,2026-05-15 22:00:00,2026-05-15 23:00:00,NONE,NONE,-1.0,NONE,C1.8,0
324,20260611,2026-06-11 00:00:00,2026-06-11 01:00:00,2026-06-11 01:16:53,2026-06-11 01:31:53,16.9,1h,M6.3,1
325,20260611,2026-06-11 02:00:00,2026-06-11 03:00:00,NONE,NONE,-1.0,NONE,C4.2,0
326,20260611,2026-06-11 04:00:00,2026-06-11 05:00:00,NONE,NONE,-1.0,NONE,C2.5,0
327,20260611,2026-06-11 06:00:00,2026-06-11 07:00:00,NONE,NONE,-1.0,NONE,C4.2,0
328,20260611,2026-06-11 08:00:00,2026-06-11 09:00:00,2026-06-11 09:43:06,2026-06-11 09:58:06,43.11,1h,M2.4,1
329,20260611,2026-06-11 10:00:00,2026-06-11 11:00:00,NONE,NONE,-1.0,NONE,C4.8,0
330,20260611,2026-06-11 12:00:00,2026-06-11 13:00:00,NONE,NONE,-1.0,NONE,C4.0,0
331,20260611,2026-06-11 14:00:00,2026-06-11 15:00:00,NONE,NONE,-1.0,NONE,C1.2,0
332,20260611,2026-06-11 16:00:00,2026-06-11 17:00:00,2026-06-11 17:45:35,2026-06-11 18:00:35,45.6,1h,M1.5,1
333,20260611,2026-06-11 18:00:00,2026-06-11 19:00:00,NONE,NONE,-1.0,NONE,C2.7,0
334,20260611,2026-06-11 20:00:00,2026-06-11 21:00:00,NONE,NONE,-1.0,NONE,C3.2,0
335,20260611,2026-06-11 22:00:00,2026-06-11 23:00:00,NONE,NONE,-1.0,NONE,C1.7,0
336,20260607,2026-06-07 00:00:00,2026-06-07 01:00:00,2026-06-07 01:44:46,2026-06-07 01:59:46,44.78,1h,M2.1,1
337,20260607,2026-06-07 02:00:00,2026-06-07 03:00:00,NONE,NONE,-1.0,NONE,C2.4,0
338,20260607,2026-06-07 04:00:00,2026-06-07 05:00:00,NONE,NONE,-1.0,NONE,C4.8,0
339,20260607,2026-06-07 06:00:00,2026-06-07 07:00:00,NONE,NONE,-1.0,NONE,C3.6,0
340,20260607,2026-06-07 08:00:00,2026-06-07 09:00:00,2026-06-07 09:17:27,2026-06-07 09:32:27,17.46,1h,M6.5,1
341,20260607,2026-06-07 10:00:00,2026-06-07 11:00:00,NONE,NONE,-1.0,NONE,C1.1,0
342,20260607,2026-06-07 12:00:00,2026-06-07 13:00:00,NONE,NONE,-1.0,NONE,C1.5,0
343,20260607,2026-06-07 14:00:00,2026-06-07 15:00:00,NONE,NONE,-1.0,NONE,C2.0,0
344,20260607,2026-06-07 16:00:00,2026-06-07 17:00:00,2026-06-07 17:55:38,2026-06-07 18:10:38,55.64,1h,M7.2,1
345,20260607,2026-06-07 18:00:00,2026-06-07 19:00:00,NONE,NONE,-1.0,NONE,C4.5,0
346,20260607,2026-06-07 20:00:00,2026-06-07 21:00:00,NONE,NONE,-1.0,NONE,C2.6,0
347,20260607,2026-06-07 22:00:00,2026-06-07 23:00:00,NONE,NONE,-1.0,NONE,C2.2,0
348,20240519,2024-05-19 00:00:00,2024-05-19 01:00:00,2024-05-19 01:45:50,2024-05-19 02:00:50,45.84,1h,M3.1,1
349,20240519,2024-05-19 02:00:00,2024-05-19 03:00:00,NONE,NONE,-1.0,NONE,C4.2,0
350,20240519,2024-05-19 04:00:00,2024-05-19 05:00:00,NONE,NONE,-1.0,NONE,C4.2,0
351,20240519,2024-05-19 06:00:00,2024-05-19 07:00:00,NONE,NONE,-1.0,NONE,C3.7,0
352,20240519,2024-05-19 08:00:00,2024-05-19 09:00:00,2024-05-19 09:06:20,2024-05-19 09:21:20,6.35,1h,M1.3,1
353,20240519,2024-05-19 10:00:00,2024-05-19 11:00:00,NONE,NONE,-1.0,NONE,C2.6,0
354,20240519,2024-05-19 12:00:00,2024-05-19 13:00:00,NONE,NONE,-1.0,NONE,C2.6,0
355,20240519,2024-05-19 14:00:00,2024-05-19 15:00:00,NONE,NONE,-1.0,NONE,C1.7,0
356,20240519,2024-05-19 16:00:00,2024-05-19 17:00:00,2024-05-19 17:49:37,2024-05-19 18:04:37,49.62,1h,M1.2,1
357,20240519,2024-05-19 18:00:00,2024-05-19 19:00:00,NONE,NONE,-1.0,NONE,C1.4,0
358,20240519,2024-05-19 20:00:00,2024-05-19 21:00:00,NONE,NONE,-1.0,NONE,C4.2,0
359,20240519,2024-05-19 22:00:00,2024-05-19 23:00:00,NONE,NONE,-1.0,NONE,C2.6,0
360,20260704,2026-07-04 00:00:00,2026-07-04 01:00:00,2026-07-04 01:30:15,2026-07-04 01:45:15,30.25,1h,M5.2,1
361,20260704,2026-07-04 02:00:00,2026-07-04 03:00:00,NONE,NONE,-1.0,NONE,C3.7,0
362,20260704,2026-07-04 04:00:00,2026-07-04 05:00:00,NONE,NONE,-1.0,NONE,C4.8,0
363,20260704,2026-07-04 06:00:00,2026-07-04 07:00:00,NONE,NONE,-1.0,NONE,C2.1,0
364,20260704,2026-07-04 08:00:00,2026-07-04 09:00:00,2026-07-04 09:26:22,2026-07-04 09:41:22,26.38,1h,M1.5,1
365,20260704,2026-07-04 10:00:00,2026-07-04 11:00:00,NONE,NONE,-1.0,NONE,C3.3,0
366,20260704,2026-07-04 12:00:00,2026-07-04 13:00:00,NONE,NONE,-1.0,NONE,C1.7,0
367,20260704,2026-07-04 14:00:00,2026-07-04 15:00:00,NONE,NONE,-1.0,NONE,C4.6,0
368,20260704,2026-07-04 16:00:00,2026-07-04 17:00:00,2026-07-04 17:59:45,2026-07-04 18:14:45,59.76,1h,M4.6,1
369,20260704,2026-07-04 18:00:00,2026-07-04 19:00:00,NONE,NONE,-1.0,NONE,C4.0,0
370,20260704,2026-07-04 20:00:00,2026-07-04 21:00:00,NONE,NONE,-1.0,NONE,C2.5,0
371,20260704,2026-07-04 22:00:00,2026-07-04 23:00:00,NONE,NONE,-1.0,NONE,C3.0,0
372,20240517,2024-05-17 00:00:00,2024-05-17 01:00:00,2024-05-17 01:57:42,2024-05-17 02:12:42,57.7,1h,M8.4,1
373,20240517,2024-05-17 02:00:00,2024-05-17 03:00:00,NONE,NONE,-1.0,NONE,C2.8,0
374,20240517,2024-05-17 04:00:00,2024-05-17 05:00:00,NONE,NONE,-1.0,NONE,C1.7,0
375,20240517,2024-05-17 06:00:00,2024-05-17 07:00:00,NONE,NONE,-1.0,NONE,C1.2,0
376,20240517,2024-05-17 08:00:00,2024-05-17 09:00:00,2024-05-17 09:24:41,2024-05-17 09:39:41,24.7,1h,M4.5,1
377,20240517,2024-05-17 10:00:00,2024-05-17 11:00:00,NONE,NONE,-1.0,NONE,C2.6,0
378,20240517,2024-05-17 12:00:00,2024-05-17 13:00:00,NONE,NONE,-1.0,NONE,C3.2,0
379,20240517,2024-05-17 14:00:00,2024-05-17 15:00:00,NONE,NONE,-1.0,NONE,C2.1,0
380,20240517,2024-05-17 16:00:00,2024-05-17 17:00:00,2024-05-17 17:45:56,2024-05-17 18:00:56,45.94,1h,M5.0,1
381,20240517,2024-05-17 18:00:00,2024-05-17 19:00:00,NONE,NONE,-1.0,NONE,C3.6,0
382,20240517,2024-05-17 20:00:00,2024-05-17 21:00:00,NONE,NONE,-1.0,NONE,C2.2,0
383,20240517,2024-05-17 22:00:00,2024-05-17 23:00:00,NONE,NONE,-1.0,NONE,C2.1,0
384,20240530,2024-05-30 00:00:00,2024-05-30 01:00:00,2024-05-30 01:14:07,2024-05-30 01:29:07,14.13,1h,M6.7,1
385,20240530,2024-05-30 02:00:00,2024-05-30 03:00:00,NONE,NONE,-1.0,NONE,C1.6,0
386,20240530,2024-05-30 04:00:00,2024-05-30 05:00:00,NONE,NONE,-1.0,NONE,C2.3,0
387,20240530,2024-05-30 06:00:00,2024-05-30 07:00:00,NONE,NONE,-1.0,NONE,C1.8,0
388,20240530,2024-05-30 08:00:00,2024-05-30 09:00:00,2024-05-30 09:28:11,2024-05-30 09:43:11,28.19,1h,M3.0,1
389,20240530,2024-05-30 10:00:00,2024-05-30 11:00:00,NONE,NONE,-1.0,NONE,C1.3,0
390,20240530,2024-05-30 12:00:00,2024-05-30 13:00:00,NONE,NONE,-1.0,NONE,C1.4,0
391,20240530,2024-05-30 14:00:00,2024-05-30 15:00:00,NONE,NONE,-1.0,NONE,C3.2,0
392,20240530,2024-05-30 16:00:00,2024-05-30 17:00:00,2024-05-30 17:46:31,2024-05-30 18:01:31,46.52,1h,M6.6,1
393,20240530,2024-05-30 18:00:00,2024-05-30 19:00:00,NONE,NONE,-1.0,NONE,C1.7,0
394,20240530,2024-05-30 20:00:00,2024-05-30 21:00:00,NONE,NONE,-1.0,NONE,C4.7,0
395,20240530,2024-05-30 22:00:00,2024-05-30 23:00:00,NONE,NONE,-1.0,NONE,C4.2,0
396,20240521,2024-05-21 00:00:00,2024-05-21 01:00:00,2024-05-21 01:58:36,2024-05-21 02:13:36,58.61,1h,M4.6,1
397,20240521,2024-05-21 02:00:00,2024-05-21 03:00:00,NONE,NONE,-1.0,NONE,C4.6,0
398,20240521,2024-05-21 04:00:00,2024-05-21 05:00:00,NONE,NONE,-1.0,NONE,C3.0,0
399,20240521,2024-05-21 06:00:00,2024-05-21 07:00:00,NONE,NONE,-1.0,NONE,C2.3,0
400,20240521,2024-05-21 08:00:00,2024-05-21 09:00:00,2024-05-21 09:25:24,2024-05-21 09:40:24,25.41,1h,M8.7,1
401,20240521,2024-05-21 10:00:00,2024-05-21 11:00:00,NONE,NONE,-1.0,NONE,C2.8,0
402,20240521,2024-05-21 12:00:00,2024-05-21 13:00:00,NONE,NONE,-1.0,NONE,C3.4,0
403,20240521,2024-05-21 14:00:00,2024-05-21 15:00:00,NONE,NONE,-1.0,NONE,C3.7,0
404,20240521,2024-05-21 16:00:00,2024-05-21 17:00:00,2024-05-21 17:30:32,2024-05-21 17:45:32,30.54,1h,M3.0,1
405,20240521,2024-05-21 18:00:00,2024-05-21 19:00:00,NONE,NONE,-1.0,NONE,C2.8,0
406,20240521,2024-05-21 20:00:00,2024-05-21 21:00:00,NONE,NONE,-1.0,NONE,C3.4,0
407,20240521,2024-05-21 22:00:00,2024-05-21 23:00:00,NONE,NONE,-1.0,NONE,C3.4,0
408,20260530,2026-05-30 00:00:00,2026-05-30 01:00:00,2026-05-30 01:52:25,2026-05-30 02:07:25,52.43,1h,M7.1,1
409,20260530,2026-05-30 02:00:00,2026-05-30 03:00:00,NONE,NONE,-1.0,NONE,C3.6,0
410,20260530,2026-05-30 04:00:00,2026-05-30 05:00:00,NONE,NONE,-1.0,NONE,C3.6,0
411,20260530,2026-05-30 06:00:00,2026-05-30 07:00:00,NONE,NONE,-1.0,NONE,C2.1,0
412,20260530,2026-05-30 08:00:00,2026-05-30 09:00:00,2026-05-30 09:05:46,2026-05-30 09:20:46,5.77,1h,M5.7,1
413,20260530,2026-05-30 10:00:00,2026-05-30 11:00:00,NONE,NONE,-1.0,NONE,C1.2,0
414,20260530,2026-05-30 12:00:00,2026-05-30 13:00:00,NONE,NONE,-1.0,NONE,C4.5,0
415,20260530,2026-05-30 14:00:00,2026-05-30 15:00:00,NONE,NONE,-1.0,NONE,C2.4,0
416,20260530,2026-05-30 16:00:00,2026-05-30 17:00:00,2026-05-30 17:52:14,2026-05-30 18:07:14,52.24,1h,M8.4,1
417,20260530,2026-05-30 18:00:00,2026-05-30 19:00:00,NONE,NONE,-1.0,NONE,C1.0,0
418,20260530,2026-05-30 20:00:00,2026-05-30 21:00:00,NONE,NONE,-1.0,NONE,C1.5,0
419,20260530,2026-05-30 22:00:00,2026-05-30 23:00:00,NONE,NONE,-1.0,NONE,C3.6,0
420,20260516,2026-05-16 00:00:00,2026-05-16 01:00:00,2026-05-16 01:20:19,2026-05-16 01:35:19,20.33,1h,M1.4,1
421,20260516,2026-05-16 02:00:00,2026-05-16 03:00:00,NONE,NONE,-1.0,NONE,C2.2,0
422,20260516,2026-05-16 04:00:00,2026-05-16 05:00:00,NONE,NONE,-1.0,NONE,C1.7,0
423,20260516,2026-05-16 06:00:00,2026-05-16 07:00:00,NONE,NONE,-1.0,NONE,C3.5,0
424,20260516,2026-05-16 08:00:00,2026-05-16 09:00:00,2026-05-16 09:29:25,2026-05-16 09:44:25,29.43,1h,M2.6,1
425,20260516,2026-05-16 10:00:00,2026-05-16 11:00:00,NONE,NONE,-1.0,NONE,C1.7,0
426,20260516,2026-05-16 12:00:00,2026-05-16 13:00:00,NONE,NONE,-1.0,NONE,C3.5,0
427,20260516,2026-05-16 14:00:00,2026-05-16 15:00:00,NONE,NONE,-1.0,NONE,C4.7,0
428,20260516,2026-05-16 16:00:00,2026-05-16 17:00:00,2026-05-16 17:06:03,2026-05-16 17:21:03,6.05,1h,M1.2,1
429,20260516,2026-05-16 18:00:00,2026-05-16 19:00:00,NONE,NONE,-1.0,NONE,C2.6,0
430,20260516,2026-05-16 20:00:00,2026-05-16 21:00:00,NONE,NONE,-1.0,NONE,C2.6,0
431,20260516,2026-05-16 22:00:00,2026-05-16 23:00:00,NONE,NONE,-1.0,NONE,C4.2,0
432,20240524,2024-05-24 00:00:00,2024-05-24 01:00:00,2024-05-24 01:40:01,2024-05-24 01:55:01,40.02,1h,M8.5,1
433,20240524,2024-05-24 02:00:00,2024-05-24 03:00:00,NONE,NONE,-1.0,NONE,C4.1,0
434,20240524,2024-05-24 04:00:00,2024-05-24 05:00:00,NONE,NONE,-1.0,NONE,C4.1,0
435,20240524,2024-05-24 06:00:00,2024-05-24 07:00:00,NONE,NONE,-1.0,NONE,C1.5,0
436,20240524,2024-05-24 08:00:00,2024-05-24 09:00:00,2024-05-24 09:36:01,2024-05-24 09:51:01,36.02,1h,M6.5,1
437,20240524,2024-05-24 10:00:00,2024-05-24 11:00:00,NONE,NONE,-1.0,NONE,C1.4,0
438,20240524,2024-05-24 12:00:00,2024-05-24 13:00:00,NONE,NONE,-1.0,NONE,C1.5,0
439,20240524,2024-05-24 14:00:00,2024-05-24 15:00:00,NONE,NONE,-1.0,NONE,C3.7,0
440,20240524,2024-05-24 16:00:00,2024-05-24 17:00:00,2024-05-24 17:22:11,2024-05-24 17:37:11,22.2,1h,M2.5,1
441,20240524,2024-05-24 18:00:00,2024-05-24 19:00:00,NONE,NONE,-1.0,NONE,C2.0,0
442,20240524,2024-05-24 20:00:00,2024-05-24 21:00:00,NONE,NONE,-1.0,NONE,C4.5,0
443,20240524,2024-05-24 22:00:00,2024-05-24 23:00:00,NONE,NONE,-1.0,NONE,C1.2,0
444,20240526,2024-05-26 00:00:00,2024-05-26 01:00:00,2024-05-26 01:38:45,2024-05-26 01:53:45,38.76,1h,M6.0,1
445,20240526,2024-05-26 02:00:00,2024-05-26 03:00:00,NONE,NONE,-1.0,NONE,C3.2,0
446,20240526,2024-05-26 04:00:00,2024-05-26 05:00:00,NONE,NONE,-1.0,NONE,C3.1,0
447,20240526,2024-05-26 06:00:00,2024-05-26 07:00:00,NONE,NONE,-1.0,NONE,C4.5,0
448,20240526,2024-05-26 08:00:00,2024-05-26 09:00:00,2024-05-26 09:58:23,2024-05-26 10:13:23,58.39,1h,M8.1,1
449,20240526,2024-05-26 10:00:00,2024-05-26 11:00:00,NONE,NONE,-1.0,NONE,C1.0,0
450,20240526,2024-05-26 12:00:00,2024-05-26 13:00:00,NONE,NONE,-1.0,NONE,C1.2,0
451,20240526,2024-05-26 14:00:00,2024-05-26 15:00:00,NONE,NONE,-1.0,NONE,C1.2,0
452,20240526,2024-05-26 16:00:00,2024-05-26 17:00:00,2024-05-26 17:05:25,2024-05-26 17:20:25,5.43,1h,M5.7,1
453,20240526,2024-05-26 18:00:00,2024-05-26 19:00:00,NONE,NONE,-1.0,NONE,C2.6,0
454,20240526,2024-05-26 20:00:00,2024-05-26 21:00:00,NONE,NONE,-1.0,NONE,C3.6,0
455,20240526,2024-05-26 22:00:00,2024-05-26 23:00:00,NONE,NONE,-1.0,NONE,C4.6,0
456,20240514,2024-05-14 00:00:00,2024-05-14 01:00:00,2024-05-14 01:38:36,2024-05-14 01:53:36,38.61,1h,M5.2,1
457,20240514,2024-05-14 02:00:00,2024-05-14 03:00:00,NONE,NONE,-1.0,NONE,C1.4,0
458,20240514,2024-05-14 04:00:00,2024-05-14 05:00:00,NONE,NONE,-1.0,NONE,C1.8,0
459,20240514,2024-05-14 06:00:00,2024-05-14 07:00:00,NONE,NONE,-1.0,NONE,C3.8,0
460,20240514,2024-05-14 08:00:00,2024-05-14 09:00:00,2024-05-14 09:23:24,2024-05-14 09:38:24,23.42,1h,M7.2,1
461,20240514,2024-05-14 10:00:00,2024-05-14 11:00:00,NONE,NONE,-1.0,NONE,C1.1,0
462,20240514,2024-05-14 12:00:00,2024-05-14 13:00:00,NONE,NONE,-1.0,NONE,C1.0,0
463,20240514,2024-05-14 14:00:00,2024-05-14 15:00:00,NONE,NONE,-1.0,NONE,C2.8,0
464,20240514,2024-05-14 16:00:00,2024-05-14 17:00:00,2024-05-14 17:31:04,2024-05-14 17:46:04,31.08,1h,M2.3,1
465,20240514,2024-05-14 18:00:00,2024-05-14 19:00:00,NONE,NONE,-1.0,NONE,C2.3,0
466,20240514,2024-05-14 20:00:00,2024-05-14 21:00:00,NONE,NONE,-1.0,NONE,C2.1,0
467,20240514,2024-05-14 22:00:00,2024-05-14 23:00:00,NONE,NONE,-1.0,NONE,C1.7,0
468,20260520,2026-05-20 00:00:00,2026-05-20 01:00:00,2026-05-20 01:05:34,2026-05-20 01:20:34,5.58,1h,M1.3,1
469,20260520,2026-05-20 02:00:00,2026-05-20 03:00:00,NONE,NONE,-1.0,NONE,C2.5,0
470,20260520,2026-05-20 04:00:00,2026-05-20 05:00:00,NONE,NONE,-1.0,NONE,C2.0,0
471,20260520,2026-05-20 06:00:00,2026-05-20 07:00:00,NONE,NONE,-1.0,NONE,C4.5,0
472,20260520,2026-05-20 08:00:00,2026-05-20 09:00:00,2026-05-20 09:33:29,2026-05-20 09:48:29,33.49,1h,M6.0,1
473,20260520,2026-05-20 10:00:00,2026-05-20 11:00:00,NONE,NONE,-1.0,NONE,C1.8,0
474,20260520,2026-05-20 12:00:00,2026-05-20 13:00:00,NONE,NONE,-1.0,NONE,C1.3,0
475,20260520,2026-05-20 14:00:00,2026-05-20 15:00:00,NONE,NONE,-1.0,NONE,C3.4,0
476,20260520,2026-05-20 16:00:00,2026-05-20 17:00:00,2026-05-20 17:59:42,2026-05-20 18:14:42,59.71,1h,M7.6,1
477,20260520,2026-05-20 18:00:00,2026-05-20 19:00:00,NONE,NONE,-1.0,NONE,C2.7,0
478,20260520,2026-05-20 20:00:00,2026-05-20 21:00:00,NONE,NONE,-1.0,NONE,C3.7,0
479,20260520,2026-05-20 22:00:00,2026-05-20 23:00:00,NONE,NONE,-1.0,NONE,C4.0,0
480,20260602,2026-06-02 00:00:00,2026-06-02 01:00:00,2026-06-02 01:47:30,2026-06-02 02:02:30,47.52,1h,M1.6,1
481,20260602,2026-06-02 02:00:00,2026-06-02 03:00:00,NONE,NONE,-1.0,NONE,C3.2,0
482,20260602,2026-06-02 04:00:00,2026-06-02 05:00:00,NONE,NONE,-1.0,NONE,C3.1,0
483,20260602,2026-06-02 06:00:00,2026-06-02 07:00:00,NONE,NONE,-1.0,NONE,C3.8,0
484,20260602,2026-06-02 08:00:00,2026-06-02 09:00:00,2026-06-02 09:23:13,2026-06-02 09:38:13,23.22,1h,M4.6,1
485,20260602,2026-06-02 10:00:00,2026-06-02 11:00:00,NONE,NONE,-1.0,NONE,C2.2,0
486,20260602,2026-06-02 12:00:00,2026-06-02 13:00:00,NONE,NONE,-1.0,NONE,C2.6,0
487,20260602,2026-06-02 14:00:00,2026-06-02 15:00:00,NONE,NONE,-1.0,NONE,C2.3,0
488,20260602,2026-06-02 16:00:00,2026-06-02 17:00:00,2026-06-02 17:49:11,2026-06-02 18:04:11,49.19,1h,M5.0,1
489,20260602,2026-06-02 18:00:00,2026-06-02 19:00:00,NONE,NONE,-1.0,NONE,C1.8,0
490,20260602,2026-06-02 20:00:00,2026-06-02 21:00:00,NONE,NONE,-1.0,NONE,C4.2,0
491,20260602,2026-06-02 22:00:00,2026-06-02 23:00:00,NONE,NONE,-1.0,NONE,C1.5,0
492,20260524,2026-05-24 00:00:00,2026-05-24 01:00:00,2026-05-24 01:40:25,2026-05-24 01:55:25,40.42,1h,M3.8,1
493,20260524,2026-05-24 02:00:00,2026-05-24 03:00:00,NONE,NONE,-1.0,NONE,C4.0,0
494,20260524,2026-05-24 04:00:00,2026-05-24 05:00:00,NONE,NONE,-1.0,NONE,C2.8,0
495,20260524,2026-05-24 06:00:00,2026-05-24 07:00:00,NONE,NONE,-1.0,NONE,C3.2,0
496,20260524,2026-05-24 08:00:00,2026-05-24 09:00:00,2026-05-24 09:18:57,2026-05-24 09:33:57,18.97,1h,M5.6,1
497,20260524,2026-05-24 10:00:00,2026-05-24 11:00:00,NONE,NONE,-1.0,NONE,C4.1,0
498,20260524,2026-05-24 12:00:00,2026-05-24 13:00:00,NONE,NONE,-1.0,NONE,C3.5,0
499,20260524,2026-05-24 14:00:00,2026-05-24 15:00:00,NONE,NONE,-1.0,NONE,C4.4,0
500,20260524,2026-05-24 16:00:00,2026-05-24 17:00:00,2026-05-24 17:30:18,2026-05-24 17:45:18,30.31,1h,M7.5,1
501,20260524,2026-05-24 18:00:00,2026-05-24 19:00:00,NONE,NONE,-1.0,NONE,C1.7,0
502,20260524,2026-05-24 20:00:00,2026-05-24 21:00:00,NONE,NONE,-1.0,NONE,C2.2,0
503,20260524,2026-05-24 22:00:00,2026-05-24 23:00:00,NONE,NONE,-1.0,NONE,C2.3,0
504,20260616,2026-06-16 00:00:00,2026-06-16 01:00:00,2026-06-16 01:08:26,2026-06-16 01:23:26,8.45,1h,M6.5,1
505,20260616,2026-06-16 02:00:00,2026-06-16 03:00:00,NONE,NONE,-1.0,NONE,C4.8,0
506,20260616,2026-06-16 04:00:00,2026-06-16 05:00:00,NONE,NONE,-1.0,NONE,C3.1,0
507,20260616,2026-06-16 06:00:00,2026-06-16 07:00:00,NONE,NONE,-1.0,NONE,C2.3,0
508,20260616,2026-06-16 08:00:00,2026-06-16 09:00:00,2026-06-16 09:10:36,2026-06-16 09:25:36,10.62,1h,M3.3,1
509,20260616,2026-06-16 10:00:00,2026-06-16 11:00:00,NONE,NONE,-1.0,NONE,C4.6,0
510,20260616,2026-06-16 12:00:00,2026-06-16 13:00:00,NONE,NONE,-1.0,NONE,C4.4,0
511,20260616,2026-06-16 14:00:00,2026-06-16 15:00:00,NONE,NONE,-1.0,NONE,C3.3,0
512,20260616,2026-06-16 16:00:00,2026-06-16 17:00:00,2026-06-16 17:33:27,2026-06-16 17:48:27,33.45,1h,M8.8,1
513,20260616,2026-06-16 18:00:00,2026-06-16 19:00:00,NONE,NONE,-1.0,NONE,C2.4,0
514,20260616,2026-06-16 20:00:00,2026-06-16 21:00:00,NONE,NONE,-1.0,NONE,C3.6,0
515,20260616,2026-06-16 22:00:00,2026-06-16 23:00:00,NONE,NONE,-1.0,NONE,C4.0,0
516,20260513,2026-05-13 00:00:00,2026-05-13 01:00:00,2026-05-13 01:35:01,2026-05-13 01:50:01,35.03,1h,M1.4,1
517,20260513,2026-05-13 02:00:00,2026-05-13 03:00:00,NONE,NONE,-1.0,NONE,C2.4,0
518,20260513,2026-05-13 04:00:00,2026-05-13 05:00:00,NONE,NONE,-1.0,NONE,C4.0,0
519,20260513,2026-05-13 06:00:00,2026-05-13 07:00:00,NONE,NONE,-1.0,NONE,C3.0,0
520,20260513,2026-05-13 08:00:00,2026-05-13 09:00:00,2026-05-13 09:44:19,2026-05-13 09:59:19,44.32,1h,M6.7,1
521,20260513,2026-05-13 10:00:00,2026-05-13 11:00:00,NONE,NONE,-1.0,NONE,C4.0,0
522,20260513,2026-05-13 12:00:00,2026-05-13 13:00:00,NONE,NONE,-1.0,NONE,C2.7,0
523,20260513,2026-05-13 14:00:00,2026-05-13 15:00:00,NONE,NONE,-1.0,NONE,C4.3,0
524,20260513,2026-05-13 16:00:00,2026-05-13 17:00:00,2026-05-13 17:39:17,2026-05-13 17:54:17,39.29,1h,M1.2,1
525,20260513,2026-05-13 18:00:00,2026-05-13 19:00:00,NONE,NONE,-1.0,NONE,C4.6,0
526,20260513,2026-05-13 20:00:00,2026-05-13 21:00:00,NONE,NONE,-1.0,NONE,C2.4,0
527,20260513,2026-05-13 22:00:00,2026-05-13 23:00:00,NONE,NONE,-1.0,NONE,C3.2,0
528,20260523,2026-05-23 00:00:00,2026-05-23 01:00:00,2026-05-23 01:50:23,2026-05-23 02:05:23,50.39,1h,M6.6,1
529,20260523,2026-05-23 02:00:00,2026-05-23 03:00:00,NONE,NONE,-1.0,NONE,C1.5,0
530,20260523,2026-05-23 04:00:00,2026-05-23 05:00:00,NONE,NONE,-1.0,NONE,C4.3,0
531,20260523,2026-05-23 06:00:00,2026-05-23 07:00:00,NONE,NONE,-1.0,NONE,C4.3,0
532,20260523,2026-05-23 08:00:00,2026-05-23 09:00:00,2026-05-23 09:57:54,2026-05-23 10:12:54,57.91,1h,M3.1,1
533,20260523,2026-05-23 10:00:00,2026-05-23 11:00:00,NONE,NONE,-1.0,NONE,C4.3,0
534,20260523,2026-05-23 12:00:00,2026-05-23 13:00:00,NONE,NONE,-1.0,NONE,C1.3,0
535,20260523,2026-05-23 14:00:00,2026-05-23 15:00:00,NONE,NONE,-1.0,NONE,C1.3,0
536,20260523,2026-05-23 16:00:00,2026-05-23 17:00:00,2026-05-23 17:53:49,2026-05-23 18:08:49,53.82,1h,M3.1,1
537,20260523,2026-05-23 18:00:00,2026-05-23 19:00:00,NONE,NONE,-1.0,NONE,C4.7,0
538,20260523,2026-05-23 20:00:00,2026-05-23 21:00:00,NONE,NONE,-1.0,NONE,C3.3,0
539,20260523,2026-05-23 22:00:00,2026-05-23 23:00:00,NONE,NONE,-1.0,NONE,C2.5,0
540,20260624,2026-06-24 00:00:00,2026-06-24 01:00:00,2026-06-24 01:16:43,2026-06-24 01:31:43,16.73,1h,M6.6,1
541,20260624,2026-06-24 02:00:00,2026-06-24 03:00:00,NONE,NONE,-1.0,NONE,C1.2,0
542,20260624,2026-06-24 04:00:00,2026-06-24 05:00:00,NONE,NONE,-1.0,NONE,C4.7,0
543,20260624,2026-06-24 06:00:00,2026-06-24 07:00:00,NONE,NONE,-1.0,NONE,C3.5,0
544,20260624,2026-06-24 08:00:00,2026-06-24 09:00:00,2026-06-24 09:50:45,2026-06-24 10:05:45,50.76,1h,M1.3,1
545,20260624,2026-06-24 10:00:00,2026-06-24 11:00:00,NONE,NONE,-1.0,NONE,C4.7,0
546,20260624,2026-06-24 12:00:00,2026-06-24 13:00:00,NONE,NONE,-1.0,NONE,C3.4,0
547,20260624,2026-06-24 14:00:00,2026-06-24 15:00:00,NONE,NONE,-1.0,NONE,C2.6,0
548,20260624,2026-06-24 16:00:00,2026-06-24 17:00:00,2026-06-24 17:06:10,2026-06-24 17:21:10,6.18,1h,M4.4,1
549,20260624,2026-06-24 18:00:00,2026-06-24 19:00:00,NONE,NONE,-1.0,NONE,C4.7,0
550,20260624,2026-06-24 20:00:00,2026-06-24 21:00:00,NONE,NONE,-1.0,NONE,C3.6,0
551,20260624,2026-06-24 22:00:00,2026-06-24 23:00:00,NONE,NONE,-1.0,NONE,C3.2,0
552,20260625,2026-06-25 00:00:00,2026-06-25 01:00:00,2026-06-25 01:30:51,2026-06-25 01:45:51,30.86,1h,M2.7,1
553,20260625,2026-06-25 02:00:00,2026-06-25 03:00:00,NONE,NONE,-1.0,NONE,C4.2,0
554,20260625,2026-06-25 04:00:00,2026-06-25 05:00:00,NONE,NONE,-1.0,NONE,C4.6,0
555,20260625,2026-06-25 06:00:00,2026-06-25 07:00:00,NONE,NONE,-1.0,NONE,C3.8,0
556,20260625,2026-06-25 08:00:00,2026-06-25 09:00:00,2026-06-25 09:37:27,2026-06-25 09:52:27,37.45,1h,M4.8,1
557,20260625,2026-06-25 10:00:00,2026-06-25 11:00:00,NONE,NONE,-1.0,NONE,C4.5,0
558,20260625,2026-06-25 12:00:00,2026-06-25 13:00:00,NONE,NONE,-1.0,NONE,C4.5,0
559,20260625,2026-06-25 14:00:00,2026-06-25 15:00:00,NONE,NONE,-1.0,NONE,C2.2,0
560,20260625,2026-06-25 16:00:00,2026-06-25 17:00:00,2026-06-25 17:35:12,2026-06-25 17:50:12,35.2,1h,M3.8,1
561,20260625,2026-06-25 18:00:00,2026-06-25 19:00:00,NONE,NONE,-1.0,NONE,C4.1,0
562,20260625,2026-06-25 20:00:00,2026-06-25 21:00:00,NONE,NONE,-1.0,NONE,C2.7,0
563,20260625,2026-06-25 22:00:00,2026-06-25 23:00:00,NONE,NONE,-1.0,NONE,C4.3,0
564,20260507,2026-05-07 00:00:00,2026-05-07 01:00:00,2026-05-07 01:18:56,2026-05-07 01:33:56,18.95,1h,M7.0,1
565,20260507,2026-05-07 02:00:00,2026-05-07 03:00:00,NONE,NONE,-1.0,NONE,C1.1,0
566,20260507,2026-05-07 04:00:00,2026-05-07 05:00:00,NONE,NONE,-1.0,NONE,C3.0,0
567,20260507,2026-05-07 06:00:00,2026-05-07 07:00:00,NONE,NONE,-1.0,NONE,C1.0,0
568,20260507,2026-05-07 08:00:00,2026-05-07 09:00:00,2026-05-07 09:09:33,2026-05-07 09:24:33,9.57,1h,M4.0,1
569,20260507,2026-05-07 10:00:00,2026-05-07 11:00:00,NONE,NONE,-1.0,NONE,C4.7,0
570,20260507,2026-05-07 12:00:00,2026-05-07 13:00:00,NONE,NONE,-1.0,NONE,C3.5,0
571,20260507,2026-05-07 14:00:00,2026-05-07 15:00:00,NONE,NONE,-1.0,NONE,C4.0,0
572,20260507,2026-05-07 16:00:00,2026-05-07 17:00:00,2026-05-07 17:50:23,2026-05-07 18:05:23,50.38,1h,M7.2,1
573,20260507,2026-05-07 18:00:00,2026-05-07 19:00:00,NONE,NONE,-1.0,NONE,C2.4,0
574,20260507,2026-05-07 20:00:00,2026-05-07 21:00:00,NONE,NONE,-1.0,NONE,C1.5,0
575,20260507,2026-05-07 22:00:00,2026-05-07 23:00:00,NONE,NONE,-1.0,NONE,C1.3,0
576,20240515,2024-05-15 00:00:00,2024-05-15 01:00:00,2024-05-15 01:29:31,2024-05-15 01:44:31,29.53,1h,M4.5,1
577,20240515,2024-05-15 02:00:00,2024-05-15 03:00:00,NONE,NONE,-1.0,NONE,C2.5,0
578,20240515,2024-05-15 04:00:00,2024-05-15 05:00:00,NONE,NONE,-1.0,NONE,C1.6,0
579,20240515,2024-05-15 06:00:00,2024-05-15 07:00:00,NONE,NONE,-1.0,NONE,C1.1,0
580,20240515,2024-05-15 08:00:00,2024-05-15 09:00:00,2024-05-15 09:35:42,2024-05-15 09:50:42,35.71,1h,M1.2,1
581,20240515,2024-05-15 10:00:00,2024-05-15 11:00:00,NONE,NONE,-1.0,NONE,C1.7,0
582,20240515,2024-05-15 12:00:00,2024-05-15 13:00:00,NONE,NONE,-1.0,NONE,C1.2,0
583,20240515,2024-05-15 14:00:00,2024-05-15 15:00:00,NONE,NONE,-1.0,NONE,C1.6,0
584,20240515,2024-05-15 16:00:00,2024-05-15 17:00:00,2024-05-15 17:50:54,2024-05-15 18:05:54,50.91,1h,M4.7,1
585,20240515,2024-05-15 18:00:00,2024-05-15 19:00:00,NONE,NONE,-1.0,NONE,C3.5,0
586,20240515,2024-05-15 20:00:00,2024-05-15 21:00:00,NONE,NONE,-1.0,NONE,C2.2,0
587,20240515,2024-05-15 22:00:00,2024-05-15 23:00:00,NONE,NONE,-1.0,NONE,C4.8,0
588,20260510,2026-05-10 00:00:00,2026-05-10 01:00:00,2026-05-10 01:19:32,2026-05-10 01:34:32,19.54,1h,M3.0,1
589,20260510,2026-05-10 02:00:00,2026-05-10 03:00:00,NONE,NONE,-1.0,NONE,C1.7,0
590,20260510,2026-05-10 04:00:00,2026-05-10 05:00:00,NONE,NONE,-1.0,NONE,C4.3,0
591,20260510,2026-05-10 06:00:00,2026-05-10 07:00:00,NONE,NONE,-1.0,NONE,C3.0,0
592,20260510,2026-05-10 08:00:00,2026-05-10 09:00:00,2026-05-10 09:49:08,2026-05-10 10:04:08,49.14,1h,M7.4,1
593,20260510,2026-05-10 10:00:00,2026-05-10 11:00:00,NONE,NONE,-1.0,NONE,C3.1,0
594,20260510,2026-05-10 12:00:00,2026-05-10 13:00:00,NONE,NONE,-1.0,NONE,C1.6,0
595,20260510,2026-05-10 14:00:00,2026-05-10 15:00:00,NONE,NONE,-1.0,NONE,C2.5,0
596,20260510,2026-05-10 16:00:00,2026-05-10 17:00:00,2026-05-10 17:37:56,2026-05-10 17:52:56,37.94,1h,M6.3,1
597,20260510,2026-05-10 18:00:00,2026-05-10 19:00:00,NONE,NONE,-1.0,NONE,C3.2,0
598,20260510,2026-05-10 20:00:00,2026-05-10 21:00:00,NONE,NONE,-1.0,NONE,C4.5,0
599,20260510,2026-05-10 22:00:00,2026-05-10 23:00:00,NONE,NONE,-1.0,NONE,C3.0,0
600,20260615,2026-06-15 00:00:00,2026-06-15 01:00:00,2026-06-15 01:57:09,2026-06-15 02:12:09,57.16,1h,M8.2,1
601,20260615,2026-06-15 02:00:00,2026-06-15 03:00:00,NONE,NONE,-1.0,NONE,C1.1,0
602,20260615,2026-06-15 04:00:00,2026-06-15 05:00:00,NONE,NONE,-1.0,NONE,C2.0,0
603,20260615,2026-06-15 06:00:00,2026-06-15 07:00:00,NONE,NONE,-1.0,NONE,C4.0,0
604,20260615,2026-06-15 08:00:00,2026-06-15 09:00:00,2026-06-15 09:57:38,2026-06-15 10:12:38,57.64,1h,M6.5,1
605,20260615,2026-06-15 10:00:00,2026-06-15 11:00:00,NONE,NONE,-1.0,NONE,C3.7,0
606,20260615,2026-06-15 12:00:00,2026-06-15 13:00:00,NONE,NONE,-1.0,NONE,C3.5,0
607,20260615,2026-06-15 14:00:00,2026-06-15 15:00:00,NONE,NONE,-1.0,NONE,C2.1,0
608,20260615,2026-06-15 16:00:00,2026-06-15 17:00:00,2026-06-15 17:34:23,2026-06-15 17:49:23,34.39,1h,M2.8,1
609,20260615,2026-06-15 18:00:00,2026-06-15 19:00:00,NONE,NONE,-1.0,NONE,C4.0,0
610,20260615,2026-06-15 20:00:00,2026-06-15 21:00:00,NONE,NONE,-1.0,NONE,C1.0,0
611,20260615,2026-06-15 22:00:00,2026-06-15 23:00:00,NONE,NONE,-1.0,NONE,C2.2,0
612,20260608,2026-06-08 00:00:00,2026-06-08 01:00:00,2026-06-08 01:46:43,2026-06-08 02:01:43,46.73,1h,M1.5,1
613,20260608,2026-06-08 02:00:00,2026-06-08 03:00:00,NONE,NONE,-1.0,NONE,C1.4,0
614,20260608,2026-06-08 04:00:00,2026-06-08 05:00:00,NONE,NONE,-1.0,NONE,C4.5,0
615,20260608,2026-06-08 06:00:00,2026-06-08 07:00:00,NONE,NONE,-1.0,NONE,C4.8,0
616,20260608,2026-06-08 08:00:00,2026-06-08 09:00:00,2026-06-08 09:45:31,2026-06-08 10:00:31,45.52,1h,M3.1,1
617,20260608,2026-06-08 10:00:00,2026-06-08 11:00:00,NONE,NONE,-1.0,NONE,C3.5,0
618,20260608,2026-06-08 12:00:00,2026-06-08 13:00:00,NONE,NONE,-1.0,NONE,C4.4,0
619,20260608,2026-06-08 14:00:00,2026-06-08 15:00:00,NONE,NONE,-1.0,NONE,C1.0,0
620,20260608,2026-06-08 16:00:00,2026-06-08 17:00:00,2026-06-08 17:39:10,2026-06-08 17:54:10,39.18,1h,M1.7,1
621,20260608,2026-06-08 18:00:00,2026-06-08 19:00:00,NONE,NONE,-1.0,NONE,C1.4,0
622,20260608,2026-06-08 20:00:00,2026-06-08 21:00:00,NONE,NONE,-1.0,NONE,C2.2,0
623,20260608,2026-06-08 22:00:00,2026-06-08 23:00:00,NONE,NONE,-1.0,NONE,C2.8,0
624,20260621,2026-06-21 00:00:00,2026-06-21 01:00:00,2026-06-21 01:31:12,2026-06-21 01:46:12,31.21,1h,M5.0,1
625,20260621,2026-06-21 02:00:00,2026-06-21 03:00:00,NONE,NONE,-1.0,NONE,C1.4,0
626,20260621,2026-06-21 04:00:00,2026-06-21 05:00:00,NONE,NONE,-1.0,NONE,C2.5,0
627,20260621,2026-06-21 06:00:00,2026-06-21 07:00:00,NONE,NONE,-1.0,NONE,C3.8,0
628,20260621,2026-06-21 08:00:00,2026-06-21 09:00:00,2026-06-21 09:49:41,2026-06-21 10:04:41,49.7,1h,M8.5,1
629,20260621,2026-06-21 10:00:00,2026-06-21 11:00:00,NONE,NONE,-1.0,NONE,C3.7,0
630,20260621,2026-06-21 12:00:00,2026-06-21 13:00:00,NONE,NONE,-1.0,NONE,C1.7,0
631,20260621,2026-06-21 14:00:00,2026-06-21 15:00:00,NONE,NONE,-1.0,NONE,C2.8,0
632,20260621,2026-06-21 16:00:00,2026-06-21 17:00:00,2026-06-21 17:15:15,2026-06-21 17:30:15,15.26,1h,M3.3,1
633,20260621,2026-06-21 18:00:00,2026-06-21 19:00:00,NONE,NONE,-1.0,NONE,C1.2,0
634,20260621,2026-06-21 20:00:00,2026-06-21 21:00:00,NONE,NONE,-1.0,NONE,C1.5,0
635,20260621,2026-06-21 22:00:00,2026-06-21 23:00:00,NONE,NONE,-1.0,NONE,C3.5,0
636,20240527,2024-05-27 00:00:00,2024-05-27 01:00:00,2024-05-27 01:58:27,2024-05-27 02:13:27,58.45,1h,M3.5,1
637,20240527,2024-05-27 02:00:00,2024-05-27 03:00:00,NONE,NONE,-1.0,NONE,C1.4,0
638,20240527,2024-05-27 04:00:00,2024-05-27 05:00:00,NONE,NONE,-1.0,NONE,C1.6,0
639,20240527,2024-05-27 06:00:00,2024-05-27 07:00:00,NONE,NONE,-1.0,NONE,C4.5,0
640,20240527,2024-05-27 08:00:00,2024-05-27 09:00:00,2024-05-27 09:33:44,2024-05-27 09:48:44,33.74,1h,M1.0,1
641,20240527,2024-05-27 10:00:00,2024-05-27 11:00:00,NONE,NONE,-1.0,NONE,C4.5,0
642,20240527,2024-05-27 12:00:00,2024-05-27 13:00:00,NONE,NONE,-1.0,NONE,C4.8,0
643,20240527,2024-05-27 14:00:00,2024-05-27 15:00:00,NONE,NONE,-1.0,NONE,C4.8,0
644,20240527,2024-05-27 16:00:00,2024-05-27 17:00:00,2024-05-27 17:28:51,2024-05-27 17:43:51,28.86,1h,M2.1,1
645,20240527,2024-05-27 18:00:00,2024-05-27 19:00:00,NONE,NONE,-1.0,NONE,C4.8,0
646,20240527,2024-05-27 20:00:00,2024-05-27 21:00:00,NONE,NONE,-1.0,NONE,C4.0,0
647,20240527,2024-05-27 22:00:00,2024-05-27 23:00:00,NONE,NONE,-1.0,NONE,C3.3,0
648,20240525,2024-05-25 00:00:00,2024-05-25 01:00:00,2024-05-25 01:25:53,2024-05-25 01:40:53,25.89,1h,M7.1,1
649,20240525,2024-05-25 02:00:00,2024-05-25 03:00:00,NONE,NONE,-1.0,NONE,C4.0,0
650,20240525,2024-05-25 04:00:00,2024-05-25 05:00:00,NONE,NONE,-1.0,NONE,C3.5,0
651,20240525,2024-05-25 06:00:00,2024-05-25 07:00:00,NONE,NONE,-1.0,NONE,C2.8,0
652,20240525,2024-05-25 08:00:00,2024-05-25 09:00:00,2024-05-25 09:08:52,2024-05-25 09:23:52,8.87,1h,M7.3,1
653,20240525,2024-05-25 10:00:00,2024-05-25 11:00:00,NONE,NONE,-1.0,NONE,C1.3,0
654,20240525,2024-05-25 12:00:00,2024-05-25 13:00:00,NONE,NONE,-1.0,NONE,C1.5,0
655,20240525,2024-05-25 14:00:00,2024-05-25 15:00:00,NONE,NONE,-1.0,NONE,C1.7,0
656,20240525,2024-05-25 16:00:00,2024-05-25 17:00:00,2024-05-25 17:42:57,2024-05-25 17:57:57,42.95,1h,M1.4,1
657,20240525,2024-05-25 18:00:00,2024-05-25 19:00:00,NONE,NONE,-1.0,NONE,C2.4,0
658,20240525,2024-05-25 20:00:00,2024-05-25 21:00:00,NONE,NONE,-1.0,NONE,C3.1,0
659,20240525,2024-05-25 22:00:00,2024-05-25 23:00:00,NONE,NONE,-1.0,NONE,C2.1,0
660,20260606,2026-06-06 00:00:00,2026-06-06 01:00:00,2026-06-06 01:56:20,2026-06-06 02:11:20,56.34,1h,M3.8,1
661,20260606,2026-06-06 02:00:00,2026-06-06 03:00:00,NONE,NONE,-1.0,NONE,C4.5,0
662,20260606,2026-06-06 04:00:00,2026-06-06 05:00:00,NONE,NONE,-1.0,NONE,C3.8,0
663,20260606,2026-06-06 06:00:00,2026-06-06 07:00:00,NONE,NONE,-1.0,NONE,C4.2,0
664,20260606,2026-06-06 08:00:00,2026-06-06 09:00:00,2026-06-06 09:45:04,2026-06-06 10:00:04,45.07,1h,M1.1,1
665,20260606,2026-06-06 10:00:00,2026-06-06 11:00:00,NONE,NONE,-1.0,NONE,C2.5,0
666,20260606,2026-06-06 12:00:00,2026-06-06 13:00:00,NONE,NONE,-1.0,NONE,C2.8,0
667,20260606,2026-06-06 14:00:00,2026-06-06 15:00:00,NONE,NONE,-1.0,NONE,C4.3,0
668,20260606,2026-06-06 16:00:00,2026-06-06 17:00:00,2026-06-06 17:19:03,2026-06-06 17:34:03,19.06,1h,M2.1,1
669,20260606,2026-06-06 18:00:00,2026-06-06 19:00:00,NONE,NONE,-1.0,NONE,C3.1,0
670,20260606,2026-06-06 20:00:00,2026-06-06 21:00:00,NONE,NONE,-1.0,NONE,C1.2,0
671,20260606,2026-06-06 22:00:00,2026-06-06 23:00:00,NONE,NONE,-1.0,NONE,C4.2,0
672,20240522,2024-05-22 00:00:00,2024-05-22 01:00:00,2024-05-22 01:07:00,2024-05-22 01:22:00,7.0,1h,M4.3,1
673,20240522,2024-05-22 02:00:00,2024-05-22 03:00:00,NONE,NONE,-1.0,NONE,C2.0,0
674,20240522,2024-05-22 04:00:00,2024-05-22 05:00:00,NONE,NONE,-1.0,NONE,C2.4,0
675,20240522,2024-05-22 06:00:00,2024-05-22 07:00:00,NONE,NONE,-1.0,NONE,C4.7,0
676,20240522,2024-05-22 08:00:00,2024-05-22 09:00:00,2024-05-22 09:50:34,2024-05-22 10:05:34,50.57,1h,M8.0,1
677,20240522,2024-05-22 10:00:00,2024-05-22 11:00:00,NONE,NONE,-1.0,NONE,C2.4,0
678,20240522,2024-05-22 12:00:00,2024-05-22 13:00:00,NONE,NONE,-1.0,NONE,C1.5,0
679,20240522,2024-05-22 14:00:00,2024-05-22 15:00:00,NONE,NONE,-1.0,NONE,C3.1,0
680,20240522,2024-05-22 16:00:00,2024-05-22 17:00:00,2024-05-22 17:26:47,2024-05-22 17:41:47,26.79,1h,M6.1,1
681,20240522,2024-05-22 18:00:00,2024-05-22 19:00:00,NONE,NONE,-1.0,NONE,C2.6,0
682,20240522,2024-05-22 20:00:00,2024-05-22 21:00:00,NONE,NONE,-1.0,NONE,C1.2,0
683,20240522,2024-05-22 22:00:00,2024-05-22 23:00:00,NONE,NONE,-1.0,NONE,C4.4,0
684,20260630,2026-06-30 00:00:00,2026-06-30 01:00:00,2026-06-30 01:44:48,2026-06-30 01:59:48,44.8,1h,M2.2,1
685,20260630,2026-06-30 02:00:00,2026-06-30 03:00:00,NONE,NONE,-1.0,NONE,C2.4,0
686,20260630,2026-06-30 04:00:00,2026-06-30 05:00:00,NONE,NONE,-1.0,NONE,C1.4,0
687,20260630,2026-06-30 06:00:00,2026-06-30 07:00:00,NONE,NONE,-1.0,NONE,C3.2,0
688,20260630,2026-06-30 08:00:00,2026-06-30 09:00:00,2026-06-30 09:53:49,2026-06-30 10:08:49,53.82,1h,M4.7,1
689,20260630,2026-06-30 10:00:00,2026-06-30 11:00:00,NONE,NONE,-1.0,NONE,C2.6,0
690,20260630,2026-06-30 12:00:00,2026-06-30 13:00:00,NONE,NONE,-1.0,NONE,C1.7,0
691,20260630,2026-06-30 14:00:00,2026-06-30 15:00:00,NONE,NONE,-1.0,NONE,C3.8,0
692,20260630,2026-06-30 16:00:00,2026-06-30 17:00:00,2026-06-30 17:31:25,2026-06-30 17:46:25,31.43,1h,M2.8,1
693,20260630,2026-06-30 18:00:00,2026-06-30 19:00:00,NONE,NONE,-1.0,NONE,C2.0,0
694,20260630,2026-06-30 20:00:00,2026-06-30 21:00:00,NONE,NONE,-1.0,NONE,C3.5,0
695,20260630,2026-06-30 22:00:00,2026-06-30 23:00:00,NONE,NONE,-1.0,NONE,C3.2,0
696,20260626,2026-06-26 00:00:00,2026-06-26 01:00:00,2026-06-26 01:57:45,2026-06-26 02:12:45,57.76,1h,M5.0,1
697,20260626,2026-06-26 02:00:00,2026-06-26 03:00:00,NONE,NONE,-1.0,NONE,C2.5,0
698,20260626,2026-06-26 04:00:00,2026-06-26 05:00:00,NONE,NONE,-1.0,NONE,C1.8,0
699,20260626,2026-06-26 06:00:00,2026-06-26 07:00:00,NONE,NONE,-1.0,NONE,C3.7,0
700,20260626,2026-06-26 08:00:00,2026-06-26 09:00:00,2026-06-26 09:15:07,2026-06-26 09:30:07,15.12,1h,M5.2,1
701,20260626,2026-06-26 10:00:00,2026-06-26 11:00:00,NONE,NONE,-1.0,NONE,C1.2,0
702,20260626,2026-06-26 12:00:00,2026-06-26 13:00:00,NONE,NONE,-1.0,NONE,C1.2,0
703,20260626,2026-06-26 14:00:00,2026-06-26 15:00:00,NONE,NONE,-1.0,NONE,C4.0,0
704,20260626,2026-06-26 16:00:00,2026-06-26 17:00:00,2026-06-26 17:55:08,2026-06-26 18:10:08,55.14,1h,M1.3,1
705,20260626,2026-06-26 18:00:00,2026-06-26 19:00:00,NONE,NONE,-1.0,NONE,C3.5,0
706,20260626,2026-06-26 20:00:00,2026-06-26 21:00:00,NONE,NONE,-1.0,NONE,C4.5,0
707,20260626,2026-06-26 22:00:00,2026-06-26 23:00:00,NONE,NONE,-1.0,NONE,C2.1,0
708,20260628,2026-06-28 00:00:00,2026-06-28 01:00:00,2026-06-28 01:38:27,2026-06-28 01:53:27,38.45,1h,M2.0,1
709,20260628,2026-06-28 02:00:00,2026-06-28 03:00:00,NONE,NONE,-1.0,NONE,C2.2,0
710,20260628,2026-06-28 04:00:00,2026-06-28 05:00:00,NONE,NONE,-1.0,NONE,C1.5,0
711,20260628,2026-06-28 06:00:00,2026-06-28 07:00:00,NONE,NONE,-1.0,NONE,C4.3,0
712,20260628,2026-06-28 08:00:00,2026-06-28 09:00:00,2026-06-28 09:31:41,2026-06-28 09:46:41,31.68,1h,M7.1,1
713,20260628,2026-06-28 10:00:00,2026-06-28 11:00:00,NONE,NONE,-1.0,NONE,C1.6,0
714,20260628,2026-06-28 12:00:00,2026-06-28 13:00:00,NONE,NONE,-1.0,NONE,C2.5,0
715,20260628,2026-06-28 14:00:00,2026-06-28 15:00:00,NONE,NONE,-1.0,NONE,C3.1,0
716,20260628,2026-06-28 16:00:00,2026-06-28 17:00:00,2026-06-28 17:29:21,2026-06-28 17:44:21,29.36,1h,M7.3,1
717,20260628,2026-06-28 18:00:00,2026-06-28 19:00:00,NONE,NONE,-1.0,NONE,C1.7,0
718,20260628,2026-06-28 20:00:00,2026-06-28 21:00:00,NONE,NONE,-1.0,NONE,C1.3,0
719,20260628,2026-06-28 22:00:00,2026-06-28 23:00:00,NONE,NONE,-1.0,NONE,C4.1,0
720,20240516,2024-05-16 00:00:00,2024-05-16 01:00:00,2024-05-16 01:33:23,2024-05-16 01:48:23,33.39,1h,M2.8,1
721,20240516,2024-05-16 02:00:00,2024-05-16 03:00:00,NONE,NONE,-1.0,NONE,C2.8,0
722,20240516,2024-05-16 04:00:00,2024-05-16 05:00:00,NONE,NONE,-1.0,NONE,C3.0,0
723,20240516,2024-05-16 06:00:00,2024-05-16 07:00:00,NONE,NONE,-1.0,NONE,C3.0,0
724,20240516,2024-05-16 08:00:00,2024-05-16 09:00:00,2024-05-16 09:14:23,2024-05-16 09:29:23,14.38,1h,M4.4,1
725,20240516,2024-05-16 10:00:00,2024-05-16 11:00:00,NONE,NONE,-1.0,NONE,C3.0,0
726,20240516,2024-05-16 12:00:00,2024-05-16 13:00:00,NONE,NONE,-1.0,NONE,C3.5,0
727,20240516,2024-05-16 14:00:00,2024-05-16 15:00:00,NONE,NONE,-1.0,NONE,C3.6,0
728,20240516,2024-05-16 16:00:00,2024-05-16 17:00:00,2024-05-16 17:35:09,2024-05-16 17:50:09,35.16,1h,M2.5,1
729,20240516,2024-05-16 18:00:00,2024-05-16 19:00:00,NONE,NONE,-1.0,NONE,C1.8,0
730,20240516,2024-05-16 20:00:00,2024-05-16 21:00:00,NONE,NONE,-1.0,NONE,C4.4,0
731,20240516,2024-05-16 22:00:00,2024-05-16 23:00:00,NONE,NONE,-1.0,NONE,C4.0,0
732,20260705,2026-07-05 00:00:00,2026-07-05 01:00:00,2026-07-05 01:07:22,2026-07-05 01:22:22,7.37,1h,M4.1,1
733,20260705,2026-07-05 02:00:00,2026-07-05 03:00:00,NONE,NONE,-1.0,NONE,C4.4,0
734,20260705,2026-07-05 04:00:00,2026-07-05 05:00:00,NONE,NONE,-1.0,NONE,C1.2,0
735,20260705,2026-07-05 06:00:00,2026-07-05 07:00:00,NONE,NONE,-1.0,NONE,C4.3,0
736,20260705,2026-07-05 08:00:00,2026-07-05 09:00:00,2026-07-05 09:27:16,2026-07-05 09:42:16,27.27,1h,M4.1,1
737,20260705,2026-07-05 10:00:00,2026-07-05 11:00:00,NONE,NONE,-1.0,NONE,C4.6,0
738,20260705,2026-07-05 12:00:00,2026-07-05 13:00:00,NONE,NONE,-1.0,NONE,C4.2,0
739,20260705,2026-07-05 14:00:00,2026-07-05 15:00:00,NONE,NONE,-1.0,NONE,C1.8,0
740,20260705,2026-07-05 16:00:00,2026-07-05 17:00:00,2026-07-05 17:45:19,2026-07-05 18:00:19,45.32,1h,M1.6,1
741,20260705,2026-07-05 18:00:00,2026-07-05 19:00:00,NONE,NONE,-1.0,NONE,C2.6,0
742,20260705,2026-07-05 20:00:00,2026-07-05 21:00:00,NONE,NONE,-1.0,NONE,C2.4,0
743,20260705,2026-07-05 22:00:00,2026-07-05 23:00:00,NONE,NONE,-1.0,NONE,C4.1,0
744,20260619,2026-06-19 00:00:00,2026-06-19 01:00:00,2026-06-19 01:09:52,2026-06-19 01:24:52,9.87,1h,M3.7,1
745,20260619,2026-06-19 02:00:00,2026-06-19 03:00:00,NONE,NONE,-1.0,NONE,C3.1,0
746,20260619,2026-06-19 04:00:00,2026-06-19 05:00:00,NONE,NONE,-1.0,NONE,C1.0,0
747,20260619,2026-06-19 06:00:00,2026-06-19 07:00:00,NONE,NONE,-1.0,NONE,C2.7,0
748,20260619,2026-06-19 08:00:00,2026-06-19 09:00:00,2026-06-19 09:08:30,2026-06-19 09:23:30,8.51,1h,M6.0,1
749,20260619,2026-06-19 10:00:00,2026-06-19 11:00:00,NONE,NONE,-1.0,NONE,C3.0,0
750,20260619,2026-06-19 12:00:00,2026-06-19 13:00:00,NONE,NONE,-1.0,NONE,C3.6,0
751,20260619,2026-06-19 14:00:00,2026-06-19 15:00:00,NONE,NONE,-1.0,NONE,C3.7,0
752,20260619,2026-06-19 16:00:00,2026-06-19 17:00:00,2026-06-19 17:06:20,2026-06-19 17:21:20,6.34,1h,M1.5,1
753,20260619,2026-06-19 18:00:00,2026-06-19 19:00:00,NONE,NONE,-1.0,NONE,C4.6,0
754,20260619,2026-06-19 20:00:00,2026-06-19 21:00:00,NONE,NONE,-1.0,NONE,C4.8,0
755,20260619,2026-06-19 22:00:00,2026-06-19 23:00:00,NONE,NONE,-1.0,NONE,C4.2,0
756,20260527,2026-05-27 00:00:00,2026-05-27 01:00:00,2026-05-27 01:20:45,2026-05-27 01:35:45,20.75,1h,M8.0,1
757,20260527,2026-05-27 02:00:00,2026-05-27 03:00:00,NONE,NONE,-1.0,NONE,C4.8,0
758,20260527,2026-05-27 04:00:00,2026-05-27 05:00:00,NONE,NONE,-1.0,NONE,C2.1,0
759,20260527,2026-05-27 06:00:00,2026-05-27 07:00:00,NONE,NONE,-1.0,NONE,C1.7,0
760,20260527,2026-05-27 08:00:00,2026-05-27 09:00:00,2026-05-27 09:24:35,2026-05-27 09:39:35,24.6,1h,M2.6,1
761,20260527,2026-05-27 10:00:00,2026-05-27 11:00:00,NONE,NONE,-1.0,NONE,C3.0,0
762,20260527,2026-05-27 12:00:00,2026-05-27 13:00:00,NONE,NONE,-1.0,NONE,C2.7,0
763,20260527,2026-05-27 14:00:00,2026-05-27 15:00:00,NONE,NONE,-1.0,NONE,C3.8,0
764,20260527,2026-05-27 16:00:00,2026-05-27 17:00:00,2026-05-27 17:14:46,2026-05-27 17:29:46,14.78,1h,M3.0,1
765,20260527,2026-05-27 18:00:00,2026-05-27 19:00:00,NONE,NONE,-1.0,NONE,C4.8,0
766,20260527,2026-05-27 20:00:00,2026-05-27 21:00:00,NONE,NONE,-1.0,NONE,C2.1,0
767,20260527,2026-05-27 22:00:00,2026-05-27 23:00:00,NONE,NONE,-1.0,NONE,C1.0,0
768,20260531,2026-05-31 00:00:00,2026-05-31 01:00:00,2026-05-31 01:58:15,2026-05-31 02:13:15,58.26,1h,M2.2,1
769,20260531,2026-05-31 02:00:00,2026-05-31 03:00:00,NONE,NONE,-1.0,NONE,C4.8,0
770,20260531,2026-05-31 04:00:00,2026-05-31 05:00:00,NONE,NONE,-1.0,NONE,C1.8,0
771,20260531,2026-05-31 06:00:00,2026-05-31 07:00:00,NONE,NONE,-1.0,NONE,C3.1,0
772,20260531,2026-05-31 08:00:00,2026-05-31 09:00:00,2026-05-31 09:47:44,2026-05-31 10:02:44,47.74,1h,M2.2,1
773,20260531,2026-05-31 10:00:00,2026-05-31 11:00:00,NONE,NONE,-1.0,NONE,C2.7,0
774,20260531,2026-05-31 12:00:00,2026-05-31 13:00:00,NONE,NONE,-1.0,NONE,C4.4,0
775,20260531,2026-05-31 14:00:00,2026-05-31 15:00:00,NONE,NONE,-1.0,NONE,C1.8,0
776,20260531,2026-05-31 16:00:00,2026-05-31 17:00:00,2026-05-31 17:21:27,2026-05-31 17:36:27,21.47,1h,M1.8,1
777,20260531,2026-05-31 18:00:00,2026-05-31 19:00:00,NONE,NONE,-1.0,NONE,C4.3,0
778,20260531,2026-05-31 20:00:00,2026-05-31 21:00:00,NONE,NONE,-1.0,NONE,C4.2,0
779,20260531,2026-05-31 22:00:00,2026-05-31 23:00:00,NONE,NONE,-1.0,NONE,C1.6,0
780,20260506,2026-05-06 00:00:00,2026-05-06 01:00:00,2026-05-06 01:54:34,2026-05-06 02:09:34,54.57,1h,M7.7,1
781,20260506,2026-05-06 02:00:00,2026-05-06 03:00:00,NONE,NONE,-1.0,NONE,C4.8,0
782,20260506,2026-05-06 04:00:00,2026-05-06 05:00:00,NONE,NONE,-1.0,NONE,C2.5,0
783,20260506,2026-05-06 06:00:00,2026-05-06 07:00:00,NONE,NONE,-1.0,NONE,C4.7,0
784,20260506,2026-05-06 08:00:00,2026-05-06 09:00:00,2026-05-06 09:18:38,2026-05-06 09:33:38,18.65,1h,M6.2,1
785,20260506,2026-05-06 10:00:00,2026-05-06 11:00:00,NONE,NONE,-1.0,NONE,C2.8,0
786,20260506,2026-05-06 12:00:00,2026-05-06 13:00:00,NONE,NONE,-1.0,NONE,C4.2,0
787,20260506,2026-05-06 14:00:00,2026-05-06 15:00:00,NONE,NONE,-1.0,NONE,C2.2,0
788,20260506,2026-05-06 16:00:00,2026-05-06 17:00:00,2026-05-06 17:25:23,2026-05-06 17:40:23,25.39,1h,M4.4,1
789,20260506,2026-05-06 18:00:00,2026-05-06 19:00:00,NONE,NONE,-1.0,NONE,C2.5,0
790,20260506,2026-05-06 20:00:00,2026-05-06 21:00:00,NONE,NONE,-1.0,NONE,C1.1,0
791,20260506,2026-05-06 22:00:00,2026-05-06 23:00:00,NONE,NONE,-1.0,NONE,C3.3,0
792,20260509,2026-05-09 00:00:00,2026-05-09 01:00:00,2026-05-09 01:16:47,2026-05-09 01:31:47,16.79,1h,M1.7,1
793,20260509,2026-05-09 02:00:00,2026-05-09 03:00:00,NONE,NONE,-1.0,NONE,C3.1,0
794,20260509,2026-05-09 04:00:00,2026-05-09 05:00:00,NONE,NONE,-1.0,NONE,C3.3,0
795,20260509,2026-05-09 06:00:00,2026-05-09 07:00:00,NONE,NONE,-1.0,NONE,C1.5,0
796,20260509,2026-05-09 08:00:00,2026-05-09 09:00:00,2026-05-09 09:53:00,2026-05-09 10:08:00,53.01,1h,M7.1,1
797,20260509,2026-05-09 10:00:00,2026-05-09 11:00:00,NONE,NONE,-1.0,NONE,C1.8,0
798,20260509,2026-05-09 12:00:00,2026-05-09 13:00:00,NONE,NONE,-1.0,NONE,C3.6,0
799,20260509,2026-05-09 14:00:00,2026-05-09 15:00:00,NONE,NONE,-1.0,NONE,C4.7,0
800,20260509,2026-05-09 16:00:00,2026-05-09 17:00:00,2026-05-09 17:46:45,2026-05-09 18:01:45,46.76,1h,M1.1,1
801,20260509,2026-05-09 18:00:00,2026-05-09 19:00:00,NONE,NONE,-1.0,NONE,C1.1,0
802,20260509,2026-05-09 20:00:00,2026-05-09 21:00:00,NONE,NONE,-1.0,NONE,C1.6,0
803,20260509,2026-05-09 22:00:00,2026-05-09 23:00:00,NONE,NONE,-1.0,NONE,C4.2,0
804,20260623,2026-06-23 00:00:00,2026-06-23 01:00:00,2026-06-23 01:32:06,2026-06-23 01:47:06,32.11,1h,M3.3,1
805,20260623,2026-06-23 02:00:00,2026-06-23 03:00:00,NONE,NONE,-1.0,NONE,C2.8,0
806,20260623,2026-06-23 04:00:00,2026-06-23 05:00:00,NONE,NONE,-1.0,NONE,C4.1,0
807,20260623,2026-06-23 06:00:00,2026-06-23 07:00:00,NONE,NONE,-1.0,NONE,C3.5,0
808,20260623,2026-06-23 08:00:00,2026-06-23 09:00:00,2026-06-23 09:34:55,2026-06-23 09:49:55,34.93,1h,M8.4,1
809,20260623,2026-06-23 10:00:00,2026-06-23 11:00:00,NONE,NONE,-1.0,NONE,C4.1,0
810,20260623,2026-06-23 12:00:00,2026-06-23 13:00:00,NONE,NONE,-1.0,NONE,C1.3,0
811,20260623,2026-06-23 14:00:00,2026-06-23 15:00:00,NONE,NONE,-1.0,NONE,C4.4,0
812,20260623,2026-06-23 16:00:00,2026-06-23 17:00:00,2026-06-23 17:42:40,2026-06-23 17:57:40,42.67,1h,M4.8,1
813,20260623,2026-06-23 18:00:00,2026-06-23 19:00:00,NONE,NONE,-1.0,NONE,C1.5,0
814,20260623,2026-06-23 20:00:00,2026-06-23 21:00:00,NONE,NONE,-1.0,NONE,C3.8,0
815,20260623,2026-06-23 22:00:00,2026-06-23 23:00:00,NONE,NONE,-1.0,NONE,C1.5,0
816,20260601,2026-06-01 00:00:00,2026-06-01 01:00:00,2026-06-01 01:57:37,2026-06-01 02:12:37,57.63,1h,M2.6,1
817,20260601,2026-06-01 02:00:00,2026-06-01 03:00:00,NONE,NONE,-1.0,NONE,C3.6,0
818,20260601,2026-06-01 04:00:00,2026-06-01 05:00:00,NONE,NONE,-1.0,NONE,C1.7,0
819,20260601,2026-06-01 06:00:00,2026-06-01 07:00:00,NONE,NONE,-1.0,NONE,C3.5,0
820,20260601,2026-06-01 08:00:00,2026-06-01 09:00:00,2026-06-01 09:53:33,2026-06-01 10:08:33,53.55,1h,M3.2,1
821,20260601,2026-06-01 10:00:00,2026-06-01 11:00:00,NONE,NONE,-1.0,NONE,C3.6,0
822,20260601,2026-06-01 12:00:00,2026-06-01 13:00:00,NONE,NONE,-1.0,NONE,C1.5,0
823,20260601,2026-06-01 14:00:00,2026-06-01 15:00:00,NONE,NONE,-1.0,NONE,C2.3,0
824,20260601,2026-06-01 16:00:00,2026-06-01 17:00:00,2026-06-01 17:05:55,2026-06-01 17:20:55,5.93,1h,M3.5,1
825,20260601,2026-06-01 18:00:00,2026-06-01 19:00:00,NONE,NONE,-1.0,NONE,C2.0,0
826,20260601,2026-06-01 20:00:00,2026-06-01 21:00:00,NONE,NONE,-1.0,NONE,C2.0,0
827,20260601,2026-06-01 22:00:00,2026-06-01 23:00:00,NONE,NONE,-1.0,NONE,C3.2,0
828,20260614,2026-06-14 00:00:00,2026-06-14 01:00:00,2026-06-14 01:58:54,2026-06-14 02:13:54,58.91,1h,M1.0,1
829,20260614,2026-06-14 02:00:00,2026-06-14 03:00:00,NONE,NONE,-1.0,NONE,C2.1,0
830,20260614,2026-06-14 04:00:00,2026-06-14 05:00:00,NONE,NONE,-1.0,NONE,C2.0,0
831,20260614,2026-06-14 06:00:00,2026-06-14 07:00:00,NONE,NONE,-1.0,NONE,C4.1,0
832,20260614,2026-06-14 08:00:00,2026-06-14 09:00:00,2026-06-14 09:29:53,2026-06-14 09:44:53,29.89,1h,M7.5,1
833,20260614,2026-06-14 10:00:00,2026-06-14 11:00:00,NONE,NONE,-1.0,NONE,C1.7,0
834,20260614,2026-06-14 12:00:00,2026-06-14 13:00:00,NONE,NONE,-1.0,NONE,C4.7,0
835,20260614,2026-06-14 14:00:00,2026-06-14 15:00:00,NONE,NONE,-1.0,NONE,C3.4,0
836,20260614,2026-06-14 16:00:00,2026-06-14 17:00:00,2026-06-14 17:22:15,2026-06-14 17:37:15,22.26,1h,M4.3,1
837,20260614,2026-06-14 18:00:00,2026-06-14 19:00:00,NONE,NONE,-1.0,NONE,C1.1,0
838,20260614,2026-06-14 20:00:00,2026-06-14 21:00:00,NONE,NONE,-1.0,NONE,C4.0,0
839,20260614,2026-06-14 22:00:00,2026-06-14 23:00:00,NONE,NONE,-1.0,NONE,C1.0,0
840,20260622,2026-06-22 00:00:00,2026-06-22 01:00:00,2026-06-22 01:15:27,2026-06-22 01:30:27,15.46,1h,M1.7,1
841,20260622,2026-06-22 02:00:00,2026-06-22 03:00:00,NONE,NONE,-1.0,NONE,C1.0,0
842,20260622,2026-06-22 04:00:00,2026-06-22 05:00:00,NONE,NONE,-1.0,NONE,C3.3,0
843,20260622,2026-06-22 06:00:00,2026-06-22 07:00:00,NONE,NONE,-1.0,NONE,C1.2,0
844,20260622,2026-06-22 08:00:00,2026-06-22 09:00:00,2026-06-22 09:58:23,2026-06-22 10:13:23,58.39,1h,M5.1,1
845,20260622,2026-06-22 10:00:00,2026-06-22 11:00:00,NONE,NONE,-1.0,NONE,C4.7,0
846,20260622,2026-06-22 12:00:00,2026-06-22 13:00:00,NONE,NONE,-1.0,NONE,C2.0,0
847,20260622,2026-06-22 14:00:00,2026-06-22 15:00:00,NONE,NONE,-1.0,NONE,C2.2,0
848,20260622,2026-06-22 16:00:00,2026-06-22 17:00:00,2026-06-22 17:38:07,2026-06-22 17:53:07,38.12,1h,M4.1,1
849,20260622,2026-06-22 18:00:00,2026-06-22 19:00:00,NONE,NONE,-1.0,NONE,C2.0,0
850,20260622,2026-06-22 20:00:00,2026-06-22 21:00:00,NONE,NONE,-1.0,NONE,C1.7,0
851,20260622,2026-06-22 22:00:00,2026-06-22 23:00:00,NONE,NONE,-1.0,NONE,C4.6,0
852,20260517,2026-05-17 00:00:00,2026-05-17 01:00:00,2026-05-17 01:46:14,2026-05-17 02:01:14,46.24,1h,M8.2,1
853,20260517,2026-05-17 02:00:00,2026-05-17 03:00:00,NONE,NONE,-1.0,NONE,C1.1,0
854,20260517,2026-05-17 04:00:00,2026-05-17 05:00:00,NONE,NONE,-1.0,NONE,C1.4,0
855,20260517,2026-05-17 06:00:00,2026-05-17 07:00:00,NONE,NONE,-1.0,NONE,C1.1,0
856,20260517,2026-05-17 08:00:00,2026-05-17 09:00:00,2026-05-17 09:41:06,2026-05-17 09:56:06,41.1,1h,M5.0,1
857,20260517,2026-05-17 10:00:00,2026-05-17 11:00:00,NONE,NONE,-1.0,NONE,C2.5,0
858,20260517,2026-05-17 12:00:00,2026-05-17 13:00:00,NONE,NONE,-1.0,NONE,C1.4,0
859,20260517,2026-05-17 14:00:00,2026-05-17 15:00:00,NONE,NONE,-1.0,NONE,C1.8,0
860,20260517,2026-05-17 16:00:00,2026-05-17 17:00:00,2026-05-17 17:38:42,2026-05-17 17:53:42,38.72,1h,M4.2,1
861,20260517,2026-05-17 18:00:00,2026-05-17 19:00:00,NONE,NONE,-1.0,NONE,C4.2,0
862,20260517,2026-05-17 20:00:00,2026-05-17 21:00:00,NONE,NONE,-1.0,NONE,C1.7,0
863,20260517,2026-05-17 22:00:00,2026-05-17 23:00:00,NONE,NONE,-1.0,NONE,C4.7,0
864,20260526,2026-05-26 00:00:00,2026-05-26 01:00:00,2026-05-26 01:44:37,2026-05-26 01:59:37,44.63,1h,M1.4,1
865,20260526,2026-05-26 02:00:00,2026-05-26 03:00:00,NONE,NONE,-1.0,NONE,C3.4,0
866,20260526,2026-05-26 04:00:00,2026-05-26 05:00:00,NONE,NONE,-1.0,NONE,C1.0,0
867,20260526,2026-05-26 06:00:00,2026-05-26 07:00:00,NONE,NONE,-1.0,NONE,C1.6,0
868,20260526,2026-05-26 08:00:00,2026-05-26 09:00:00,2026-05-26 09:58:54,2026-05-26 10:13:54,58.9,1h,M6.2,1
869,20260526,2026-05-26 10:00:00,2026-05-26 11:00:00,NONE,NONE,-1.0,NONE,C3.4,0
870,20260526,2026-05-26 12:00:00,2026-05-26 13:00:00,NONE,NONE,-1.0,NONE,C2.3,0
871,20260526,2026-05-26 14:00:00,2026-05-26 15:00:00,NONE,NONE,-1.0,NONE,C2.5,0
872,20260526,2026-05-26 16:00:00,2026-05-26 17:00:00,2026-05-26 17:54:18,2026-05-26 18:09:18,54.3,1h,M5.0,1
873,20260526,2026-05-26 18:00:00,2026-05-26 19:00:00,NONE,NONE,-1.0,NONE,C2.0,0
874,20260526,2026-05-26 20:00:00,2026-05-26 21:00:00,NONE,NONE,-1.0,NONE,C4.5,0
875,20260526,2026-05-26 22:00:00,2026-05-26 23:00:00,NONE,NONE,-1.0,NONE,C4.7,0
876,20260528,2026-05-28 00:00:00,2026-05-28 01:00:00,2026-05-28 01:21:37,2026-05-28 01:36:37,21.63,1h,M4.1,1
877,20260528,2026-05-28 02:00:00,2026-05-28 03:00:00,NONE,NONE,-1.0,NONE,C2.1,0
878,20260528,2026-05-28 04:00:00,2026-05-28 05:00:00,NONE,NONE,-1.0,NONE,C1.0,0
879,20260528,2026-05-28 06:00:00,2026-05-28 07:00:00,NONE,NONE,-1.0,NONE,C1.8,0
880,20260528,2026-05-28 08:00:00,2026-05-28 09:00:00,2026-05-28 09:26:07,2026-05-28 09:41:07,26.12,1h,M2.3,1
881,20260528,2026-05-28 10:00:00,2026-05-28 11:00:00,NONE,NONE,-1.0,NONE,C1.5,0
882,20260528,2026-05-28 12:00:00,2026-05-28 13:00:00,NONE,NONE,-1.0,NONE,C2.4,0
883,20260528,2026-05-28 14:00:00,2026-05-28 15:00:00,NONE,NONE,-1.0,NONE,C2.7,0
884,20260528,2026-05-28 16:00:00,2026-05-28 17:00:00,2026-05-28 17:37:46,2026-05-28 17:52:46,37.77,1h,M1.4,1
885,20260528,2026-05-28 18:00:00,2026-05-28 19:00:00,NONE,NONE,-1.0,NONE,C2.6,0
886,20260528,2026-05-28 20:00:00,2026-05-28 21:00:00,NONE,NONE,-1.0,NONE,C4.3,0
887,20260528,2026-05-28 22:00:00,2026-05-28 23:00:00,NONE,NONE,-1.0,NONE,C1.2,0
888,20260605,2026-06-05 00:00:00,2026-06-05 01:00:00,2026-06-05 01:08:11,2026-06-05 01:23:11,8.19,1h,M5.5,1
889,20260605,2026-06-05 02:00:00,2026-06-05 03:00:00,NONE,NONE,-1.0,NONE,C1.0,0
890,20260605,2026-06-05 04:00:00,2026-06-05 05:00:00,NONE,NONE,-1.0,NONE,C4.6,0
891,20260605,2026-06-05 06:00:00,2026-06-05 07:00:00,NONE,NONE,-1.0,NONE,C1.4,0
892,20260605,2026-06-05 08:00:00,2026-06-05 09:00:00,2026-06-05 09:08:47,2026-06-05 09:23:47,8.79,1h,M1.2,1
893,20260605,2026-06-05 10:00:00,2026-06-05 11:00:00,NONE,NONE,-1.0,NONE,C1.4,0
894,20260605,2026-06-05 12:00:00,2026-06-05 13:00:00,NONE,NONE,-1.0,NONE,C3.0,0
895,20260605,2026-06-05 14:00:00,2026-06-05 15:00:00,NONE,NONE,-1.0,NONE,C2.3,0
896,20260605,2026-06-05 16:00:00,2026-06-05 17:00:00,2026-06-05 17:29:19,2026-06-05 17:44:19,29.33,1h,M3.0,1
897,20260605,2026-06-05 18:00:00,2026-06-05 19:00:00,NONE,NONE,-1.0,NONE,C2.8,0
898,20260605,2026-06-05 20:00:00,2026-06-05 21:00:00,NONE,NONE,-1.0,NONE,C2.0,0
899,20260605,2026-06-05 22:00:00,2026-06-05 23:00:00,NONE,NONE,-1.0,NONE,C2.8,0
900,20260915,2026-09-15 00:00:00,2026-09-15 01:00:00,2026-09-15 01:48:04,2026-09-15 02:03:04,48.08,1h,M1.0,1
901,20260915,2026-09-15 02:00:00,2026-09-15 03:00:00,NONE,NONE,-1.0,NONE,C1.4,0
902,20260915,2026-09-15 04:00:00,2026-09-15 05:00:00,NONE,NONE,-1.0,NONE,C4.8,0
903,20260915,2026-09-15 06:00:00,2026-09-15 07:00:00,NONE,NONE,-1.0,NONE,C3.8,0
904,20260915,2026-09-15 08:00:00,2026-09-15 09:00:00,2026-09-15 09:33:44,2026-09-15 09:48:44,33.75,1h,M6.4,1
905,20260915,2026-09-15 10:00:00,2026-09-15 11:00:00,NONE,NONE,-1.0,NONE,C2.2,0
906,20260915,2026-09-15 12:00:00,2026-09-15 13:00:00,NONE,NONE,-1.0,NONE,C3.2,0
907,20260915,2026-09-15 14:00:00,2026-09-15 15:00:00,NONE,NONE,-1.0,NONE,C4.0,0
908,20260915,2026-09-15 16:00:00,2026-09-15 17:00:00,2026-09-15 17:17:41,2026-09-15 17:32:41,17.7,1h,M1.6,1
909,20260915,2026-09-15 18:00:00,2026-09-15 19:00:00,NONE,NONE,-1.0,NONE,C3.2,0
910,20260915,2026-09-15 20:00:00,2026-09-15 21:00:00,NONE,NONE,-1.0,NONE,C3.6,0
911,20260915,2026-09-15 22:00:00,2026-09-15 23:00:00,NONE,NONE,-1.0,NONE,C1.5,0
912,20260916,2026-09-16 00:00:00,2026-09-16 01:00:00,2026-09-16 01:58:20,2026-09-16 02:13:20,58.35,1h,M3.1,1
913,20260916,2026-09-16 02:00:00,2026-09-16 03:00:00,NONE,NONE,-1.0,NONE,C4.5,0
914,20260916,2026-09-16 04:00:00,2026-09-16 05:00:00,NONE,NONE,-1.0,NONE,C3.7,0
915,20260916,2026-09-16 06:00:00,2026-09-16 07:00:00,NONE,NONE,-1.0,NONE,C1.3,0
916,20260916,2026-09-16 08:00:00,2026-09-16 09:00:00,2026-09-16 09:16:54,2026-09-16 09:31:54,16.9,1h,M6.7,1
917,20260916,2026-09-16 10:00:00,2026-09-16 11:00:00,NONE,NONE,-1.0,NONE,C2.3,0
918,20260916,2026-09-16 12:00:00,2026-09-16 13:00:00,NONE,NONE,-1.0,NONE,C2.1,0
919,20260916,2026-09-16 14:00:00,2026-09-16 15:00:00,NONE,NONE,-1.0,NONE,C4.0,0
920,20260916,2026-09-16 16:00:00,2026-09-16 17:00:00,2026-09-16 17:17:12,2026-09-16 17:32:12,17.21,1h,M2.3,1
921,20260916,2026-09-16 18:00:00,2026-09-16 19:00:00,NONE,NONE,-1.0,NONE,C3.0,0
922,20260916,2026-09-16 20:00:00,2026-09-16 21:00:00,NONE,NONE,-1.0,NONE,C4.2,0
923,20260916,2026-09-16 22:00:00,2026-09-16 23:00:00,NONE,NONE,-1.0,NONE,C4.7,0
924,20260917,2026-09-17 00:00:00,2026-09-17 01:00:00,2026-09-17 01:32:02,2026-09-17 01:47:02,32.04,1h,M4.7,1
925,20260917,2026-09-17 02:00:00,2026-09-17 03:00:00,NONE,NONE,-1.0,NONE,C3.3,0
926,20260917,2026-09-17 04:00:00,2026-09-17 05:00:00,NONE,NONE,-1.0,NONE,C3.0,0
927,20260917,2026-09-17 06:00:00,2026-09-17 07:00:00,NONE,NONE,-1.0,NONE,C2.0,0
928,20260917,2026-09-17 08:00:00,2026-09-17 09:00:00,2026-09-17 09:46:19,2026-09-17 10:01:19,46.33,1h,M2.4,1
929,20260917,2026-09-17 10:00:00,2026-09-17 11:00:00,NONE,NONE,-1.0,NONE,C4.3,0
930,20260917,2026-09-17 12:00:00,2026-09-17 13:00:00,NONE,NONE,-1.0,NONE,C2.1,0
931,20260917,2026-09-17 14:00:00,2026-09-17 15:00:00,NONE,NONE,-1.0,NONE,C4.3,0
932,20260917,2026-09-17 16:00:00,2026-09-17 17:00:00,2026-09-17 17:47:22,2026-09-17 18:02:22,47.38,1h,M7.7,1
933,20260917,2026-09-17 18:00:00,2026-09-17 19:00:00,NONE,NONE,-1.0,NONE,C4.1,0
934,20260917,2026-09-17 20:00:00,2026-09-17 21:00:00,NONE,NONE,-1.0,NONE,C2.2,0
935,20260917,2026-09-17 22:00:00,2026-09-17 23:00:00,NONE,NONE,-1.0,NONE,C2.1,0
936,20260918,2026-09-18 00:00:00,2026-09-18 01:00:00,2026-09-18 01:50:52,2026-09-18 02:05:52,50.87,1h,M6.7,1
937,20260918,2026-09-18 02:00:00,2026-09-18 03:00:00,NONE,NONE,-1.0,NONE,C2.4,0
938,20260918,2026-09-18 04:00:00,2026-09-18 05:00:00,NONE,NONE,-1.0,NONE,C3.8,0
939,20260918,2026-09-18 06:00:00,2026-09-18 07:00:00,NONE,NONE,-1.0,NONE,C3.2,0
940,20260918,2026-09-18 08:00:00,2026-09-18 09:00:00,2026-09-18 09:37:30,2026-09-18 09:52:30,37.5,1h,M1.2,1
941,20260918,2026-09-18 10:00:00,2026-09-18 11:00:00,NONE,NONE,-1.0,NONE,C2.6,0
942,20260918,2026-09-18 12:00:00,2026-09-18 13:00:00,NONE,NONE,-1.0,NONE,C1.3,0
943,20260918,2026-09-18 14:00:00,2026-09-18 15:00:00,NONE,NONE,-1.0,NONE,C4.0,0
944,20260918,2026-09-18 16:00:00,2026-09-18 17:00:00,2026-09-18 17:46:36,2026-09-18 18:01:36,46.61,1h,M8.4,1
945,20260918,2026-09-18 18:00:00,2026-09-18 19:00:00,NONE,NONE,-1.0,NONE,C2.3,0
946,20260918,2026-09-18 20:00:00,2026-09-18 21:00:00,NONE,NONE,-1.0,NONE,C2.4,0
947,20260918,2026-09-18 22:00:00,2026-09-18 23:00:00,NONE,NONE,-1.0,NONE,C3.1,0
948,20260919,2026-09-19 00:00:00,2026-09-19 01:00:00,2026-09-19 01:29:42,2026-09-19 01:44:42,29.71,1h,M4.2,1
949,20260919,2026-09-19 02:00:00,2026-09-19 03:00:00,NONE,NONE,-1.0,NONE,C3.5,0
950,20260919,2026-09-19 04:00:00,2026-09-19 05:00:00,NONE,NONE,-1.0,NONE,C1.8,0
951,20260919,2026-09-19 06:00:00,2026-09-19 07:00:00,NONE,NONE,-1.0,NONE,C2.2,0
952,20260919,2026-09-19 08:00:00,2026-09-19 09:00:00,2026-09-19 09:44:25,2026-09-19 09:59:25,44.42,1h,M7.4,1
953,20260919,2026-09-19 10:00:00,2026-09-19 11:00:00,NONE,NONE,-1.0,NONE,C4.5,0
954,20260919,2026-09-19 12:00:00,2026-09-19 13:00:00,NONE,NONE,-1.0,NONE,C1.3,0
955,20260919,2026-09-19 14:00:00,2026-09-19 15:00:00,NONE,NONE,-1.0,NONE,C1.0,0
956,20260919,2026-09-19 16:00:00,2026-09-19 17:00:00,2026-09-19 17:38:26,2026-09-19 17:53:26,38.44,1h,M4.2,1
957,20260919,2026-09-19 18:00:00,2026-09-19 19:00:00,NONE,NONE,-1.0,NONE,C3.0,0
958,20260919,2026-09-19 20:00:00,2026-09-19 21:00:00,NONE,NONE,-1.0,NONE,C1.5,0
959,20260919,2026-09-19 22:00:00,2026-09-19 23:00:00,NONE,NONE,-1.0,NONE,C3.1,0
960,20260920,2026-09-20 00:00:00,2026-09-20 01:00:00,2026-09-20 01:50:25,2026-09-20 02:05:25,50.43,1h,M8.2,1
961,20260920,2026-09-20 02:00:00,2026-09-20 03:00:00,NONE,NONE,-1.0,NONE,C2.6,0
962,20260920,2026-09-20 04:00:00,2026-09-20 05:00:00,NONE,NONE,-1.0,NONE,C1.3,0
963,20260920,2026-09-20 06:00:00,2026-09-20 07:00:00,NONE,NONE,-1.0,NONE,C3.6,0
964,20260920,2026-09-20 08:00:00,2026-09-20 09:00:00,2026-09-20 09:53:29,2026-09-20 10:08:29,53.49,1h,M2.0,1
965,20260920,2026-09-20 10:00:00,2026-09-20 11:00:00,NONE,NONE,-1.0,NONE,C4.2,0
966,20260920,2026-09-20 12:00:00,2026-09-20 13:00:00,NONE,NONE,-1.0,NONE,C2.0,0
967,20260920,2026-09-20 14:00:00,2026-09-20 15:00:00,NONE,NONE,-1.0,NONE,C1.2,0
968,20260920,2026-09-20 16:00:00,2026-09-20 17:00:00,2026-09-20 17:15:58,2026-09-20 17:30:58,15.97,1h,M4.7,1
969,20260920,2026-09-20 18:00:00,2026-09-20 19:00:00,NONE,NONE,-1.0,NONE,C3.4,0
970,20260920,2026-09-20 20:00:00,2026-09-20 21:00:00,NONE,NONE,-1.0,NONE,C3.1,0
971,20260920,2026-09-20 22:00:00,2026-09-20 23:00:00,NONE,NONE,-1.0,NONE,C2.2,0
972,20260921,2026-09-21 00:00:00,2026-09-21 01:00:00,2026-09-21 01:06:46,2026-09-21 01:21:46,6.77,1h,M3.4,1
973,20260921,2026-09-21 02:00:00,2026-09-21 03:00:00,NONE,NONE,-1.0,NONE,C1.2,0
974,20260921,2026-09-21 04:00:00,2026-09-21 05:00:00,NONE,NONE,-1.0,NONE,C4.2,0
975,20260921,2026-09-21 06:00:00,2026-09-21 07:00:00,NONE,NONE,-1.0,NONE,C1.7,0
976,20260921,2026-09-21 08:00:00,2026-09-21 09:00:00,2026-09-21 09:28:45,2026-09-21 09:43:45,28.76,1h,M4.4,1
977,20260921,2026-09-21 10:00:00,2026-09-21 11:00:00,NONE,NONE,-1.0,NONE,C4.5,0
978,20260921,2026-09-21 12:00:00,2026-09-21 13:00:00,NONE,NONE,-1.0,NONE,C4.6,0
979,20260921,2026-09-21 14:00:00,2026-09-21 15:00:00,NONE,NONE,-1.0,NONE,C2.0,0
980,20260921,2026-09-21 16:00:00,2026-09-21 17:00:00,2026-09-21 17:18:25,2026-09-21 17:33:25,18.43,1h,M4.0,1
981,20260921,2026-09-21 18:00:00,2026-09-21 19:00:00,NONE,NONE,-1.0,NONE,C2.0,0
982,20260921,2026-09-21 20:00:00,2026-09-21 21:00:00,NONE,NONE,-1.0,NONE,C4.1,0
983,20260921,2026-09-21 22:00:00,2026-09-21 23:00:00,NONE,NONE,-1.0,NONE,C4.8,0
984,20260922,2026-09-22 00:00:00,2026-09-22 01:00:00,2026-09-22 01:35:26,2026-09-22 01:50:26,35.45,1h,M8.8,1
985,20260922,2026-09-22 02:00:00,2026-09-22 03:00:00,NONE,NONE,-1.0,NONE,C2.2,0
986,20260922,2026-09-22 04:00:00,2026-09-22 05:00:00,NONE,NONE,-1.0,NONE,C4.3,0
987,20260922,2026-09-22 06:00:00,2026-09-22 07:00:00,NONE,NONE,-1.0,NONE,C3.0,0
988,20260922,2026-09-22 08:00:00,2026-09-22 09:00:00,2026-09-22 09:10:32,2026-09-22 09:25:32,10.55,1h,M2.8,1
989,20260922,2026-09-22 10:00:00,2026-09-22 11:00:00,NONE,NONE,-1.0,NONE,C4.0,0
990,20260922,2026-09-22 12:00:00,2026-09-22 13:00:00,NONE,NONE,-1.0,NONE,C2.2,0
991,20260922,2026-09-22 14:00:00,2026-09-22 15:00:00,NONE,NONE,-1.0,NONE,C4.5,0
992,20260922,2026-09-22 16:00:00,2026-09-22 17:00:00,2026-09-22 17:07:09,2026-09-22 17:22:09,7.16,1h,M8.6,1
993,20260922,2026-09-22 18:00:00,2026-09-22 19:00:00,NONE,NONE,-1.0,NONE,C1.5,0
994,20260922,2026-09-22 20:00:00,2026-09-22 21:00:00,NONE,NONE,-1.0,NONE,C1.7,0
995,20260922,2026-09-22 22:00:00,2026-09-22 23:00:00,NONE,NONE,-1.0,NONE,C1.0,0
996,20260923,2026-09-23 00:00:00,2026-09-23 01:00:00,2026-09-23 01:13:02,2026-09-23 01:28:02,13.04,1h,M5.1,1
997,20260923,2026-09-23 02:00:00,2026-09-23 03:00:00,NONE,NONE,-1.0,NONE,C1.8,0
998,20260923,2026-09-23 04:00:00,2026-09-23 05:00:00,NONE,NONE,-1.0,NONE,C3.2,0
999,20260923,2026-09-23 06:00:00,2026-09-23 07:00:00,NONE,NONE,-1.0,NONE,C3.8,0
1000,20260923,2026-09-23 08:00:00,2026-09-23 09:00:00,2026-09-23 09:28:42,2026-09-23 09:43:42,28.71,1h,M2.1,1
1001,20260923,2026-09-23 10:00:00,2026-09-23 11:00:00,NONE,NONE,-1.0,NONE,C3.7,0
1002,20260923,2026-09-23 12:00:00,2026-09-23 13:00:00,NONE,NONE,-1.0,NONE,C2.0,0
1003,20260923,2026-09-23 14:00:00,2026-09-23 15:00:00,NONE,NONE,-1.0,NONE,C3.1,0
1004,20260923,2026-09-23 16:00:00,2026-09-23 17:00:00,2026-09-23 17:47:25,2026-09-23 18:02:25,47.43,1h,M8.8,1
1005,20260923,2026-09-23 18:00:00,2026-09-23 19:00:00,NONE,NONE,-1.0,NONE,C4.6,0
1006,20260923,2026-09-23 20:00:00,2026-09-23 21:00:00,NONE,NONE,-1.0,NONE,C1.3,0
1007,20260923,2026-09-23 22:00:00,2026-09-23 23:00:00,NONE,NONE,-1.0,NONE,C3.1,0
1008,20260924,2026-09-24 00:00:00,2026-09-24 01:00:00,2026-09-24 01:43:01,2026-09-24 01:58:01,43.02,1h,M6.0,1
1009,20260924,2026-09-24 02:00:00,2026-09-24 03:00:00,NONE,NONE,-1.0,NONE,C3.8,0
1010,20260924,2026-09-24 04:00:00,2026-09-24 05:00:00,NONE,NONE,-1.0,NONE,C2.0,0
1011,20260924,2026-09-24 06:00:00,2026-09-24 07:00:00,NONE,NONE,-1.0,NONE,C4.7,0
1012,20260924,2026-09-24 08:00:00,2026-09-24 09:00:00,2026-09-24 09:22:09,2026-09-24 09:37:09,22.16,1h,M2.2,1
1013,20260924,2026-09-24 10:00:00,2026-09-24 11:00:00,NONE,NONE,-1.0,NONE,C1.0,0
1014,20260924,2026-09-24 12:00:00,2026-09-24 13:00:00,NONE,NONE,-1.0,NONE,C2.1,0
1015,20260924,2026-09-24 14:00:00,2026-09-24 15:00:00,NONE,NONE,-1.0,NONE,C4.3,0
1016,20260924,2026-09-24 16:00:00,2026-09-24 17:00:00,2026-09-24 17:43:46,2026-09-24 17:58:46,43.78,1h,M2.8,1
1017,20260924,2026-09-24 18:00:00,2026-09-24 19:00:00,NONE,NONE,-1.0,NONE,C1.5,0
1018,20260924,2026-09-24 20:00:00,2026-09-24 21:00:00,NONE,NONE,-1.0,NONE,C1.6,0
1019,20260924,2026-09-24 22:00:00,2026-09-24 23:00:00,NONE,NONE,-1.0,NONE,C3.3,0
1020,20260925,2026-09-25 00:00:00,2026-09-25 01:00:00,2026-09-25 01:08:28,2026-09-25 01:23:28,8.48,1h,M3.5,1
1021,20260925,2026-09-25 02:00:00,2026-09-25 03:00:00,NONE,NONE,-1.0,NONE,C4.2,0
1022,20260925,2026-09-25 04:00:00,2026-09-25 05:00:00,NONE,NONE,-1.0,NONE,C2.7,0
1023,20260925,2026-09-25 06:00:00,2026-09-25 07:00:00,NONE,NONE,-1.0,NONE,C2.5,0
1024,20260925,2026-09-25 08:00:00,2026-09-25 09:00:00,2026-09-25 09:12:57,2026-09-25 09:27:57,12.95,1h,M5.0,1
1025,20260925,2026-09-25 10:00:00,2026-09-25 11:00:00,NONE,NONE,-1.0,NONE,C1.2,0
1026,20260925,2026-09-25 12:00:00,2026-09-25 13:00:00,NONE,NONE,-1.0,NONE,C2.7,0
1027,20260925,2026-09-25 14:00:00,2026-09-25 15:00:00,NONE,NONE,-1.0,NONE,C4.7,0
1028,20260925,2026-09-25 16:00:00,2026-09-25 17:00:00,2026-09-25 17:45:27,2026-09-25 18:00:27,45.47,1h,M3.4,1
1029,20260925,2026-09-25 18:00:00,2026-09-25 19:00:00,NONE,NONE,-1.0,NONE,C4.0,0
1030,20260925,2026-09-25 20:00:00,2026-09-25 21:00:00,NONE,NONE,-1.0,NONE,C4.7,0
1031,20260925,2026-09-25 22:00:00,2026-09-25 23:00:00,NONE,NONE,-1.0,NONE,C2.7,0
1032,20260926,2026-09-26 00:00:00,2026-09-26 01:00:00,2026-09-26 01:58:33,2026-09-26 02:13:33,58.55,1h,M4.1,1
1033,20260926,2026-09-26 02:00:00,2026-09-26 03:00:00,NONE,NONE,-1.0,NONE,C3.6,0
1034,20260926,2026-09-26 04:00:00,2026-09-26 05:00:00,NONE,NONE,-1.0,NONE,C4.5,0
1035,20260926,2026-09-26 06:00:00,2026-09-26 07:00:00,NONE,NONE,-1.0,NONE,C2.3,0
1036,20260926,2026-09-26 08:00:00,2026-09-26 09:00:00,2026-09-26 09:59:34,2026-09-26 10:14:34,59.57,1h,M6.7,1
1037,20260926,2026-09-26 10:00:00,2026-09-26 11:00:00,NONE,NONE,-1.0,NONE,C4.7,0
1038,20260926,2026-09-26 12:00:00,2026-09-26 13:00:00,NONE,NONE,-1.0,NONE,C1.5,0
1039,20260926,2026-09-26 14:00:00,2026-09-26 15:00:00,NONE,NONE,-1.0,NONE,C2.3,0
1040,20260926,2026-09-26 16:00:00,2026-09-26 17:00:00,2026-09-26 17:50:25,2026-09-26 18:05:25,50.42,1h,M7.7,1
1041,20260926,2026-09-26 18:00:00,2026-09-26 19:00:00,NONE,NONE,-1.0,NONE,C2.7,0
1042,20260926,2026-09-26 20:00:00,2026-09-26 21:00:00,NONE,NONE,-1.0,NONE,C1.8,0
1043,20260926,2026-09-26 22:00:00,2026-09-26 23:00:00,NONE,NONE,-1.0,NONE,C2.1,0
1044,20260927,2026-09-27 00:00:00,2026-09-27 01:00:00,2026-09-27 01:33:07,2026-09-27 01:48:07,33.12,1h,M8.8,1
1045,20260927,2026-09-27 02:00:00,2026-09-27 03:00:00,NONE,NONE,-1.0,NONE,C4.8,0
1046,20260927,2026-09-27 04:00:00,2026-09-27 05:00:00,NONE,NONE,-1.0,NONE,C2.3,0
1047,20260927,2026-09-27 06:00:00,2026-09-27 07:00:00,NONE,NONE,-1.0,NONE,C2.3,0
1048,20260927,2026-09-27 08:00:00,2026-09-27 09:00:00,2026-09-27 09:18:29,2026-09-27 09:33:29,18.49,1h,M8.3,1
1049,20260927,2026-09-27 10:00:00,2026-09-27 11:00:00,NONE,NONE,-1.0,NONE,C4.4,0
1050,20260927,2026-09-27 12:00:00,2026-09-27 13:00:00,NONE,NONE,-1.0,NONE,C3.8,0
1051,20260927,2026-09-27 14:00:00,2026-09-27 15:00:00,NONE,NONE,-1.0,NONE,C3.6,0
1052,20260927,2026-09-27 16:00:00,2026-09-27 17:00:00,2026-09-27 17:53:31,2026-09-27 18:08:31,53.53,1h,M5.0,1
1053,20260927,2026-09-27 18:00:00,2026-09-27 19:00:00,NONE,NONE,-1.0,NONE,C2.1,0
1054,20260927,2026-09-27 20:00:00,2026-09-27 21:00:00,NONE,NONE,-1.0,NONE,C3.0,0
1055,20260927,2026-09-27 22:00:00,2026-09-27 23:00:00,NONE,NONE,-1.0,NONE,C4.4,0
1056,20260928,2026-09-28 00:00:00,2026-09-28 01:00:00,2026-09-28 01:12:51,2026-09-28 01:27:51,12.86,1h,M1.0,1
1057,20260928,2026-09-28 02:00:00,2026-09-28 03:00:00,NONE,NONE,-1.0,NONE,C4.4,0
1058,20260928,2026-09-28 04:00:00,2026-09-28 05:00:00,NONE,NONE,-1.0,NONE,C4.7,0
1059,20260928,2026-09-28 06:00:00,2026-09-28 07:00:00,NONE,NONE,-1.0,NONE,C2.2,0
1060,20260928,2026-09-28 08:00:00,2026-09-28 09:00:00,2026-09-28 09:17:33,2026-09-28 09:32:33,17.57,1h,M6.8,1
1061,20260928,2026-09-28 10:00:00,2026-09-28 11:00:00,NONE,NONE,-1.0,NONE,C1.2,0
1062,20260928,2026-09-28 12:00:00,2026-09-28 13:00:00,NONE,NONE,-1.0,NONE,C2.4,0
1063,20260928,2026-09-28 14:00:00,2026-09-28 15:00:00,NONE,NONE,-1.0,NONE,C4.8,0
1064,20260928,2026-09-28 16:00:00,2026-09-28 17:00:00,2026-09-28 17:50:11,2026-09-28 18:05:11,50.19,1h,M3.2,1
1065,20260928,2026-09-28 18:00:00,2026-09-28 19:00:00,NONE,NONE,-1.0,NONE,C3.2,0
1066,20260928,2026-09-28 20:00:00,2026-09-28 21:00:00,NONE,NONE,-1.0,NONE,C3.8,0
1067,20260928,2026-09-28 22:00:00,2026-09-28 23:00:00,NONE,NONE,-1.0,NONE,C1.3,0
1068,20260929,2026-09-29 00:00:00,2026-09-29 01:00:00,2026-09-29 01:44:18,2026-09-29 01:59:18,44.31,1h,M7.5,1
1069,20260929,2026-09-29 02:00:00,2026-09-29 03:00:00,NONE,NONE,-1.0,NONE,C4.3,0
1070,20260929,2026-09-29 04:00:00,2026-09-29 05:00:00,NONE,NONE,-1.0,NONE,C3.3,0
1071,20260929,2026-09-29 06:00:00,2026-09-29 07:00:00,NONE,NONE,-1.0,NONE,C3.2,0
1072,20260929,2026-09-29 08:00:00,2026-09-29 09:00:00,2026-09-29 09:53:03,2026-09-29 10:08:03,53.06,1h,M7.4,1
1073,20260929,2026-09-29 10:00:00,2026-09-29 11:00:00,NONE,NONE,-1.0,NONE,C2.3,0
1074,20260929,2026-09-29 12:00:00,2026-09-29 13:00:00,NONE,NONE,-1.0,NONE,C4.1,0
1075,20260929,2026-09-29 14:00:00,2026-09-29 15:00:00,NONE,NONE,-1.0,NONE,C3.7,0
1076,20260929,2026-09-29 16:00:00,2026-09-29 17:00:00,2026-09-29 17:09:46,2026-09-29 17:24:46,9.78,1h,M5.0,1
1077,20260929,2026-09-29 18:00:00,2026-09-29 19:00:00,NONE,NONE,-1.0,NONE,C3.0,0
1078,20260929,2026-09-29 20:00:00,2026-09-29 21:00:00,NONE,NONE,-1.0,NONE,C4.6,0
1079,20260929,2026-09-29 22:00:00,2026-09-29 23:00:00,NONE,NONE,-1.0,NONE,C1.2,0
1080,20260930,2026-09-30 00:00:00,2026-09-30 01:00:00,2026-09-30 01:55:22,2026-09-30 02:10:22,55.37,1h,M7.4,1
1081,20260930,2026-09-30 02:00:00,2026-09-30 03:00:00,NONE,NONE,-1.0,NONE,C2.8,0
1082,20260930,2026-09-30 04:00:00,2026-09-30 05:00:00,NONE,NONE,-1.0,NONE,C2.8,0
1083,20260930,2026-09-30 06:00:00,2026-09-30 07:00:00,NONE,NONE,-1.0,NONE,C1.7,0
1084,20260930,2026-09-30 08:00:00,2026-09-30 09:00:00,2026-09-30 09:21:40,2026-09-30 09:36:40,21.68,1h,M1.3,1
1085,20260930,2026-09-30 10:00:00,2026-09-30 11:00:00,NONE,NONE,-1.0,NONE,C3.7,0
1086,20260930,2026-09-30 12:00:00,2026-09-30 13:00:00,NONE,NONE,-1.0,NONE,C2.6,0
1087,20260930,2026-09-30 14:00:00,2026-09-30 15:00:00,NONE,NONE,-1.0,NONE,C4.6,0
1088,20260930,2026-09-30 16:00:00,2026-09-30 17:00:00,2026-09-30 17:56:58,2026-09-30 18:11:58,56.98,1h,M1.0,1
1089,20260930,2026-09-30 18:00:00,2026-09-30 19:00:00,NONE,NONE,-1.0,NONE,C2.8,0
1090,20260930,2026-09-30 20:00:00,2026-09-30 21:00:00,NONE,NONE,-1.0,NONE,C2.3,0
1091,20260930,2026-09-30 22:00:00,2026-09-30 23:00:00,NONE,NONE,-1.0,NONE,C1.2,0
