sample_id,observation_date,flare_event_id,minutes_until_flare,forecasting_horizon,goes_class,label
0,20260612,AUG_FLARE_20260612_0_M5.4,31.85,1h,M5.4,1
1,20260612,AUG_QUIET_20260612_1,-1.0,NONE,C1.4,0
2,20260612,AUG_QUIET_20260612_2,-1.0,NONE,C1.3,0
3,20260612,AUG_QUIET_20260612_3,-1.0,NONE,C3.2,0
4,20260612,AUG_FLARE_20260612_4_M5.2,47.69,1h,M5.2,1
5,20260612,AUG_QUIET_20260612_5,-1.0,NONE,C2.3,0
6,20260612,AUG_QUIET_20260612_6,-1.0,NONE,C4.5,0
7,20260612,AUG_QUIET_20260612_7,-1.0,NONE,C3.5,0
8,20260612,AUG_FLARE_20260612_8_M3.2,37.13,1h,M3.2,1
9,20260612,AUG_QUIET_20260612_9,-1.0,NONE,C4.1,0
10,20260612,AUG_QUIET_20260612_10,-1.0,NONE,C1.7,0
11,20260612,AUG_QUIET_20260612_11,-1.0,NONE,C4.4,0
12,20240529,AUG_FLARE_20240529_0_M3.4,33.04,1h,M3.4,1
13,20240529,AUG_QUIET_20240529_1,-1.0,NONE,C1.1,0
14,20240529,AUG_QUIET_20240529_2,-1.0,NONE,C3.2,0
15,20240529,AUG_QUIET_20240529_3,-1.0,NONE,C1.7,0
16,20240529,AUG_FLARE_20240529_4_M7.8,33.31,1h,M7.8,1
17,20240529,AUG_QUIET_20240529_5,-1.0,NONE,C4.7,0
18,20240529,AUG_QUIET_20240529_6,-1.0,NONE,C2.2,0
19,20240529,AUG_QUIET_20240529_7,-1.0,NONE,C4.4,0
20,20240529,AUG_FLARE_20240529_8_M2.8,18.35,1h,M2.8,1
21,20240529,AUG_QUIET_20240529_9,-1.0,NONE,C3.8,0
22,20240529,AUG_QUIET_20240529_10,-1.0,NONE,C4.2,0
23,20240529,AUG_QUIET_20240529_11,-1.0,NONE,C2.8,0
24,20240528,AUG_FLARE_20240528_0_M8.4,32.09,1h,M8.4,1
25,20240528,AUG_QUIET_20240528_1,-1.0,NONE,C2.8,0
26,20240528,AUG_QUIET_20240528_2,-1.0,NONE,C4.5,0
27,20240528,AUG_QUIET_20240528_3,-1.0,NONE,C4.0,0
28,20240528,AUG_FLARE_20240528_4_M6.1,37.91,1h,M6.1,1
29,20240528,AUG_QUIET_20240528_5,-1.0,NONE,C1.2,0
30,20240528,AUG_QUIET_20240528_6,-1.0,NONE,C1.0,0
31,20240528,AUG_QUIET_20240528_7,-1.0,NONE,C4.1,0
32,20240528,AUG_FLARE_20240528_8_M7.8,29.37,1h,M7.8,1
33,20240528,AUG_QUIET_20240528_9,-1.0,NONE,C3.4,0
34,20240528,AUG_QUIET_20240528_10,-1.0,NONE,C4.6,0
35,20240528,AUG_QUIET_20240528_11,-1.0,NONE,C2.2,0
36,20260518,AUG_FLARE_20260518_0_M3.2,37.64,1h,M3.2,1
37,20260518,AUG_QUIET_20260518_1,-1.0,NONE,C3.6,0
38,20260518,AUG_QUIET_20260518_2,-1.0,NONE,C2.4,0
39,20260518,AUG_QUIET_20260518_3,-1.0,NONE,C2.8,0
40,20260518,AUG_FLARE_20260518_4_M1.4,26.59,1h,M1.4,1
41,20260518,AUG_QUIET_20260518_5,-1.0,NONE,C3.3,0
42,20260518,AUG_QUIET_20260518_6,-1.0,NONE,C2.0,0
43,20260518,AUG_QUIET_20260518_7,-1.0,NONE,C2.1,0
44,20260518,AUG_FLARE_20260518_8_M1.4,21.67,1h,M1.4,1
45,20260518,AUG_QUIET_20260518_9,-1.0,NONE,C2.8,0
46,20260518,AUG_QUIET_20260518_10,-1.0,NONE,C3.3,0
47,20260518,AUG_QUIET_20260518_11,-1.0,NONE,C4.3,0
48,20260618,AUG_FLARE_20260618_0_M6.3,26.61,1h,M6.3,1
49,20260618,AUG_QUIET_20260618_1,-1.0,NONE,C1.1,0
50,20260618,AUG_QUIET_20260618_2,-1.0,NONE,C1.8,0
51,20260618,AUG_QUIET_20260618_3,-1.0,NONE,C1.4,0
52,20260618,AUG_FLARE_20260618_4_M4.8,53.72,1h,M4.8,1
53,20260618,AUG_QUIET_20260618_5,-1.0,NONE,C3.1,0
54,20260618,AUG_QUIET_20260618_6,-1.0,NONE,C4.6,0
55,20260618,AUG_QUIET_20260618_7,-1.0,NONE,C3.8,0
56,20260618,AUG_FLARE_20260618_8_M4.1,57.28,1h,M4.1,1
57,20260618,AUG_QUIET_20260618_9,-1.0,NONE,C3.1,0
58,20260618,AUG_QUIET_20260618_10,-1.0,NONE,C1.3,0
59,20260618,AUG_QUIET_20260618_11,-1.0,NONE,C4.8,0
60,20260603,AUG_FLARE_20260603_0_M4.3,20.43,1h,M4.3,1
61,20260603,AUG_QUIET_20260603_1,-1.0,NONE,C1.5,0
62,20260603,AUG_QUIET_20260603_2,-1.0,NONE,C2.4,0
63,20260603,AUG_QUIET_20260603_3,-1.0,NONE,C3.7,0
64,20260603,AUG_FLARE_20260603_4_M1.4,34.44,1h,M1.4,1
65,20260603,AUG_QUIET_20260603_5,-1.0,NONE,C2.8,0
66,20260603,AUG_QUIET_20260603_6,-1.0,NONE,C2.3,0
67,20260603,AUG_QUIET_20260603_7,-1.0,NONE,C1.4,0
68,20260603,AUG_FLARE_20260603_8_M7.1,24.67,1h,M7.1,1
69,20260603,AUG_QUIET_20260603_9,-1.0,NONE,C4.3,0
70,20260603,AUG_QUIET_20260603_10,-1.0,NONE,C3.8,0
71,20260603,AUG_QUIET_20260603_11,-1.0,NONE,C3.0,0
72,20240531,AUG_FLARE_20240531_0_M8.2,50.96,1h,M8.2,1
73,20240531,AUG_QUIET_20240531_1,-1.0,NONE,C4.1,0
74,20240531,AUG_QUIET_20240531_2,-1.0,NONE,C4.1,0
75,20240531,AUG_QUIET_20240531_3,-1.0,NONE,C1.0,0
76,20240531,AUG_FLARE_20240531_4_M7.2,25.35,1h,M7.2,1
77,20240531,AUG_QUIET_20240531_5,-1.0,NONE,C2.1,0
78,20240531,AUG_QUIET_20240531_6,-1.0,NONE,C3.5,0
79,20240531,AUG_QUIET_20240531_7,-1.0,NONE,C2.5,0
80,20240531,AUG_FLARE_20240531_8_M6.8,24.34,1h,M6.8,1
81,20240531,AUG_QUIET_20240531_9,-1.0,NONE,C3.2,0
82,20240531,AUG_QUIET_20240531_10,-1.0,NONE,C3.3,0
83,20240531,AUG_QUIET_20240531_11,-1.0,NONE,C1.5,0
84,20260629,AUG_FLARE_20260629_0_M1.3,22.19,1h,M1.3,1
85,20260629,AUG_QUIET_20260629_1,-1.0,NONE,C3.0,0
86,20260629,AUG_QUIET_20260629_2,-1.0,NONE,C2.1,0
87,20260629,AUG_QUIET_20260629_3,-1.0,NONE,C3.0,0
88,20260629,AUG_FLARE_20260629_4_M6.0,24.33,1h,M6.0,1
89,20260629,AUG_QUIET_20260629_5,-1.0,NONE,C4.7,0
90,20260629,AUG_QUIET_20260629_6,-1.0,NONE,C2.5,0
91,20260629,AUG_QUIET_20260629_7,-1.0,NONE,C4.0,0
92,20260629,AUG_FLARE_20260629_8_M3.1,53.97,1h,M3.1,1
93,20260629,AUG_QUIET_20260629_9,-1.0,NONE,C3.1,0
94,20260629,AUG_QUIET_20260629_10,-1.0,NONE,C3.3,0
95,20260629,AUG_QUIET_20260629_11,-1.0,NONE,C4.1,0
96,20260529,AUG_FLARE_20260529_0_M5.3,19.5,1h,M5.3,1
97,20260529,AUG_QUIET_20260529_1,-1.0,NONE,C4.4,0
98,20260529,AUG_QUIET_20260529_2,-1.0,NONE,C4.8,0
99,20260529,AUG_QUIET_20260529_3,-1.0,NONE,C2.0,0
100,20260529,AUG_FLARE_20260529_4_M5.0,28.88,1h,M5.0,1
101,20260529,AUG_QUIET_20260529_5,-1.0,NONE,C4.0,0
102,20260529,AUG_QUIET_20260529_6,-1.0,NONE,C1.7,0
103,20260529,AUG_QUIET_20260529_7,-1.0,NONE,C1.2,0
104,20260529,AUG_FLARE_20260529_8_M5.8,37.19,1h,M5.8,1
105,20260529,AUG_QUIET_20260529_9,-1.0,NONE,C2.1,0
106,20260529,AUG_QUIET_20260529_10,-1.0,NONE,C1.0,0
107,20260529,AUG_QUIET_20260529_11,-1.0,NONE,C2.5,0
108,20260514,AUG_FLARE_20260514_0_M6.0,33.16,1h,M6.0,1
109,20260514,AUG_QUIET_20260514_1,-1.0,NONE,C4.4,0
110,20260514,AUG_QUIET_20260514_2,-1.0,NONE,C3.5,0
111,20260514,AUG_QUIET_20260514_3,-1.0,NONE,C2.5,0
112,20260514,AUG_FLARE_20260514_4_M4.0,41.04,1h,M4.0,1
113,20260514,AUG_QUIET_20260514_5,-1.0,NONE,C1.4,0
114,20260514,AUG_QUIET_20260514_6,-1.0,NONE,C1.7,0
115,20260514,AUG_QUIET_20260514_7,-1.0,NONE,C4.2,0
116,20260514,AUG_FLARE_20260514_8_M2.4,33.51,1h,M2.4,1
117,20260514,AUG_QUIET_20260514_9,-1.0,NONE,C1.2,0
118,20260514,AUG_QUIET_20260514_10,-1.0,NONE,C3.2,0
119,20260514,AUG_QUIET_20260514_11,-1.0,NONE,C3.8,0
120,20240518,AUG_FLARE_20240518_0_M7.8,53.43,1h,M7.8,1
121,20240518,AUG_QUIET_20240518_1,-1.0,NONE,C2.2,0
122,20240518,AUG_QUIET_20240518_2,-1.0,NONE,C3.5,0
123,20240518,AUG_QUIET_20240518_3,-1.0,NONE,C1.0,0
124,20240518,AUG_FLARE_20240518_4_M5.5,35.58,1h,M5.5,1
125,20240518,AUG_QUIET_20240518_5,-1.0,NONE,C3.8,0
126,20240518,AUG_QUIET_20240518_6,-1.0,NONE,C1.4,0
127,20240518,AUG_QUIET_20240518_7,-1.0,NONE,C2.5,0
128,20240518,AUG_FLARE_20240518_8_M3.8,50.27,1h,M3.8,1
129,20240518,AUG_QUIET_20240518_9,-1.0,NONE,C1.1,0
130,20240518,AUG_QUIET_20240518_10,-1.0,NONE,C3.6,0
131,20240518,AUG_QUIET_20240518_11,-1.0,NONE,C4.3,0
132,20260627,AUG_FLARE_20260627_0_M5.6,41.23,1h,M5.6,1
133,20260627,AUG_QUIET_20260627_1,-1.0,NONE,C2.7,0
134,20260627,AUG_QUIET_20260627_2,-1.0,NONE,C1.1,0
135,20260627,AUG_QUIET_20260627_3,-1.0,NONE,C3.1,0
136,20260627,AUG_FLARE_20260627_4_M6.4,28.1,1h,M6.4,1
137,20260627,AUG_QUIET_20260627_5,-1.0,NONE,C4.6,0
138,20260627,AUG_QUIET_20260627_6,-1.0,NONE,C2.1,0
139,20260627,AUG_QUIET_20260627_7,-1.0,NONE,C2.1,0
140,20260627,AUG_FLARE_20260627_8_M5.2,57.54,1h,M5.2,1
141,20260627,AUG_QUIET_20260627_9,-1.0,NONE,C1.8,0
142,20260627,AUG_QUIET_20260627_10,-1.0,NONE,C1.3,0
143,20260627,AUG_QUIET_20260627_11,-1.0,NONE,C4.6,0
144,20260701,AUG_FLARE_20260701_0_M3.1,29.97,1h,M3.1,1
145,20260701,AUG_QUIET_20260701_1,-1.0,NONE,C2.3,0
146,20260701,AUG_QUIET_20260701_2,-1.0,NONE,C1.1,0
147,20260701,AUG_QUIET_20260701_3,-1.0,NONE,C2.2,0
148,20260701,AUG_FLARE_20260701_4_M1.8,35.69,1h,M1.8,1
149,20260701,AUG_QUIET_20260701_5,-1.0,NONE,C2.5,0
150,20260701,AUG_QUIET_20260701_6,-1.0,NONE,C4.4,0
151,20260701,AUG_QUIET_20260701_7,-1.0,NONE,C3.2,0
152,20260701,AUG_FLARE_20260701_8_M3.2,28.08,1h,M3.2,1
153,20260701,AUG_QUIET_20260701_9,-1.0,NONE,C3.3,0
154,20260701,AUG_QUIET_20260701_10,-1.0,NONE,C3.2,0
155,20260701,AUG_QUIET_20260701_11,-1.0,NONE,C2.3,0
156,20260702,AUG_FLARE_20260702_0_M4.3,42.41,1h,M4.3,1
157,20260702,AUG_QUIET_20260702_1,-1.0,NONE,C4.0,0
158,20260702,AUG_QUIET_20260702_2,-1.0,NONE,C4.3,0
159,20260702,AUG_QUIET_20260702_3,-1.0,NONE,C1.5,0
160,20260702,AUG_FLARE_20260702_4_M8.7,24.76,1h,M8.7,1
161,20260702,AUG_QUIET_20260702_5,-1.0,NONE,C4.7,0
162,20260702,AUG_QUIET_20260702_6,-1.0,NONE,C3.8,0
163,20260702,AUG_QUIET_20260702_7,-1.0,NONE,C3.7,0
164,20260702,AUG_FLARE_20260702_8_M2.6,27.51,1h,M2.6,1
165,20260702,AUG_QUIET_20260702_9,-1.0,NONE,C1.4,0
166,20260702,AUG_QUIET_20260702_10,-1.0,NONE,C3.3,0
167,20260702,AUG_QUIET_20260702_11,-1.0,NONE,C2.8,0
168,20260511,AUG_FLARE_20260511_0_M2.5,36.41,1h,M2.5,1
169,20260511,AUG_QUIET_20260511_1,-1.0,NONE,C4.5,0
170,20260511,AUG_QUIET_20260511_2,-1.0,NONE,C2.5,0
171,20260511,AUG_QUIET_20260511_3,-1.0,NONE,C2.2,0
172,20260511,AUG_FLARE_20260511_4_M6.6,27.05,1h,M6.6,1
173,20260511,AUG_QUIET_20260511_5,-1.0,NONE,C4.6,0
174,20260511,AUG_QUIET_20260511_6,-1.0,NONE,C1.5,0
175,20260511,AUG_QUIET_20260511_7,-1.0,NONE,C2.6,0
176,20260511,AUG_FLARE_20260511_8_M8.3,38.88,1h,M8.3,1
177,20260511,AUG_QUIET_20260511_9,-1.0,NONE,C4.0,0
178,20260511,AUG_QUIET_20260511_10,-1.0,NONE,C1.1,0
179,20260511,AUG_QUIET_20260511_11,-1.0,NONE,C4.8,0
180,20240520,AUG_FLARE_20240520_0_M8.8,40.79,1h,M8.8,1
181,20240520,AUG_QUIET_20240520_1,-1.0,NONE,C1.6,0
182,20240520,AUG_QUIET_20240520_2,-1.0,NONE,C3.4,0
183,20240520,AUG_QUIET_20240520_3,-1.0,NONE,C4.5,0
184,20240520,AUG_FLARE_20240520_4_M3.6,15.37,1h,M3.6,1
185,20240520,AUG_QUIET_20240520_5,-1.0,NONE,C4.0,0
186,20240520,AUG_QUIET_20240520_6,-1.0,NONE,C2.0,0
187,20240520,AUG_QUIET_20240520_7,-1.0,NONE,C1.6,0
188,20240520,AUG_FLARE_20240520_8_M1.2,19.21,1h,M1.2,1
189,20240520,AUG_QUIET_20240520_9,-1.0,NONE,C4.2,0
190,20240520,AUG_QUIET_20240520_10,-1.0,NONE,C4.3,0
191,20240520,AUG_QUIET_20240520_11,-1.0,NONE,C1.2,0
192,20260508,AUG_FLARE_20260508_0_M2.0,54.41,1h,M2.0,1
193,20260508,AUG_QUIET_20260508_1,-1.0,NONE,C1.8,0
194,20260508,AUG_QUIET_20260508_2,-1.0,NONE,C3.4,0
195,20260508,AUG_QUIET_20260508_3,-1.0,NONE,C4.1,0
196,20260508,AUG_FLARE_20260508_4_M7.5,54.26,1h,M7.5,1
197,20260508,AUG_QUIET_20260508_5,-1.0,NONE,C1.3,0
198,20260508,AUG_QUIET_20260508_6,-1.0,NONE,C2.7,0
199,20260508,AUG_QUIET_20260508_7,-1.0,NONE,C4.5,0
200,20260508,AUG_FLARE_20260508_8_M8.7,45.97,1h,M8.7,1
201,20260508,AUG_QUIET_20260508_9,-1.0,NONE,C3.0,0
202,20260508,AUG_QUIET_20260508_10,-1.0,NONE,C3.2,0
203,20260508,AUG_QUIET_20260508_11,-1.0,NONE,C4.8,0
204,20260613,AUG_FLARE_20260613_0_M5.8,39.52,1h,M5.8,1
205,20260613,AUG_QUIET_20260613_1,-1.0,NONE,C3.2,0
206,20260613,AUG_QUIET_20260613_2,-1.0,NONE,C3.4,0
207,20260613,AUG_QUIET_20260613_3,-1.0,NONE,C1.8,0
208,20260613,AUG_FLARE_20260613_4_M5.5,49.03,1h,M5.5,1
209,20260613,AUG_QUIET_20260613_5,-1.0,NONE,C2.2,0
210,20260613,AUG_QUIET_20260613_6,-1.0,NONE,C3.7,0
211,20260613,AUG_QUIET_20260613_7,-1.0,NONE,C4.8,0
212,20260613,AUG_FLARE_20260613_8_M1.4,25.07,1h,M1.4,1
213,20260613,AUG_QUIET_20260613_9,-1.0,NONE,C4.3,0
214,20260613,AUG_QUIET_20260613_10,-1.0,NONE,C2.3,0
215,20260613,AUG_QUIET_20260613_11,-1.0,NONE,C2.7,0
216,20260512,AUG_FLARE_20260512_0_M4.5,24.26,1h,M4.5,1
217,20260512,AUG_QUIET_20260512_1,-1.0,NONE,C4.2,0
218,20260512,AUG_QUIET_20260512_2,-1.0,NONE,C4.3,0
219,20260512,AUG_QUIET_20260512_3,-1.0,NONE,C4.6,0
220,20260512,AUG_FLARE_20260512_4_M5.2,37.29,1h,M5.2,1
221,20260512,AUG_QUIET_20260512_5,-1.0,NONE,C4.4,0
222,20260512,AUG_QUIET_20260512_6,-1.0,NONE,C4.5,0
223,20260512,AUG_QUIET_20260512_7,-1.0,NONE,C4.2,0
224,20260512,AUG_FLARE_20260512_8_M5.0,49.05,1h,M5.0,1
225,20260512,AUG_QUIET_20260512_9,-1.0,NONE,C3.2,0
226,20260512,AUG_QUIET_20260512_10,-1.0,NONE,C2.8,0
227,20260512,AUG_QUIET_20260512_11,-1.0,NONE,C2.3,0
228,20260519,AUG_FLARE_20260519_0_M2.5,20.39,1h,M2.5,1
229,20260519,AUG_QUIET_20260519_1,-1.0,NONE,C2.7,0
230,20260519,AUG_QUIET_20260519_2,-1.0,NONE,C3.4,0
231,20260519,AUG_QUIET_20260519_3,-1.0,NONE,C3.4,0
232,20260519,AUG_FLARE_20260519_4_M1.2,33.38,1h,M1.2,1
233,20260519,AUG_QUIET_20260519_5,-1.0,NONE,C2.2,0
234,20260519,AUG_QUIET_20260519_6,-1.0,NONE,C3.8,0
235,20260519,AUG_QUIET_20260519_7,-1.0,NONE,C1.7,0
236,20260519,AUG_FLARE_20260519_8_M8.3,26.73,1h,M8.3,1
237,20260519,AUG_QUIET_20260519_9,-1.0,NONE,C4.4,0
238,20260519,AUG_QUIET_20260519_10,-1.0,NONE,C1.8,0
239,20260519,AUG_QUIET_20260519_11,-1.0,NONE,C2.4,0
240,20260620,AUG_FLARE_20260620_0_M8.8,21.31,1h,M8.8,1
241,20260620,AUG_QUIET_20260620_1,-1.0,NONE,C2.7,0
242,20260620,AUG_QUIET_20260620_2,-1.0,NONE,C4.8,0
243,20260620,AUG_QUIET_20260620_3,-1.0,NONE,C2.5,0
244,20260620,AUG_FLARE_20260620_4_M5.7,33.03,1h,M5.7,1
245,20260620,AUG_QUIET_20260620_5,-1.0,NONE,C4.3,0
246,20260620,AUG_QUIET_20260620_6,-1.0,NONE,C2.7,0
247,20260620,AUG_QUIET_20260620_7,-1.0,NONE,C2.4,0
248,20260620,AUG_FLARE_20260620_8_M1.6,38.21,1h,M1.6,1
249,20260620,AUG_QUIET_20260620_9,-1.0,NONE,C3.8,0
250,20260620,AUG_QUIET_20260620_10,-1.0,NONE,C4.5,0
251,20260620,AUG_QUIET_20260620_11,-1.0,NONE,C1.3,0
252,20240523,AUG_FLARE_20240523_0_M5.3,50.52,1h,M5.3,1
253,20240523,AUG_QUIET_20240523_1,-1.0,NONE,C2.4,0
254,20240523,AUG_QUIET_20240523_2,-1.0,NONE,C3.4,0
255,20240523,AUG_QUIET_20240523_3,-1.0,NONE,C4.2,0
256,20240523,AUG_FLARE_20240523_4_M3.1,55.51,1h,M3.1,1
257,20240523,AUG_QUIET_20240523_5,-1.0,NONE,C2.2,0
258,20240523,AUG_QUIET_20240523_6,-1.0,NONE,C1.1,0
259,20240523,AUG_QUIET_20240523_7,-1.0,NONE,C4.1,0
260,20240523,AUG_FLARE_20240523_8_M2.4,54.81,1h,M2.4,1
261,20240523,AUG_QUIET_20240523_9,-1.0,NONE,C4.3,0
262,20240523,AUG_QUIET_20240523_10,-1.0,NONE,C2.1,0
263,20240523,AUG_QUIET_20240523_11,-1.0,NONE,C2.5,0
264,20260703,AUG_FLARE_20260703_0_M2.8,42.25,1h,M2.8,1
265,20260703,AUG_QUIET_20260703_1,-1.0,NONE,C1.6,0
266,20260703,AUG_QUIET_20260703_2,-1.0,NONE,C1.4,0
267,20260703,AUG_QUIET_20260703_3,-1.0,NONE,C3.4,0
268,20260703,AUG_FLARE_20260703_4_M5.6,48.07,1h,M5.6,1
269,20260703,AUG_QUIET_20260703_5,-1.0,NONE,C2.1,0
270,20260703,AUG_QUIET_20260703_6,-1.0,NONE,C4.1,0
271,20260703,AUG_QUIET_20260703_7,-1.0,NONE,C1.6,0
272,20260703,AUG_FLARE_20260703_8_M5.1,28.68,1h,M5.1,1
273,20260703,AUG_QUIET_20260703_9,-1.0,NONE,C3.8,0
274,20260703,AUG_QUIET_20260703_10,-1.0,NONE,C3.7,0
275,20260703,AUG_QUIET_20260703_11,-1.0,NONE,C2.2,0
276,20260525,AUG_FLARE_20260525_0_M7.6,59.04,1h,M7.6,1
277,20260525,AUG_QUIET_20260525_1,-1.0,NONE,C3.6,0
278,20260525,AUG_QUIET_20260525_2,-1.0,NONE,C1.2,0
279,20260525,AUG_QUIET_20260525_3,-1.0,NONE,C1.7,0
280,20260525,AUG_FLARE_20260525_4_M6.3,39.11,1h,M6.3,1
281,20260525,AUG_QUIET_20260525_5,-1.0,NONE,C2.7,0
282,20260525,AUG_QUIET_20260525_6,-1.0,NONE,C3.8,0
283,20260525,AUG_QUIET_20260525_7,-1.0,NONE,C1.8,0
284,20260525,AUG_FLARE_20260525_8_M2.7,30.8,1h,M2.7,1
285,20260525,AUG_QUIET_20260525_9,-1.0,NONE,C4.6,0
286,20260525,AUG_QUIET_20260525_10,-1.0,NONE,C1.7,0
287,20260525,AUG_QUIET_20260525_11,-1.0,NONE,C4.5,0
288,20260521,AUG_FLARE_20260521_0_M1.6,30.93,1h,M1.6,1
289,20260521,AUG_QUIET_20260521_1,-1.0,NONE,C4.0,0
290,20260521,AUG_QUIET_20260521_2,-1.0,NONE,C2.5,0
291,20260521,AUG_QUIET_20260521_3,-1.0,NONE,C4.4,0
292,20260521,AUG_FLARE_20260521_4_M5.2,45.86,1h,M5.2,1
293,20260521,AUG_QUIET_20260521_5,-1.0,NONE,C2.6,0
294,20260521,AUG_QUIET_20260521_6,-1.0,NONE,C3.4,0
295,20260521,AUG_QUIET_20260521_7,-1.0,NONE,C1.6,0
296,20260521,AUG_FLARE_20260521_8_M2.6,43.51,1h,M2.6,1
297,20260521,AUG_QUIET_20260521_9,-1.0,NONE,C3.5,0
298,20260521,AUG_QUIET_20260521_10,-1.0,NONE,C3.2,0
299,20260521,AUG_QUIET_20260521_11,-1.0,NONE,C3.1,0
300,20260610,AUG_FLARE_20260610_0_M3.7,40.48,1h,M3.7,1
301,20260610,AUG_QUIET_20260610_1,-1.0,NONE,C3.5,0
302,20260610,AUG_QUIET_20260610_2,-1.0,NONE,C2.5,0
303,20260610,AUG_QUIET_20260610_3,-1.0,NONE,C2.5,0
304,20260610,AUG_FLARE_20260610_4_M1.0,27.73,1h,M1.0,1
305,20260610,AUG_QUIET_20260610_5,-1.0,NONE,C4.8,0
306,20260610,AUG_QUIET_20260610_6,-1.0,NONE,C3.3,0
307,20260610,AUG_QUIET_20260610_7,-1.0,NONE,C4.5,0
308,20260610,AUG_FLARE_20260610_8_M3.4,54.59,1h,M3.4,1
309,20260610,AUG_QUIET_20260610_9,-1.0,NONE,C1.6,0
310,20260610,AUG_QUIET_20260610_10,-1.0,NONE,C1.8,0
311,20260610,AUG_QUIET_20260610_11,-1.0,NONE,C1.8,0
312,20260515,AUG_FLARE_20260515_0_M7.5,37.78,1h,M7.5,1
313,20260515,AUG_QUIET_20260515_1,-1.0,NONE,C3.0,0
314,20260515,AUG_QUIET_20260515_2,-1.0,NONE,C2.4,0
315,20260515,AUG_QUIET_20260515_3,-1.0,NONE,C2.5,0
316,20260515,AUG_FLARE_20260515_4_M6.8,57.27,1h,M6.8,1
317,20260515,AUG_QUIET_20260515_5,-1.0,NONE,C3.8,0
318,20260515,AUG_QUIET_20260515_6,-1.0,NONE,C4.8,0
319,20260515,AUG_QUIET_20260515_7,-1.0,NONE,C3.0,0
320,20260515,AUG_FLARE_20260515_8_M8.2,28.64,1h,M8.2,1
321,20260515,AUG_QUIET_20260515_9,-1.0,NONE,C4.7,0
322,20260515,AUG_QUIET_20260515_10,-1.0,NONE,C3.1,0
323,20260515,AUG_QUIET_20260515_11,-1.0,NONE,C1.8,0
324,20260611,AUG_FLARE_20260611_0_M6.3,24.74,1h,M6.3,1
325,20260611,AUG_QUIET_20260611_1,-1.0,NONE,C4.2,0
326,20260611,AUG_QUIET_20260611_2,-1.0,NONE,C2.5,0
327,20260611,AUG_QUIET_20260611_3,-1.0,NONE,C4.2,0
328,20260611,AUG_FLARE_20260611_4_M2.4,46.18,1h,M2.4,1
329,20260611,AUG_QUIET_20260611_5,-1.0,NONE,C4.8,0
330,20260611,AUG_QUIET_20260611_6,-1.0,NONE,C4.0,0
331,20260611,AUG_QUIET_20260611_7,-1.0,NONE,C1.2,0
332,20260611,AUG_FLARE_20260611_8_M1.5,48.22,1h,M1.5,1
333,20260611,AUG_QUIET_20260611_9,-1.0,NONE,C2.7,0
334,20260611,AUG_QUIET_20260611_10,-1.0,NONE,C3.2,0
335,20260611,AUG_QUIET_20260611_11,-1.0,NONE,C1.7,0
336,20260607,AUG_FLARE_20260607_0_M2.1,47.55,1h,M2.1,1
337,20260607,AUG_QUIET_20260607_1,-1.0,NONE,C2.4,0
338,20260607,AUG_QUIET_20260607_2,-1.0,NONE,C4.8,0
339,20260607,AUG_QUIET_20260607_3,-1.0,NONE,C3.6,0
340,20260607,AUG_FLARE_20260607_4_M6.5,25.19,1h,M6.5,1
341,20260607,AUG_QUIET_20260607_5,-1.0,NONE,C1.1,0
342,20260607,AUG_QUIET_20260607_6,-1.0,NONE,C1.5,0
343,20260607,AUG_QUIET_20260607_7,-1.0,NONE,C2.0,0
344,20260607,AUG_FLARE_20260607_8_M7.2,56.43,1h,M7.2,1
345,20260607,AUG_QUIET_20260607_9,-1.0,NONE,C4.5,0
346,20260607,AUG_QUIET_20260607_10,-1.0,NONE,C2.6,0
347,20260607,AUG_QUIET_20260607_11,-1.0,NONE,C2.2,0
348,20240519,AUG_FLARE_20240519_0_M3.1,48.42,1h,M3.1,1
349,20240519,AUG_QUIET_20240519_1,-1.0,NONE,C4.2,0
350,20240519,AUG_QUIET_20240519_2,-1.0,NONE,C4.2,0
351,20240519,AUG_QUIET_20240519_3,-1.0,NONE,C3.7,0
352,20240519,AUG_FLARE_20240519_4_M1.3,16.1,1h,M1.3,1
353,20240519,AUG_QUIET_20240519_5,-1.0,NONE,C2.6,0
354,20240519,AUG_QUIET_20240519_6,-1.0,NONE,C2.6,0
355,20240519,AUG_QUIET_20240519_7,-1.0,NONE,C1.7,0
356,20240519,AUG_FLARE_20240519_8_M1.2,51.51,1h,M1.2,1
357,20240519,AUG_QUIET_20240519_9,-1.0,NONE,C1.4,0
358,20240519,AUG_QUIET_20240519_10,-1.0,NONE,C4.2,0
359,20240519,AUG_QUIET_20240519_11,-1.0,NONE,C2.6,0
360,20260704,AUG_FLARE_20260704_0_M5.2,35.66,1h,M5.2,1
361,20260704,AUG_QUIET_20260704_1,-1.0,NONE,C3.7,0
362,20260704,AUG_QUIET_20260704_2,-1.0,NONE,C4.8,0
363,20260704,AUG_QUIET_20260704_3,-1.0,NONE,C2.1,0
364,20260704,AUG_FLARE_20260704_4_M1.5,32.49,1h,M1.5,1
365,20260704,AUG_QUIET_20260704_5,-1.0,NONE,C3.3,0
366,20260704,AUG_QUIET_20260704_6,-1.0,NONE,C1.7,0
367,20260704,AUG_QUIET_20260704_7,-1.0,NONE,C4.6,0
368,20260704,AUG_FLARE_20260704_8_M4.6,59.8,1h,M4.6,1
369,20260704,AUG_QUIET_20260704_9,-1.0,NONE,C4.0,0
370,20260704,AUG_QUIET_20260704_10,-1.0,NONE,C2.5,0
371,20260704,AUG_QUIET_20260704_11,-1.0,NONE,C3.0,0
372,20240517,AUG_FLARE_20240517_0_M8.4,58.12,1h,M8.4,1
373,20240517,AUG_QUIET_20240517_1,-1.0,NONE,C2.8,0
374,20240517,AUG_QUIET_20240517_2,-1.0,NONE,C1.7,0
375,20240517,AUG_QUIET_20240517_3,-1.0,NONE,C1.2,0
376,20240517,AUG_FLARE_20240517_4_M4.5,31.12,1h,M4.5,1
377,20240517,AUG_QUIET_20240517_5,-1.0,NONE,C2.6,0
378,20240517,AUG_QUIET_20240517_6,-1.0,NONE,C3.2,0
379,20240517,AUG_QUIET_20240517_7,-1.0,NONE,C2.1,0
380,20240517,AUG_FLARE_20240517_8_M5.0,48.49,1h,M5.0,1
381,20240517,AUG_QUIET_20240517_9,-1.0,NONE,C3.6,0
382,20240517,AUG_QUIET_20240517_10,-1.0,NONE,C2.2,0
383,20240517,AUG_QUIET_20240517_11,-1.0,NONE,C2.1,0
384,20240530,AUG_FLARE_20240530_0_M6.7,22.47,1h,M6.7,1
385,20240530,AUG_QUIET_20240530_1,-1.0,NONE,C1.6,0
386,20240530,AUG_QUIET_20240530_2,-1.0,NONE,C2.3,0
387,20240530,AUG_QUIET_20240530_3,-1.0,NONE,C1.8,0
388,20240530,AUG_FLARE_20240530_4_M3.0,33.97,1h,M3.0,1
389,20240530,AUG_QUIET_20240530_5,-1.0,NONE,C1.3,0
390,20240530,AUG_QUIET_20240530_6,-1.0,NONE,C1.4,0
391,20240530,AUG_QUIET_20240530_7,-1.0,NONE,C3.2,0
392,20240530,AUG_FLARE_20240530_8_M6.6,48.97,1h,M6.6,1
393,20240530,AUG_QUIET_20240530_9,-1.0,NONE,C1.7,0
394,20240530,AUG_QUIET_20240530_10,-1.0,NONE,C4.7,0
395,20240530,AUG_QUIET_20240530_11,-1.0,NONE,C4.2,0
396,20240521,AUG_FLARE_20240521_0_M4.6,58.86,1h,M4.6,1
397,20240521,AUG_QUIET_20240521_1,-1.0,NONE,C4.6,0
398,20240521,AUG_QUIET_20240521_2,-1.0,NONE,C3.0,0
399,20240521,AUG_QUIET_20240521_3,-1.0,NONE,C2.3,0
400,20240521,AUG_FLARE_20240521_4_M8.7,31.7,1h,M8.7,1
401,20240521,AUG_QUIET_20240521_5,-1.0,NONE,C2.8,0
402,20240521,AUG_QUIET_20240521_6,-1.0,NONE,C3.4,0
403,20240521,AUG_QUIET_20240521_7,-1.0,NONE,C3.7,0
404,20240521,AUG_FLARE_20240521_8_M3.0,35.9,1h,M3.0,1
405,20240521,AUG_QUIET_20240521_9,-1.0,NONE,C2.8,0
406,20240521,AUG_QUIET_20240521_10,-1.0,NONE,C3.4,0
407,20240521,AUG_QUIET_20240521_11,-1.0,NONE,C3.4,0
408,20260530,AUG_FLARE_20260530_0_M7.1,53.81,1h,M7.1,1
409,20260530,AUG_QUIET_20260530_1,-1.0,NONE,C3.6,0
410,20260530,AUG_QUIET_20260530_2,-1.0,NONE,C3.6,0
411,20260530,AUG_QUIET_20260530_3,-1.0,NONE,C2.1,0
412,20260530,AUG_FLARE_20260530_4_M5.7,15.63,1h,M5.7,1
413,20260530,AUG_QUIET_20260530_5,-1.0,NONE,C1.2,0
414,20260530,AUG_QUIET_20260530_6,-1.0,NONE,C4.5,0
415,20260530,AUG_QUIET_20260530_7,-1.0,NONE,C2.4,0
416,20260530,AUG_FLARE_20260530_8_M8.4,53.65,1h,M8.4,1
417,20260530,AUG_QUIET_20260530_9,-1.0,NONE,C1.0,0
418,20260530,AUG_QUIET_20260530_10,-1.0,NONE,C1.5,0
419,20260530,AUG_QUIET_20260530_11,-1.0,NONE,C3.6,0
420,20260516,AUG_FLARE_20260516_0_M1.4,27.55,1h,M1.4,1
421,20260516,AUG_QUIET_20260516_1,-1.0,NONE,C2.2,0
422,20260516,AUG_QUIET_20260516_2,-1.0,NONE,C1.7,0
423,20260516,AUG_QUIET_20260516_3,-1.0,NONE,C3.5,0
424,20260516,AUG_FLARE_20260516_4_M2.6,34.99,1h,M2.6,1
425,20260516,AUG_QUIET_20260516_5,-1.0,NONE,C1.7,0
426,20260516,AUG_QUIET_20260516_6,-1.0,NONE,C3.5,0
427,20260516,AUG_QUIET_20260516_7,-1.0,NONE,C4.7,0
428,20260516,AUG_FLARE_20260516_8_M1.2,15.86,1h,M1.2,1
429,20260516,AUG_QUIET_20260516_9,-1.0,NONE,C2.6,0
430,20260516,AUG_QUIET_20260516_10,-1.0,NONE,C2.6,0
431,20260516,AUG_QUIET_20260516_11,-1.0,NONE,C4.2,0
432,20240524,AUG_FLARE_20240524_0_M8.5,43.65,1h,M8.5,1
433,20240524,AUG_QUIET_20240524_1,-1.0,NONE,C4.1,0
434,20240524,AUG_QUIET_20240524_2,-1.0,NONE,C4.1,0
435,20240524,AUG_QUIET_20240524_3,-1.0,NONE,C1.5,0
436,20240524,AUG_FLARE_20240524_4_M6.5,40.38,1h,M6.5,1
437,20240524,AUG_QUIET_20240524_5,-1.0,NONE,C1.4,0
438,20240524,AUG_QUIET_20240524_6,-1.0,NONE,C1.5,0
439,20240524,AUG_QUIET_20240524_7,-1.0,NONE,C3.7,0
440,20240524,AUG_FLARE_20240524_8_M2.5,29.07,1h,M2.5,1
441,20240524,AUG_QUIET_20240524_9,-1.0,NONE,C2.0,0
442,20240524,AUG_QUIET_20240524_10,-1.0,NONE,C4.5,0
443,20240524,AUG_QUIET_20240524_11,-1.0,NONE,C1.2,0
444,20240526,AUG_FLARE_20240526_0_M6.0,42.62,1h,M6.0,1
445,20240526,AUG_QUIET_20240526_1,-1.0,NONE,C3.2,0
446,20240526,AUG_QUIET_20240526_2,-1.0,NONE,C3.1,0
447,20240526,AUG_QUIET_20240526_3,-1.0,NONE,C4.5,0
448,20240526,AUG_FLARE_20240526_4_M8.1,58.68,1h,M8.1,1
449,20240526,AUG_QUIET_20240526_5,-1.0,NONE,C1.0,0
450,20240526,AUG_QUIET_20240526_6,-1.0,NONE,C1.2,0
451,20240526,AUG_QUIET_20240526_7,-1.0,NONE,C1.2,0
452,20240526,AUG_FLARE_20240526_8_M5.7,15.35,1h,M5.7,1
453,20240526,AUG_QUIET_20240526_9,-1.0,NONE,C2.6,0
454,20240526,AUG_QUIET_20240526_10,-1.0,NONE,C3.6,0
455,20240526,AUG_QUIET_20240526_11,-1.0,NONE,C4.6,0
456,20240514,AUG_FLARE_20240514_0_M5.2,42.5,1h,M5.2,1
457,20240514,AUG_QUIET_20240514_1,-1.0,NONE,C1.4,0
458,20240514,AUG_QUIET_20240514_2,-1.0,NONE,C1.8,0
459,20240514,AUG_QUIET_20240514_3,-1.0,NONE,C3.8,0
460,20240514,AUG_FLARE_20240514_4_M7.2,30.07,1h,M7.2,1
461,20240514,AUG_QUIET_20240514_5,-1.0,NONE,C1.1,0
462,20240514,AUG_QUIET_20240514_6,-1.0,NONE,C1.0,0
463,20240514,AUG_QUIET_20240514_7,-1.0,NONE,C2.8,0
464,20240514,AUG_FLARE_20240514_8_M2.3,36.34,1h,M2.3,1
465,20240514,AUG_QUIET_20240514_9,-1.0,NONE,C2.3,0
466,20240514,AUG_QUIET_20240514_10,-1.0,NONE,C2.1,0
467,20240514,AUG_QUIET_20240514_11,-1.0,NONE,C1.7,0
468,20260520,AUG_FLARE_20260520_0_M1.3,15.47,1h,M1.3,1
469,20260520,AUG_QUIET_20260520_1,-1.0,NONE,C2.5,0
470,20260520,AUG_QUIET_20260520_2,-1.0,NONE,C2.0,0
471,20260520,AUG_QUIET_20260520_3,-1.0,NONE,C4.5,0
472,20260520,AUG_FLARE_20260520_4_M6.0,38.31,1h,M6.0,1
473,20260520,AUG_QUIET_20260520_5,-1.0,NONE,C1.8,0
474,20260520,AUG_QUIET_20260520_6,-1.0,NONE,C1.3,0
475,20260520,AUG_QUIET_20260520_7,-1.0,NONE,C3.4,0
476,20260520,AUG_FLARE_20260520_8_M7.6,59.76,1h,M7.6,1
477,20260520,AUG_QUIET_20260520_9,-1.0,NONE,C2.7,0
478,20260520,AUG_QUIET_20260520_10,-1.0,NONE,C3.7,0
479,20260520,AUG_QUIET_20260520_11,-1.0,NONE,C4.0,0
480,20260602,AUG_FLARE_20260602_0_M1.6,49.79,1h,M1.6,1
481,20260602,AUG_QUIET_20260602_1,-1.0,NONE,C3.2,0
482,20260602,AUG_QUIET_20260602_2,-1.0,NONE,C3.1,0
483,20260602,AUG_QUIET_20260602_3,-1.0,NONE,C3.8,0
484,20260602,AUG_FLARE_20260602_4_M4.6,29.91,1h,M4.6,1
485,20260602,AUG_QUIET_20260602_5,-1.0,NONE,C2.2,0
486,20260602,AUG_QUIET_20260602_6,-1.0,NONE,C2.6,0
487,20260602,AUG_QUIET_20260602_7,-1.0,NONE,C2.3,0
488,20260602,AUG_FLARE_20260602_8_M5.0,51.15,1h,M5.0,1
489,20260602,AUG_QUIET_20260602_9,-1.0,NONE,C1.8,0
490,20260602,AUG_QUIET_20260602_10,-1.0,NONE,C4.2,0
491,20260602,AUG_QUIET_20260602_11,-1.0,NONE,C1.5,0
492,20260524,AUG_FLARE_20260524_0_M3.8,43.98,1h,M3.8,1
493,20260524,AUG_QUIET_20260524_1,-1.0,NONE,C4.0,0
494,20260524,AUG_QUIET_20260524_2,-1.0,NONE,C2.8,0
495,20260524,AUG_QUIET_20260524_3,-1.0,NONE,C3.2,0
496,20260524,AUG_FLARE_20260524_4_M5.6,26.43,1h,M5.6,1
497,20260524,AUG_QUIET_20260524_5,-1.0,NONE,C4.1,0
498,20260524,AUG_QUIET_20260524_6,-1.0,NONE,C3.5,0
499,20260524,AUG_QUIET_20260524_7,-1.0,NONE,C4.4,0
500,20260524,AUG_FLARE_20260524_8_M7.5,35.71,1h,M7.5,1
501,20260524,AUG_QUIET_20260524_9,-1.0,NONE,C1.7,0
502,20260524,AUG_QUIET_20260524_10,-1.0,NONE,C2.2,0
503,20260524,AUG_QUIET_20260524_11,-1.0,NONE,C2.3,0
504,20260616,AUG_FLARE_20260616_0_M6.5,17.82,1h,M6.5,1
505,20260616,AUG_QUIET_20260616_1,-1.0,NONE,C4.8,0
506,20260616,AUG_QUIET_20260616_2,-1.0,NONE,C3.1,0
507,20260616,AUG_QUIET_20260616_3,-1.0,NONE,C2.3,0
508,20260616,AUG_FLARE_20260616_4_M3.3,19.59,1h,M3.3,1
509,20260616,AUG_QUIET_20260616_5,-1.0,NONE,C4.6,0
510,20260616,AUG_QUIET_20260616_6,-1.0,NONE,C4.4,0
511,20260616,AUG_QUIET_20260616_7,-1.0,NONE,C3.3,0
512,20260616,AUG_FLARE_20260616_8_M8.8,38.28,1h,M8.8,1
513,20260616,AUG_QUIET_20260616_9,-1.0,NONE,C2.4,0
514,20260616,AUG_QUIET_20260616_10,-1.0,NONE,C3.6,0
515,20260616,AUG_QUIET_20260616_11,-1.0,NONE,C4.0,0
516,20260513,AUG_FLARE_20260513_0_M1.4,39.57,1h,M1.4,1
517,20260513,AUG_QUIET_20260513_1,-1.0,NONE,C2.4,0
518,20260513,AUG_QUIET_20260513_2,-1.0,NONE,C4.0,0
519,20260513,AUG_QUIET_20260513_3,-1.0,NONE,C3.0,0
520,20260513,AUG_FLARE_20260513_4_M6.7,47.17,1h,M6.7,1
521,20260513,AUG_QUIET_20260513_5,-1.0,NONE,C4.0,0
522,20260513,AUG_QUIET_20260513_6,-1.0,NONE,C2.7,0
523,20260513,AUG_QUIET_20260513_7,-1.0,NONE,C4.3,0
524,20260513,AUG_FLARE_20260513_8_M1.2,43.06,1h,M1.2,1
525,20260513,AUG_QUIET_20260513_9,-1.0,NONE,C4.6,0
526,20260513,AUG_QUIET_20260513_10,-1.0,NONE,C2.4,0
527,20260513,AUG_QUIET_20260513_11,-1.0,NONE,C3.2,0
528,20260523,AUG_FLARE_20260523_0_M6.6,52.14,1h,M6.6,1
529,20260523,AUG_QUIET_20260523_1,-1.0,NONE,C1.5,0
530,20260523,AUG_QUIET_20260523_2,-1.0,NONE,C4.3,0
531,20260523,AUG_QUIET_20260523_3,-1.0,NONE,C4.3,0
532,20260523,AUG_FLARE_20260523_4_M3.1,58.29,1h,M3.1,1
533,20260523,AUG_QUIET_20260523_5,-1.0,NONE,C4.3,0
534,20260523,AUG_QUIET_20260523_6,-1.0,NONE,C1.3,0
535,20260523,AUG_QUIET_20260523_7,-1.0,NONE,C1.3,0
536,20260523,AUG_FLARE_20260523_8_M3.1,54.95,1h,M3.1,1
537,20260523,AUG_QUIET_20260523_9,-1.0,NONE,C4.7,0
538,20260523,AUG_QUIET_20260523_10,-1.0,NONE,C3.3,0
539,20260523,AUG_QUIET_20260523_11,-1.0,NONE,C2.5,0
540,20260624,AUG_FLARE_20260624_0_M6.6,24.6,1h,M6.6,1
541,20260624,AUG_QUIET_20260624_1,-1.0,NONE,C1.2,0
542,20260624,AUG_QUIET_20260624_2,-1.0,NONE,C4.7,0
543,20260624,AUG_QUIET_20260624_3,-1.0,NONE,C3.5,0
544,20260624,AUG_FLARE_20260624_4_M1.3,52.44,1h,M1.3,1
545,20260624,AUG_QUIET_20260624_5,-1.0,NONE,C4.7,0
546,20260624,AUG_QUIET_20260624_6,-1.0,NONE,C3.4,0
547,20260624,AUG_QUIET_20260624_7,-1.0,NONE,C2.6,0
548,20260624,AUG_FLARE_20260624_8_M4.4,15.96,1h,M4.4,1
549,20260624,AUG_QUIET_20260624_9,-1.0,NONE,C4.7,0
550,20260624,AUG_QUIET_20260624_10,-1.0,NONE,C3.6,0
551,20260624,AUG_QUIET_20260624_11,-1.0,NONE,C3.2,0
552,20260625,AUG_FLARE_20260625_0_M2.7,36.16,1h,M2.7,1
553,20260625,AUG_QUIET_20260625_1,-1.0,NONE,C4.2,0
554,20260625,AUG_QUIET_20260625_2,-1.0,NONE,C4.6,0
555,20260625,AUG_QUIET_20260625_3,-1.0,NONE,C3.8,0
556,20260625,AUG_FLARE_20260625_4_M4.8,41.55,1h,M4.8,1
557,20260625,AUG_QUIET_20260625_5,-1.0,NONE,C4.5,0
558,20260625,AUG_QUIET_20260625_6,-1.0,NONE,C4.5,0
559,20260625,AUG_QUIET_20260625_7,-1.0,NONE,C2.2,0
560,20260625,AUG_FLARE_20260625_8_M3.8,39.71,1h,M3.8,1
561,20260625,AUG_QUIET_20260625_9,-1.0,NONE,C4.1,0
562,20260625,AUG_QUIET_20260625_10,-1.0,NONE,C2.7,0
563,20260625,AUG_QUIET_20260625_11,-1.0,NONE,C4.3,0
564,20260507,AUG_FLARE_20260507_0_M7.0,26.41,1h,M7.0,1
565,20260507,AUG_QUIET_20260507_1,-1.0,NONE,C1.1,0
566,20260507,AUG_QUIET_20260507_2,-1.0,NONE,C3.0,0
567,20260507,AUG_QUIET_20260507_3,-1.0,NONE,C1.0,0
568,20260507,AUG_FLARE_20260507_4_M4.0,18.74,1h,M4.0,1
569,20260507,AUG_QUIET_20260507_5,-1.0,NONE,C4.7,0
570,20260507,AUG_QUIET_20260507_6,-1.0,NONE,C3.5,0
571,20260507,AUG_QUIET_20260507_7,-1.0,NONE,C4.0,0
572,20260507,AUG_FLARE_20260507_8_M7.2,52.13,1h,M7.2,1
573,20260507,AUG_QUIET_20260507_9,-1.0,NONE,C2.4,0
574,20260507,AUG_QUIET_20260507_10,-1.0,NONE,C1.5,0
575,20260507,AUG_QUIET_20260507_11,-1.0,NONE,C1.3,0
576,20240515,AUG_FLARE_20240515_0_M4.5,35.07,1h,M4.5,1
577,20240515,AUG_QUIET_20240515_1,-1.0,NONE,C2.5,0
578,20240515,AUG_QUIET_20240515_2,-1.0,NONE,C1.6,0
579,20240515,AUG_QUIET_20240515_3,-1.0,NONE,C1.1,0
580,20240515,AUG_FLARE_20240515_4_M1.2,40.13,1h,M1.2,1
581,20240515,AUG_QUIET_20240515_5,-1.0,NONE,C1.7,0
582,20240515,AUG_QUIET_20240515_6,-1.0,NONE,C1.2,0
583,20240515,AUG_QUIET_20240515_7,-1.0,NONE,C1.6,0
584,20240515,AUG_FLARE_20240515_8_M4.7,52.56,1h,M4.7,1
585,20240515,AUG_QUIET_20240515_9,-1.0,NONE,C3.5,0
586,20240515,AUG_QUIET_20240515_10,-1.0,NONE,C2.2,0
587,20240515,AUG_QUIET_20240515_11,-1.0,NONE,C4.8,0
588,20260510,AUG_FLARE_20260510_0_M3.0,26.89,1h,M3.0,1
589,20260510,AUG_QUIET_20260510_1,-1.0,NONE,C1.7,0
590,20260510,AUG_QUIET_20260510_2,-1.0,NONE,C4.3,0
591,20260510,AUG_QUIET_20260510_3,-1.0,NONE,C3.0,0
592,20260510,AUG_FLARE_20260510_4_M7.4,51.11,1h,M7.4,1
593,20260510,AUG_QUIET_20260510_5,-1.0,NONE,C3.1,0
594,20260510,AUG_QUIET_20260510_6,-1.0,NONE,C1.6,0
595,20260510,AUG_QUIET_20260510_7,-1.0,NONE,C2.5,0
596,20260510,AUG_FLARE_20260510_8_M6.3,41.95,1h,M6.3,1
597,20260510,AUG_QUIET_20260510_9,-1.0,NONE,C3.2,0
598,20260510,AUG_QUIET_20260510_10,-1.0,NONE,C4.5,0
599,20260510,AUG_QUIET_20260510_11,-1.0,NONE,C3.0,0
600,20260615,AUG_FLARE_20260615_0_M8.2,57.67,1h,M8.2,1
601,20260615,AUG_QUIET_20260615_1,-1.0,NONE,C1.1,0
602,20260615,AUG_QUIET_20260615_2,-1.0,NONE,C2.0,0
603,20260615,AUG_QUIET_20260615_3,-1.0,NONE,C4.0,0
604,20260615,AUG_FLARE_20260615_4_M6.5,58.07,1h,M6.5,1
605,20260615,AUG_QUIET_20260615_5,-1.0,NONE,C3.7,0
606,20260615,AUG_QUIET_20260615_6,-1.0,NONE,C3.5,0
607,20260615,AUG_QUIET_20260615_7,-1.0,NONE,C2.1,0
608,20260615,AUG_FLARE_20260615_8_M2.8,39.04,1h,M2.8,1
609,20260615,AUG_QUIET_20260615_9,-1.0,NONE,C4.0,0
610,20260615,AUG_QUIET_20260615_10,-1.0,NONE,C1.0,0
611,20260615,AUG_QUIET_20260615_11,-1.0,NONE,C2.2,0
612,20260608,AUG_FLARE_20260608_0_M1.5,49.14,1h,M1.5,1
613,20260608,AUG_QUIET_20260608_1,-1.0,NONE,C1.4,0
614,20260608,AUG_QUIET_20260608_2,-1.0,NONE,C4.5,0
615,20260608,AUG_QUIET_20260608_3,-1.0,NONE,C4.8,0
616,20260608,AUG_FLARE_20260608_4_M3.1,48.16,1h,M3.1,1
617,20260608,AUG_QUIET_20260608_5,-1.0,NONE,C3.5,0
618,20260608,AUG_QUIET_20260608_6,-1.0,NONE,C4.4,0
619,20260608,AUG_QUIET_20260608_7,-1.0,NONE,C1.0,0
620,20260608,AUG_FLARE_20260608_8_M1.7,42.96,1h,M1.7,1
621,20260608,AUG_QUIET_20260608_9,-1.0,NONE,C1.4,0
622,20260608,AUG_QUIET_20260608_10,-1.0,NONE,C2.2,0
623,20260608,AUG_QUIET_20260608_11,-1.0,NONE,C2.8,0
624,20260621,AUG_FLARE_20260621_0_M5.0,36.44,1h,M5.0,1
625,20260621,AUG_QUIET_20260621_1,-1.0,NONE,C1.4,0
626,20260621,AUG_QUIET_20260621_2,-1.0,NONE,C2.5,0
627,20260621,AUG_QUIET_20260621_3,-1.0,NONE,C3.8,0
628,20260621,AUG_FLARE_20260621_4_M8.5,51.57,1h,M8.5,1
629,20260621,AUG_QUIET_20260621_5,-1.0,NONE,C3.7,0
630,20260621,AUG_QUIET_20260621_6,-1.0,NONE,C1.7,0
631,20260621,AUG_QUIET_20260621_7,-1.0,NONE,C2.8,0
632,20260621,AUG_FLARE_20260621_8_M3.3,23.4,1h,M3.3,1
633,20260621,AUG_QUIET_20260621_9,-1.0,NONE,C1.2,0
634,20260621,AUG_QUIET_20260621_10,-1.0,NONE,C1.5,0
635,20260621,AUG_QUIET_20260621_11,-1.0,NONE,C3.5,0
636,20240527,AUG_FLARE_20240527_0_M3.5,58.73,1h,M3.5,1
637,20240527,AUG_QUIET_20240527_1,-1.0,NONE,C1.4,0
638,20240527,AUG_QUIET_20240527_2,-1.0,NONE,C1.6,0
639,20240527,AUG_QUIET_20240527_3,-1.0,NONE,C4.5,0
640,20240527,AUG_FLARE_20240527_4_M1.0,38.51,1h,M1.0,1
641,20240527,AUG_QUIET_20240527_5,-1.0,NONE,C4.5,0
642,20240527,AUG_QUIET_20240527_6,-1.0,NONE,C4.8,0
643,20240527,AUG_QUIET_20240527_7,-1.0,NONE,C4.8,0
644,20240527,AUG_FLARE_20240527_8_M2.1,34.53,1h,M2.1,1
645,20240527,AUG_QUIET_20240527_9,-1.0,NONE,C4.8,0
646,20240527,AUG_QUIET_20240527_10,-1.0,NONE,C4.0,0
647,20240527,AUG_QUIET_20240527_11,-1.0,NONE,C3.3,0
648,20240525,AUG_FLARE_20240525_0_M7.1,32.09,1h,M7.1,1
649,20240525,AUG_QUIET_20240525_1,-1.0,NONE,C4.0,0
650,20240525,AUG_QUIET_20240525_2,-1.0,NONE,C3.5,0
651,20240525,AUG_QUIET_20240525_3,-1.0,NONE,C2.8,0
652,20240525,AUG_FLARE_20240525_4_M7.3,18.16,1h,M7.3,1
653,20240525,AUG_QUIET_20240525_5,-1.0,NONE,C1.3,0
654,20240525,AUG_QUIET_20240525_6,-1.0,NONE,C1.5,0
655,20240525,AUG_QUIET_20240525_7,-1.0,NONE,C1.7,0
656,20240525,AUG_FLARE_20240525_8_M1.4,46.05,1h,M1.4,1
657,20240525,AUG_QUIET_20240525_9,-1.0,NONE,C2.4,0
658,20240525,AUG_QUIET_20240525_10,-1.0,NONE,C3.1,0
659,20240525,AUG_QUIET_20240525_11,-1.0,NONE,C2.1,0
660,20260606,AUG_FLARE_20260606_0_M3.8,57.01,1h,M3.8,1
661,20260606,AUG_QUIET_20260606_1,-1.0,NONE,C4.5,0
662,20260606,AUG_QUIET_20260606_2,-1.0,NONE,C3.8,0
663,20260606,AUG_QUIET_20260606_3,-1.0,NONE,C4.2,0
664,20260606,AUG_FLARE_20260606_4_M1.1,47.79,1h,M1.1,1
665,20260606,AUG_QUIET_20260606_5,-1.0,NONE,C2.5,0
666,20260606,AUG_QUIET_20260606_6,-1.0,NONE,C2.8,0
667,20260606,AUG_QUIET_20260606_7,-1.0,NONE,C4.3,0
668,20260606,AUG_FLARE_20260606_8_M2.1,26.51,1h,M2.1,1
669,20260606,AUG_QUIET_20260606_9,-1.0,NONE,C3.1,0
670,20260606,AUG_QUIET_20260606_10,-1.0,NONE,C1.2,0
671,20260606,AUG_QUIET_20260606_11,-1.0,NONE,C4.2,0
672,20240522,AUG_FLARE_20240522_0_M4.3,16.64,1h,M4.3,1
673,20240522,AUG_QUIET_20240522_1,-1.0,NONE,C2.0,0
674,20240522,AUG_QUIET_20240522_2,-1.0,NONE,C2.4,0
675,20240522,AUG_QUIET_20240522_3,-1.0,NONE,C4.7,0
676,20240522,AUG_FLARE_20240522_4_M8.0,52.29,1h,M8.0,1
677,20240522,AUG_QUIET_20240522_5,-1.0,NONE,C2.4,0
678,20240522,AUG_QUIET_20240522_6,-1.0,NONE,C1.5,0
679,20240522,AUG_QUIET_20240522_7,-1.0,NONE,C3.1,0
680,20240522,AUG_FLARE_20240522_8_M6.1,32.83,1h,M6.1,1
681,20240522,AUG_QUIET_20240522_9,-1.0,NONE,C2.6,0
682,20240522,AUG_QUIET_20240522_10,-1.0,NONE,C1.2,0
683,20240522,AUG_QUIET_20240522_11,-1.0,NONE,C4.4,0
684,20260630,AUG_FLARE_20260630_0_M2.2,47.57,1h,M2.2,1
685,20260630,AUG_QUIET_20260630_1,-1.0,NONE,C2.4,0
686,20260630,AUG_QUIET_20260630_2,-1.0,NONE,C1.4,0
687,20260630,AUG_QUIET_20260630_3,-1.0,NONE,C3.2,0
688,20260630,AUG_FLARE_20260630_4_M4.7,54.95,1h,M4.7,1
689,20260630,AUG_QUIET_20260630_5,-1.0,NONE,C2.6,0
690,20260630,AUG_QUIET_20260630_6,-1.0,NONE,C1.7,0
691,20260630,AUG_QUIET_20260630_7,-1.0,NONE,C3.8,0
692,20260630,AUG_FLARE_20260630_8_M2.8,36.63,1h,M2.8,1
693,20260630,AUG_QUIET_20260630_9,-1.0,NONE,C2.0,0
694,20260630,AUG_QUIET_20260630_10,-1.0,NONE,C3.5,0
695,20260630,AUG_QUIET_20260630_11,-1.0,NONE,C3.2,0
696,20260626,AUG_FLARE_20260626_0_M5.0,58.17,1h,M5.0,1
697,20260626,AUG_QUIET_20260626_1,-1.0,NONE,C2.5,0
698,20260626,AUG_QUIET_20260626_2,-1.0,NONE,C1.8,0
699,20260626,AUG_QUIET_20260626_3,-1.0,NONE,C3.7,0
700,20260626,AUG_FLARE_20260626_4_M5.2,23.28,1h,M5.2,1
701,20260626,AUG_QUIET_20260626_5,-1.0,NONE,C1.2,0
702,20260626,AUG_QUIET_20260626_6,-1.0,NONE,C1.2,0
703,20260626,AUG_QUIET_20260626_7,-1.0,NONE,C4.0,0
704,20260626,AUG_FLARE_20260626_8_M1.3,56.03,1h,M1.3,1
705,20260626,AUG_QUIET_20260626_9,-1.0,NONE,C3.5,0
706,20260626,AUG_QUIET_20260626_10,-1.0,NONE,C4.5,0
707,20260626,AUG_QUIET_20260626_11,-1.0,NONE,C2.1,0
708,20260628,AUG_FLARE_20260628_0_M2.0,42.37,1h,M2.0,1
709,20260628,AUG_QUIET_20260628_1,-1.0,NONE,C2.2,0
710,20260628,AUG_QUIET_20260628_2,-1.0,NONE,C1.5,0
711,20260628,AUG_QUIET_20260628_3,-1.0,NONE,C4.3,0
712,20260628,AUG_FLARE_20260628_4_M7.1,36.83,1h,M7.1,1
713,20260628,AUG_QUIET_20260628_5,-1.0,NONE,C1.6,0
714,20260628,AUG_QUIET_20260628_6,-1.0,NONE,C2.5,0
715,20260628,AUG_QUIET_20260628_7,-1.0,NONE,C3.1,0
716,20260628,AUG_FLARE_20260628_8_M7.3,34.93,1h,M7.3,1
717,20260628,AUG_QUIET_20260628_9,-1.0,NONE,C1.7,0
718,20260628,AUG_QUIET_20260628_10,-1.0,NONE,C1.3,0
719,20260628,AUG_QUIET_20260628_11,-1.0,NONE,C4.1,0
720,20240516,AUG_FLARE_20240516_0_M2.8,38.23,1h,M2.8,1
721,20240516,AUG_QUIET_20240516_1,-1.0,NONE,C2.8,0
722,20240516,AUG_QUIET_20240516_2,-1.0,NONE,C3.0,0
723,20240516,AUG_QUIET_20240516_3,-1.0,NONE,C3.0,0
724,20240516,AUG_FLARE_20240516_4_M4.4,22.68,1h,M4.4,1
725,20240516,AUG_QUIET_20240516_5,-1.0,NONE,C3.0,0
726,20240516,AUG_QUIET_20240516_6,-1.0,NONE,C3.5,0
727,20240516,AUG_QUIET_20240516_7,-1.0,NONE,C3.6,0
728,20240516,AUG_FLARE_20240516_8_M2.5,39.67,1h,M2.5,1
729,20240516,AUG_QUIET_20240516_9,-1.0,NONE,C1.8,0
730,20240516,AUG_QUIET_20240516_10,-1.0,NONE,C4.4,0
731,20240516,AUG_QUIET_20240516_11,-1.0,NONE,C4.0,0
732,20260705,AUG_FLARE_20260705_0_M4.1,16.94,1h,M4.1,1
733,20260705,AUG_QUIET_20260705_1,-1.0,NONE,C4.4,0
734,20260705,AUG_QUIET_20260705_2,-1.0,NONE,C1.2,0
735,20260705,AUG_QUIET_20260705_3,-1.0,NONE,C4.3,0
736,20260705,AUG_FLARE_20260705_4_M4.1,33.22,1h,M4.1,1
737,20260705,AUG_QUIET_20260705_5,-1.0,NONE,C4.6,0
738,20260705,AUG_QUIET_20260705_6,-1.0,NONE,C4.2,0
739,20260705,AUG_QUIET_20260705_7,-1.0,NONE,C1.8,0
740,20260705,AUG_FLARE_20260705_8_M1.6,47.99,1h,M1.6,1
741,20260705,AUG_QUIET_20260705_9,-1.0,NONE,C2.6,0
742,20260705,AUG_QUIET_20260705_10,-1.0,NONE,C2.4,0
743,20260705,AUG_QUIET_20260705_11,-1.0,NONE,C4.1,0
744,20260619,AUG_FLARE_20260619_0_M3.7,18.98,1h,M3.7,1
745,20260619,AUG_QUIET_20260619_1,-1.0,NONE,C3.1,0
746,20260619,AUG_QUIET_20260619_2,-1.0,NONE,C1.0,0
747,20260619,AUG_QUIET_20260619_3,-1.0,NONE,C2.7,0
748,20260619,AUG_FLARE_20260619_4_M6.0,17.87,1h,M6.0,1
749,20260619,AUG_QUIET_20260619_5,-1.0,NONE,C3.0,0
750,20260619,AUG_QUIET_20260619_6,-1.0,NONE,C3.6,0
751,20260619,AUG_QUIET_20260619_7,-1.0,NONE,C3.7,0
752,20260619,AUG_FLARE_20260619_8_M1.5,16.1,1h,M1.5,1
753,20260619,AUG_QUIET_20260619_9,-1.0,NONE,C4.6,0
754,20260619,AUG_QUIET_20260619_10,-1.0,NONE,C4.8,0
755,20260619,AUG_QUIET_20260619_11,-1.0,NONE,C4.2,0
756,20260527,AUG_FLARE_20260527_0_M8.0,27.89,1h,M8.0,1
757,20260527,AUG_QUIET_20260527_1,-1.0,NONE,C4.8,0
758,20260527,AUG_QUIET_20260527_2,-1.0,NONE,C2.1,0
759,20260527,AUG_QUIET_20260527_3,-1.0,NONE,C1.7,0
760,20260527,AUG_FLARE_20260527_4_M2.6,31.04,1h,M2.6,1
761,20260527,AUG_QUIET_20260527_5,-1.0,NONE,C3.0,0
762,20260527,AUG_QUIET_20260527_6,-1.0,NONE,C2.7,0
763,20260527,AUG_QUIET_20260527_7,-1.0,NONE,C3.8,0
764,20260527,AUG_FLARE_20260527_8_M3.0,23.0,1h,M3.0,1
765,20260527,AUG_QUIET_20260527_9,-1.0,NONE,C4.8,0
766,20260527,AUG_QUIET_20260527_10,-1.0,NONE,C2.1,0
767,20260527,AUG_QUIET_20260527_11,-1.0,NONE,C1.0,0
768,20260531,AUG_FLARE_20260531_0_M2.2,58.58,1h,M2.2,1
769,20260531,AUG_QUIET_20260531_1,-1.0,NONE,C4.8,0
770,20260531,AUG_QUIET_20260531_2,-1.0,NONE,C1.8,0
771,20260531,AUG_QUIET_20260531_3,-1.0,NONE,C3.1,0
772,20260531,AUG_FLARE_20260531_4_M2.2,49.97,1h,M2.2,1
773,20260531,AUG_QUIET_20260531_5,-1.0,NONE,C2.7,0
774,20260531,AUG_QUIET_20260531_6,-1.0,NONE,C4.4,0
775,20260531,AUG_QUIET_20260531_7,-1.0,NONE,C1.8,0
776,20260531,AUG_FLARE_20260531_8_M1.8,28.47,1h,M1.8,1
777,20260531,AUG_QUIET_20260531_9,-1.0,NONE,C4.3,0
778,20260531,AUG_QUIET_20260531_10,-1.0,NONE,C4.2,0
779,20260531,AUG_QUIET_20260531_11,-1.0,NONE,C1.6,0
780,20260506,AUG_FLARE_20260506_0_M7.7,55.56,1h,M7.7,1
781,20260506,AUG_QUIET_20260506_1,-1.0,NONE,C4.8,0
782,20260506,AUG_QUIET_20260506_2,-1.0,NONE,C2.5,0
783,20260506,AUG_QUIET_20260506_3,-1.0,NONE,C4.7,0
784,20260506,AUG_FLARE_20260506_4_M6.2,26.17,1h,M6.2,1
785,20260506,AUG_QUIET_20260506_5,-1.0,NONE,C2.8,0
786,20260506,AUG_QUIET_20260506_6,-1.0,NONE,C4.2,0
787,20260506,AUG_QUIET_20260506_7,-1.0,NONE,C2.2,0
788,20260506,AUG_FLARE_20260506_8_M4.4,31.69,1h,M4.4,1
789,20260506,AUG_QUIET_20260506_9,-1.0,NONE,C2.5,0
790,20260506,AUG_QUIET_20260506_10,-1.0,NONE,C1.1,0
791,20260506,AUG_QUIET_20260506_11,-1.0,NONE,C3.3,0
792,20260509,AUG_FLARE_20260509_0_M1.7,24.64,1h,M1.7,1
793,20260509,AUG_QUIET_20260509_1,-1.0,NONE,C3.1,0
794,20260509,AUG_QUIET_20260509_2,-1.0,NONE,C3.3,0
795,20260509,AUG_QUIET_20260509_3,-1.0,NONE,C1.5,0
796,20260509,AUG_FLARE_20260509_4_M7.1,54.28,1h,M7.1,1
797,20260509,AUG_QUIET_20260509_5,-1.0,NONE,C1.8,0
798,20260509,AUG_QUIET_20260509_6,-1.0,NONE,C3.6,0
799,20260509,AUG_QUIET_20260509_7,-1.0,NONE,C4.7,0
800,20260509,AUG_FLARE_20260509_8_M1.1,49.17,1h,M1.1,1
801,20260509,AUG_QUIET_20260509_9,-1.0,NONE,C1.1,0
802,20260509,AUG_QUIET_20260509_10,-1.0,NONE,C1.6,0
803,20260509,AUG_QUIET_20260509_11,-1.0,NONE,C4.2,0
804,20260623,AUG_FLARE_20260623_0_M3.3,37.18,1h,M3.3,1
805,20260623,AUG_QUIET_20260623_1,-1.0,NONE,C2.8,0
806,20260623,AUG_QUIET_20260623_2,-1.0,NONE,C4.1,0
807,20260623,AUG_QUIET_20260623_3,-1.0,NONE,C3.5,0
808,20260623,AUG_FLARE_20260623_4_M8.4,39.49,1h,M8.4,1
809,20260623,AUG_QUIET_20260623_5,-1.0,NONE,C4.1,0
810,20260623,AUG_QUIET_20260623_6,-1.0,NONE,C1.3,0
811,20260623,AUG_QUIET_20260623_7,-1.0,NONE,C4.4,0
812,20260623,AUG_FLARE_20260623_8_M4.8,45.82,1h,M4.8,1
813,20260623,AUG_QUIET_20260623_9,-1.0,NONE,C1.5,0
814,20260623,AUG_QUIET_20260623_10,-1.0,NONE,C3.8,0
815,20260623,AUG_QUIET_20260623_11,-1.0,NONE,C1.5,0
816,20260601,AUG_FLARE_20260601_0_M2.6,58.06,1h,M2.6,1
817,20260601,AUG_QUIET_20260601_1,-1.0,NONE,C3.6,0
818,20260601,AUG_QUIET_20260601_2,-1.0,NONE,C1.7,0
819,20260601,AUG_QUIET_20260601_3,-1.0,NONE,C3.5,0
820,20260601,AUG_FLARE_20260601_4_M3.2,54.72,1h,M3.2,1
821,20260601,AUG_QUIET_20260601_5,-1.0,NONE,C3.6,0
822,20260601,AUG_QUIET_20260601_6,-1.0,NONE,C1.5,0
823,20260601,AUG_QUIET_20260601_7,-1.0,NONE,C2.3,0
824,20260601,AUG_FLARE_20260601_8_M3.5,15.76,1h,M3.5,1
825,20260601,AUG_QUIET_20260601_9,-1.0,NONE,C2.0,0
826,20260601,AUG_QUIET_20260601_10,-1.0,NONE,C2.0,0
827,20260601,AUG_QUIET_20260601_11,-1.0,NONE,C3.2,0
828,20260614,AUG_FLARE_20260614_0_M1.0,59.11,1h,M1.0,1
829,20260614,AUG_QUIET_20260614_1,-1.0,NONE,C2.1,0
830,20260614,AUG_QUIET_20260614_2,-1.0,NONE,C2.0,0
831,20260614,AUG_QUIET_20260614_3,-1.0,NONE,C4.1,0
832,20260614,AUG_FLARE_20260614_4_M7.5,35.37,1h,M7.5,1
833,20260614,AUG_QUIET_20260614_5,-1.0,NONE,C1.7,0
834,20260614,AUG_QUIET_20260614_6,-1.0,NONE,C4.7,0
835,20260614,AUG_QUIET_20260614_7,-1.0,NONE,C3.4,0
836,20260614,AUG_FLARE_20260614_8_M4.3,29.12,1h,M4.3,1
837,20260614,AUG_QUIET_20260614_9,-1.0,NONE,C1.1,0
838,20260614,AUG_QUIET_20260614_10,-1.0,NONE,C4.0,0
839,20260614,AUG_QUIET_20260614_11,-1.0,NONE,C1.0,0
840,20260622,AUG_FLARE_20260622_0_M1.7,23.56,1h,M1.7,1
841,20260622,AUG_QUIET_20260622_1,-1.0,NONE,C1.0,0
842,20260622,AUG_QUIET_20260622_2,-1.0,NONE,C3.3,0
843,20260622,AUG_QUIET_20260622_3,-1.0,NONE,C1.2,0
844,20260622,AUG_FLARE_20260622_4_M5.1,58.68,1h,M5.1,1
845,20260622,AUG_QUIET_20260622_5,-1.0,NONE,C4.7,0
846,20260622,AUG_QUIET_20260622_6,-1.0,NONE,C2.0,0
847,20260622,AUG_QUIET_20260622_7,-1.0,NONE,C2.2,0
848,20260622,AUG_FLARE_20260622_8_M4.1,42.1,1h,M4.1,1
849,20260622,AUG_QUIET_20260622_9,-1.0,NONE,C2.0,0
850,20260622,AUG_QUIET_20260622_10,-1.0,NONE,C1.7,0
851,20260622,AUG_QUIET_20260622_11,-1.0,NONE,C4.6,0
852,20260517,AUG_FLARE_20260517_0_M8.2,48.74,1h,M8.2,1
853,20260517,AUG_QUIET_20260517_1,-1.0,NONE,C1.1,0
854,20260517,AUG_QUIET_20260517_2,-1.0,NONE,C1.4,0
855,20260517,AUG_QUIET_20260517_3,-1.0,NONE,C1.1,0
856,20260517,AUG_FLARE_20260517_4_M5.0,44.54,1h,M5.0,1
857,20260517,AUG_QUIET_20260517_5,-1.0,NONE,C2.5,0
858,20260517,AUG_QUIET_20260517_6,-1.0,NONE,C1.4,0
859,20260517,AUG_QUIET_20260517_7,-1.0,NONE,C1.8,0
860,20260517,AUG_FLARE_20260517_8_M4.2,42.59,1h,M4.2,1
861,20260517,AUG_QUIET_20260517_9,-1.0,NONE,C4.2,0
862,20260517,AUG_QUIET_20260517_10,-1.0,NONE,C1.7,0
863,20260517,AUG_QUIET_20260517_11,-1.0,NONE,C4.7,0
864,20260526,AUG_FLARE_20260526_0_M1.4,47.42,1h,M1.4,1
865,20260526,AUG_QUIET_20260526_1,-1.0,NONE,C3.4,0
866,20260526,AUG_QUIET_20260526_2,-1.0,NONE,C1.0,0
867,20260526,AUG_QUIET_20260526_3,-1.0,NONE,C1.6,0
868,20260526,AUG_FLARE_20260526_4_M6.2,59.1,1h,M6.2,1
869,20260526,AUG_QUIET_20260526_5,-1.0,NONE,C3.4,0
870,20260526,AUG_QUIET_20260526_6,-1.0,NONE,C2.3,0
871,20260526,AUG_QUIET_20260526_7,-1.0,NONE,C2.5,0
872,20260526,AUG_FLARE_20260526_8_M5.0,55.34,1h,M5.0,1
873,20260526,AUG_QUIET_20260526_9,-1.0,NONE,C2.0,0
874,20260526,AUG_QUIET_20260526_10,-1.0,NONE,C4.5,0
875,20260526,AUG_QUIET_20260526_11,-1.0,NONE,C4.7,0
876,20260528,AUG_FLARE_20260528_0_M4.1,28.6,1h,M4.1,1
877,20260528,AUG_QUIET_20260528_1,-1.0,NONE,C2.1,0
878,20260528,AUG_QUIET_20260528_2,-1.0,NONE,C1.0,0
879,20260528,AUG_QUIET_20260528_3,-1.0,NONE,C1.8,0
880,20260528,AUG_FLARE_20260528_4_M2.3,32.28,1h,M2.3,1
881,20260528,AUG_QUIET_20260528_5,-1.0,NONE,C1.5,0
882,20260528,AUG_QUIET_20260528_6,-1.0,NONE,C2.4,0
883,20260528,AUG_QUIET_20260528_7,-1.0,NONE,C2.7,0
884,20260528,AUG_FLARE_20260528_8_M1.4,41.81,1h,M1.4,1
885,20260528,AUG_QUIET_20260528_9,-1.0,NONE,C2.6,0
886,20260528,AUG_QUIET_20260528_10,-1.0,NONE,C4.3,0
887,20260528,AUG_QUIET_20260528_11,-1.0,NONE,C1.2,0
888,20260605,AUG_FLARE_20260605_0_M5.5,17.61,1h,M5.5,1
889,20260605,AUG_QUIET_20260605_1,-1.0,NONE,C1.0,0
890,20260605,AUG_QUIET_20260605_2,-1.0,NONE,C4.6,0
891,20260605,AUG_QUIET_20260605_3,-1.0,NONE,C1.4,0
892,20260605,AUG_FLARE_20260605_4_M1.2,18.1,1h,M1.2,1
893,20260605,AUG_QUIET_20260605_5,-1.0,NONE,C1.4,0
894,20260605,AUG_QUIET_20260605_6,-1.0,NONE,C3.0,0
895,20260605,AUG_QUIET_20260605_7,-1.0,NONE,C2.3,0
896,20260605,AUG_FLARE_20260605_8_M3.0,34.91,1h,M3.0,1
897,20260605,AUG_QUIET_20260605_9,-1.0,NONE,C2.8,0
898,20260605,AUG_QUIET_20260605_10,-1.0,NONE,C2.0,0
899,20260605,AUG_QUIET_20260605_11,-1.0,NONE,C2.8,0
900,20260915,AUG_FLARE_20260915_0_M1.0,50.25,1h,M1.0,1
901,20260915,AUG_QUIET_20260915_1,-1.0,NONE,C1.4,0
902,20260915,AUG_QUIET_20260915_2,-1.0,NONE,C4.8,0
903,20260915,AUG_QUIET_20260915_3,-1.0,NONE,C3.8,0
904,20260915,AUG_FLARE_20260915_4_M6.4,38.52,1h,M6.4,1
905,20260915,AUG_QUIET_20260915_5,-1.0,NONE,C2.2,0
906,20260915,AUG_QUIET_20260915_6,-1.0,NONE,C3.2,0
907,20260915,AUG_QUIET_20260915_7,-1.0,NONE,C4.0,0
908,20260915,AUG_FLARE_20260915_8_M1.6,25.39,1h,M1.6,1
909,20260915,AUG_QUIET_20260915_9,-1.0,NONE,C3.2,0
910,20260915,AUG_QUIET_20260915_10,-1.0,NONE,C3.6,0
911,20260915,AUG_QUIET_20260915_11,-1.0,NONE,C1.5,0
912,20260916,AUG_FLARE_20260916_0_M3.1,58.65,1h,M3.1,1
913,20260916,AUG_QUIET_20260916_1,-1.0,NONE,C4.5,0
914,20260916,AUG_QUIET_20260916_2,-1.0,NONE,C3.7,0
915,20260916,AUG_QUIET_20260916_3,-1.0,NONE,C1.3,0
916,20260916,AUG_FLARE_20260916_4_M6.7,24.74,1h,M6.7,1
917,20260916,AUG_QUIET_20260916_5,-1.0,NONE,C2.3,0
918,20260916,AUG_QUIET_20260916_6,-1.0,NONE,C2.1,0
919,20260916,AUG_QUIET_20260916_7,-1.0,NONE,C4.0,0
920,20260916,AUG_FLARE_20260916_8_M2.3,24.99,1h,M2.3,1
921,20260916,AUG_QUIET_20260916_9,-1.0,NONE,C3.0,0
922,20260916,AUG_QUIET_20260916_10,-1.0,NONE,C4.2,0
923,20260916,AUG_QUIET_20260916_11,-1.0,NONE,C4.7,0
924,20260917,AUG_FLARE_20260917_0_M4.7,37.12,1h,M4.7,1
925,20260917,AUG_QUIET_20260917_1,-1.0,NONE,C3.3,0
926,20260917,AUG_QUIET_20260917_2,-1.0,NONE,C3.0,0
927,20260917,AUG_QUIET_20260917_3,-1.0,NONE,C2.0,0
928,20260917,AUG_FLARE_20260917_4_M2.4,48.82,1h,M2.4,1
929,20260917,AUG_QUIET_20260917_5,-1.0,NONE,C4.3,0
930,20260917,AUG_QUIET_20260917_6,-1.0,NONE,C2.1,0
931,20260917,AUG_QUIET_20260917_7,-1.0,NONE,C4.3,0
932,20260917,AUG_FLARE_20260917_8_M7.7,49.67,1h,M7.7,1
933,20260917,AUG_QUIET_20260917_9,-1.0,NONE,C4.1,0
934,20260917,AUG_QUIET_20260917_10,-1.0,NONE,C2.2,0
935,20260917,AUG_QUIET_20260917_11,-1.0,NONE,C2.1,0
936,20260918,AUG_FLARE_20260918_0_M6.7,52.53,1h,M6.7,1
937,20260918,AUG_QUIET_20260918_1,-1.0,NONE,C2.4,0
938,20260918,AUG_QUIET_20260918_2,-1.0,NONE,C3.8,0
939,20260918,AUG_QUIET_20260918_3,-1.0,NONE,C3.2,0
940,20260918,AUG_FLARE_20260918_4_M1.2,41.59,1h,M1.2,1
941,20260918,AUG_QUIET_20260918_5,-1.0,NONE,C2.6,0
942,20260918,AUG_QUIET_20260918_6,-1.0,NONE,C1.3,0
943,20260918,AUG_QUIET_20260918_7,-1.0,NONE,C4.0,0
944,20260918,AUG_FLARE_20260918_8_M8.4,49.05,1h,M8.4,1
945,20260918,AUG_QUIET_20260918_9,-1.0,NONE,C2.3,0
946,20260918,AUG_QUIET_20260918_10,-1.0,NONE,C2.4,0
947,20260918,AUG_QUIET_20260918_11,-1.0,NONE,C3.1,0
948,20260919,AUG_FLARE_20260919_0_M4.2,35.22,1h,M4.2,1
949,20260919,AUG_QUIET_20260919_1,-1.0,NONE,C3.5,0
950,20260919,AUG_QUIET_20260919_2,-1.0,NONE,C1.8,0
951,20260919,AUG_QUIET_20260919_3,-1.0,NONE,C2.2,0
952,20260919,AUG_FLARE_20260919_4_M7.4,47.26,1h,M7.4,1
953,20260919,AUG_QUIET_20260919_5,-1.0,NONE,C4.5,0
954,20260919,AUG_QUIET_20260919_6,-1.0,NONE,C1.3,0
955,20260919,AUG_QUIET_20260919_7,-1.0,NONE,C1.0,0
956,20260919,AUG_FLARE_20260919_8_M4.2,42.36,1h,M4.2,1
957,20260919,AUG_QUIET_20260919_9,-1.0,NONE,C3.0,0
958,20260919,AUG_QUIET_20260919_10,-1.0,NONE,C1.5,0
959,20260919,AUG_QUIET_20260919_11,-1.0,NONE,C3.1,0
960,20260920,AUG_FLARE_20260920_0_M8.2,52.17,1h,M8.2,1
961,20260920,AUG_QUIET_20260920_1,-1.0,NONE,C2.6,0
962,20260920,AUG_QUIET_20260920_2,-1.0,NONE,C1.3,0
963,20260920,AUG_QUIET_20260920_3,-1.0,NONE,C3.6,0
964,20260920,AUG_FLARE_20260920_4_M2.0,54.68,1h,M2.0,1
965,20260920,AUG_QUIET_20260920_5,-1.0,NONE,C4.2,0
966,20260920,AUG_QUIET_20260920_6,-1.0,NONE,C2.0,0
967,20260920,AUG_QUIET_20260920_7,-1.0,NONE,C1.2,0
968,20260920,AUG_FLARE_20260920_8_M4.7,23.98,1h,M4.7,1
969,20260920,AUG_QUIET_20260920_9,-1.0,NONE,C3.4,0
970,20260920,AUG_QUIET_20260920_10,-1.0,NONE,C3.1,0
971,20260920,AUG_QUIET_20260920_11,-1.0,NONE,C2.2,0
972,20260921,AUG_FLARE_20260921_0_M3.4,16.45,1h,M3.4,1
973,20260921,AUG_QUIET_20260921_1,-1.0,NONE,C1.2,0
974,20260921,AUG_QUIET_20260921_2,-1.0,NONE,C4.2,0
975,20260921,AUG_QUIET_20260921_3,-1.0,NONE,C1.7,0
976,20260921,AUG_FLARE_20260921_4_M4.4,34.44,1h,M4.4,1
977,20260921,AUG_QUIET_20260921_5,-1.0,NONE,C4.5,0
978,20260921,AUG_QUIET_20260921_6,-1.0,NONE,C4.6,0
979,20260921,AUG_QUIET_20260921_7,-1.0,NONE,C2.0,0
980,20260921,AUG_FLARE_20260921_8_M4.0,25.99,1h,M4.0,1
981,20260921,AUG_QUIET_20260921_9,-1.0,NONE,C2.0,0
982,20260921,AUG_QUIET_20260921_10,-1.0,NONE,C4.1,0
983,20260921,AUG_QUIET_20260921_11,-1.0,NONE,C4.8,0
984,20260922,AUG_FLARE_20260922_0_M8.8,39.91,1h,M8.8,1
985,20260922,AUG_QUIET_20260922_1,-1.0,NONE,C2.2,0
986,20260922,AUG_QUIET_20260922_2,-1.0,NONE,C4.3,0
987,20260922,AUG_QUIET_20260922_3,-1.0,NONE,C3.0,0
988,20260922,AUG_FLARE_20260922_4_M2.8,19.54,1h,M2.8,1
989,20260922,AUG_QUIET_20260922_5,-1.0,NONE,C4.0,0
990,20260922,AUG_QUIET_20260922_6,-1.0,NONE,C2.2,0
991,20260922,AUG_QUIET_20260922_7,-1.0,NONE,C4.5,0
992,20260922,AUG_FLARE_20260922_8_M8.6,16.77,1h,M8.6,1
993,20260922,AUG_QUIET_20260922_9,-1.0,NONE,C1.5,0
994,20260922,AUG_QUIET_20260922_10,-1.0,NONE,C1.7,0
995,20260922,AUG_QUIET_20260922_11,-1.0,NONE,C1.0,0
996,20260923,AUG_FLARE_20260923_0_M5.1,21.57,1h,M5.1,1
997,20260923,AUG_QUIET_20260923_1,-1.0,NONE,C1.8,0
998,20260923,AUG_QUIET_20260923_2,-1.0,NONE,C3.2,0
999,20260923,AUG_QUIET_20260923_3,-1.0,NONE,C3.8,0
1000,20260923,AUG_FLARE_20260923_4_M2.1,34.4,1h,M2.1,1
1001,20260923,AUG_QUIET_20260923_5,-1.0,NONE,C3.7,0
1002,20260923,AUG_QUIET_20260923_6,-1.0,NONE,C2.0,0
1003,20260923,AUG_QUIET_20260923_7,-1.0,NONE,C3.1,0
1004,20260923,AUG_FLARE_20260923_8_M8.8,49.71,1h,M8.8,1
1005,20260923,AUG_QUIET_20260923_9,-1.0,NONE,C4.6,0
1006,20260923,AUG_QUIET_20260923_10,-1.0,NONE,C1.3,0
1007,20260923,AUG_QUIET_20260923_11,-1.0,NONE,C3.1,0
1008,20260924,AUG_FLARE_20260924_0_M6.0,46.11,1h,M6.0,1
1009,20260924,AUG_QUIET_20260924_1,-1.0,NONE,C3.8,0
1010,20260924,AUG_QUIET_20260924_2,-1.0,NONE,C2.0,0
1011,20260924,AUG_QUIET_20260924_3,-1.0,NONE,C4.7,0
1012,20260924,AUG_FLARE_20260924_4_M2.2,29.04,1h,M2.2,1
1013,20260924,AUG_QUIET_20260924_5,-1.0,NONE,C1.0,0
1014,20260924,AUG_QUIET_20260924_6,-1.0,NONE,C2.1,0
1015,20260924,AUG_QUIET_20260924_7,-1.0,NONE,C4.3,0
1016,20260924,AUG_FLARE_20260924_8_M2.8,46.73,1h,M2.8,1
1017,20260924,AUG_QUIET_20260924_9,-1.0,NONE,C1.5,0
1018,20260924,AUG_QUIET_20260924_10,-1.0,NONE,C1.6,0
1019,20260924,AUG_QUIET_20260924_11,-1.0,NONE,C3.3,0
1020,20260925,AUG_FLARE_20260925_0_M3.5,17.85,1h,M3.5,1
1021,20260925,AUG_QUIET_20260925_1,-1.0,NONE,C4.2,0
1022,20260925,AUG_QUIET_20260925_2,-1.0,NONE,C2.7,0
1023,20260925,AUG_QUIET_20260925_3,-1.0,NONE,C2.5,0
1024,20260925,AUG_FLARE_20260925_4_M5.0,21.51,1h,M5.0,1
1025,20260925,AUG_QUIET_20260925_5,-1.0,NONE,C1.2,0
1026,20260925,AUG_QUIET_20260925_6,-1.0,NONE,C2.7,0
1027,20260925,AUG_QUIET_20260925_7,-1.0,NONE,C4.7,0
1028,20260925,AUG_FLARE_20260925_8_M3.4,48.11,1h,M3.4,1
1029,20260925,AUG_QUIET_20260925_9,-1.0,NONE,C4.0,0
1030,20260925,AUG_QUIET_20260925_10,-1.0,NONE,C4.7,0
1031,20260925,AUG_QUIET_20260925_11,-1.0,NONE,C2.7,0
1032,20260926,AUG_FLARE_20260926_0_M4.1,58.81,1h,M4.1,1
1033,20260926,AUG_QUIET_20260926_1,-1.0,NONE,C3.6,0
1034,20260926,AUG_QUIET_20260926_2,-1.0,NONE,C4.5,0
1035,20260926,AUG_QUIET_20260926_3,-1.0,NONE,C2.3,0
1036,20260926,AUG_FLARE_20260926_4_M6.7,59.65,1h,M6.7,1
1037,20260926,AUG_QUIET_20260926_5,-1.0,NONE,C4.7,0
1038,20260926,AUG_QUIET_20260926_6,-1.0,NONE,C1.5,0
1039,20260926,AUG_QUIET_20260926_7,-1.0,NONE,C2.3,0
1040,20260926,AUG_FLARE_20260926_8_M7.7,52.16,1h,M7.7,1
1041,20260926,AUG_QUIET_20260926_9,-1.0,NONE,C2.7,0
1042,20260926,AUG_QUIET_20260926_10,-1.0,NONE,C1.8,0
1043,20260926,AUG_QUIET_20260926_11,-1.0,NONE,C2.1,0
1044,20260927,AUG_FLARE_20260927_0_M8.8,38.01,1h,M8.8,1
1045,20260927,AUG_QUIET_20260927_1,-1.0,NONE,C4.8,0
1046,20260927,AUG_QUIET_20260927_2,-1.0,NONE,C2.3,0
1047,20260927,AUG_QUIET_20260927_3,-1.0,NONE,C2.3,0
1048,20260927,AUG_FLARE_20260927_4_M8.3,26.03,1h,M8.3,1
1049,20260927,AUG_QUIET_20260927_5,-1.0,NONE,C4.4,0
1050,20260927,AUG_QUIET_20260927_6,-1.0,NONE,C3.8,0
1051,20260927,AUG_QUIET_20260927_7,-1.0,NONE,C3.6,0
1052,20260927,AUG_FLARE_20260927_8_M5.0,54.71,1h,M5.0,1
1053,20260927,AUG_QUIET_20260927_9,-1.0,NONE,C2.1,0
1054,20260927,AUG_QUIET_20260927_10,-1.0,NONE,C3.0,0
1055,20260927,AUG_QUIET_20260927_11,-1.0,NONE,C4.4,0
1056,20260928,AUG_FLARE_20260928_0_M1.0,21.43,1h,M1.0,1
1057,20260928,AUG_QUIET_20260928_1,-1.0,NONE,C4.4,0
1058,20260928,AUG_QUIET_20260928_2,-1.0,NONE,C4.7,0
1059,20260928,AUG_QUIET_20260928_3,-1.0,NONE,C2.2,0
1060,20260928,AUG_FLARE_20260928_4_M6.8,25.28,1h,M6.8,1
1061,20260928,AUG_QUIET_20260928_5,-1.0,NONE,C1.2,0
1062,20260928,AUG_QUIET_20260928_6,-1.0,NONE,C2.4,0
1063,20260928,AUG_QUIET_20260928_7,-1.0,NONE,C4.8,0
1064,20260928,AUG_FLARE_20260928_8_M3.2,51.98,1h,M3.2,1
1065,20260928,AUG_QUIET_20260928_9,-1.0,NONE,C3.2,0
1066,20260928,AUG_QUIET_20260928_10,-1.0,NONE,C3.8,0
1067,20260928,AUG_QUIET_20260928_11,-1.0,NONE,C1.3,0
1068,20260929,AUG_FLARE_20260929_0_M7.5,47.16,1h,M7.5,1
1069,20260929,AUG_QUIET_20260929_1,-1.0,NONE,C4.3,0
1070,20260929,AUG_QUIET_20260929_2,-1.0,NONE,C3.3,0
1071,20260929,AUG_QUIET_20260929_3,-1.0,NONE,C3.2,0
1072,20260929,AUG_FLARE_20260929_4_M7.4,54.33,1h,M7.4,1
1073,20260929,AUG_QUIET_20260929_5,-1.0,NONE,C2.3,0
1074,20260929,AUG_QUIET_20260929_6,-1.0,NONE,C4.1,0
1075,20260929,AUG_QUIET_20260929_7,-1.0,NONE,C3.7,0
1076,20260929,AUG_FLARE_20260929_8_M5.0,18.91,1h,M5.0,1
1077,20260929,AUG_QUIET_20260929_9,-1.0,NONE,C3.0,0
1078,20260929,AUG_QUIET_20260929_10,-1.0,NONE,C4.6,0
1079,20260929,AUG_QUIET_20260929_11,-1.0,NONE,C1.2,0
1080,20260930,AUG_FLARE_20260930_0_M7.4,56.21,1h,M7.4,1
1081,20260930,AUG_QUIET_20260930_1,-1.0,NONE,C2.8,0
1082,20260930,AUG_QUIET_20260930_2,-1.0,NONE,C2.8,0
1083,20260930,AUG_QUIET_20260930_3,-1.0,NONE,C1.7,0
1084,20260930,AUG_FLARE_20260930_4_M1.3,28.65,1h,M1.3,1
1085,20260930,AUG_QUIET_20260930_5,-1.0,NONE,C3.7,0
1086,20260930,AUG_QUIET_20260930_6,-1.0,NONE,C2.6,0
1087,20260930,AUG_QUIET_20260930_7,-1.0,NONE,C4.6,0
1088,20260930,AUG_FLARE_20260930_8_M1.0,57.53,1h,M1.0,1
1089,20260930,AUG_QUIET_20260930_9,-1.0,NONE,C2.8,0
1090,20260930,AUG_QUIET_20260930_10,-1.0,NONE,C2.3,0
1091,20260930,AUG_QUIET_20260930_11,-1.0,NONE,C1.2,0
