sample_id,observation_date,window_start,window_end,flare_start_time,flare_peak_time,minutes_until_flare,forecasting_horizon,goes_class,flare_event_id,quiet_12h_verified,label
0,20260618,2026-06-18 00:00:00,2026-06-18 01:00:00,2026-06-18 01:36:00,2026-06-18 01:51:00,36.0,1h,M4.4,FLARE_20260618_0136_M4.4,False,1
1,20260618,2026-06-18 02:00:00,2026-06-18 03:00:00,NONE,NONE,-1.0,NONE,C2.8,QUIET_20260618_1,True,0
2,20260618,2026-06-18 04:00:00,2026-06-18 05:00:00,NONE,NONE,-1.0,NONE,C3.0,QUIET_20260618_2,True,0
3,20260618,2026-06-18 06:00:00,2026-06-18 07:00:00,NONE,NONE,-1.0,NONE,C4.2,QUIET_20260618_3,True,0
4,20260618,2026-06-18 08:00:00,2026-06-18 09:00:00,2026-06-18 09:19:00,2026-06-18 09:34:00,19.0,1h,M8.6,FLARE_20260618_0919_M8.6,False,1
5,20260618,2026-06-18 10:00:00,2026-06-18 11:00:00,NONE,NONE,-1.0,NONE,C2.6,QUIET_20260618_5,True,0
6,20260618,2026-06-18 12:00:00,2026-06-18 13:00:00,NONE,NONE,-1.0,NONE,C3.8,QUIET_20260618_6,True,0
7,20260618,2026-06-18 14:00:00,2026-06-18 15:00:00,NONE,NONE,-1.0,NONE,C4.0,QUIET_20260618_7,True,0
8,20260618,2026-06-18 16:00:00,2026-06-18 17:00:00,2026-06-18 17:47:00,2026-06-18 18:02:00,47.0,1h,M3.8,FLARE_20260618_1747_M3.8,False,1
9,20260618,2026-06-18 18:00:00,2026-06-18 19:00:00,NONE,NONE,-1.0,NONE,C2.4,QUIET_20260618_9,True,0
10,20260618,2026-06-18 20:00:00,2026-06-18 21:00:00,NONE,NONE,-1.0,NONE,C3.6,QUIET_20260618_10,True,0
11,20260618,2026-06-18 22:00:00,2026-06-18 23:00:00,NONE,NONE,-1.0,NONE,C4.8,QUIET_20260618_11,True,0
12,20260629,2026-06-29 00:00:00,2026-06-29 01:00:00,2026-06-29 01:18:00,2026-06-29 01:33:00,18.0,1h,M4.2,FLARE_20260629_0118_M4.2,False,1
13,20260629,2026-06-29 02:00:00,2026-06-29 03:00:00,NONE,NONE,-1.0,NONE,C2.0,QUIET_20260629_1,True,0
14,20260629,2026-06-29 04:00:00,2026-06-29 05:00:00,NONE,NONE,-1.0,NONE,C3.2,QUIET_20260629_2,True,0
15,20260629,2026-06-29 06:00:00,2026-06-29 07:00:00,NONE,NONE,-1.0,NONE,C4.4,QUIET_20260629_3,True,0
16,20260629,2026-06-29 08:00:00,2026-06-29 09:00:00,2026-06-29 09:46:00,2026-06-29 10:01:00,46.0,1h,M8.4,FLARE_20260629_0946_M8.4,False,1
17,20260629,2026-06-29 10:00:00,2026-06-29 11:00:00,NONE,NONE,-1.0,NONE,C2.8,QUIET_20260629_5,True,0
18,20260629,2026-06-29 12:00:00,2026-06-29 13:00:00,NONE,NONE,-1.0,NONE,C3.0,QUIET_20260629_6,True,0
19,20260629,2026-06-29 14:00:00,2026-06-29 15:00:00,NONE,NONE,-1.0,NONE,C4.2,QUIET_20260629_7,True,0
20,20260629,2026-06-29 16:00:00,2026-06-29 17:00:00,2026-06-29 17:29:00,2026-06-29 17:44:00,29.0,1h,M3.6,FLARE_20260629_1729_M3.6,False,1
21,20260629,2026-06-29 18:00:00,2026-06-29 19:00:00,NONE,NONE,-1.0,NONE,C2.6,QUIET_20260629_9,True,0
22,20260629,2026-06-29 20:00:00,2026-06-29 21:00:00,NONE,NONE,-1.0,NONE,C3.8,QUIET_20260629_10,True,0
23,20260629,2026-06-29 22:00:00,2026-06-29 23:00:00,NONE,NONE,-1.0,NONE,C4.0,QUIET_20260629_11,True,0
24,20260627,2026-06-27 00:00:00,2026-06-27 01:00:00,2026-06-27 01:39:00,2026-06-27 01:54:00,39.0,1h,M7.6,FLARE_20260627_0139_M7.6,False,1
25,20260627,2026-06-27 02:00:00,2026-06-27 03:00:00,NONE,NONE,-1.0,NONE,C2.6,QUIET_20260627_1,True,0
26,20260627,2026-06-27 04:00:00,2026-06-27 05:00:00,NONE,NONE,-1.0,NONE,C3.8,QUIET_20260627_2,True,0
27,20260627,2026-06-27 06:00:00,2026-06-27 07:00:00,NONE,NONE,-1.0,NONE,C4.0,QUIET_20260627_3,True,0
28,20260627,2026-06-27 08:00:00,2026-06-27 09:00:00,2026-06-27 09:22:00,2026-06-27 09:37:00,22.0,1h,M2.8,FLARE_20260627_0922_M2.8,False,1
29,20260627,2026-06-27 10:00:00,2026-06-27 11:00:00,NONE,NONE,-1.0,NONE,C2.4,QUIET_20260627_5,True,0
30,20260627,2026-06-27 12:00:00,2026-06-27 13:00:00,NONE,NONE,-1.0,NONE,C3.6,QUIET_20260627_6,True,0
31,20260627,2026-06-27 14:00:00,2026-06-27 15:00:00,NONE,NONE,-1.0,NONE,C4.8,QUIET_20260627_7,True,0
32,20260627,2026-06-27 16:00:00,2026-06-27 17:00:00,2026-06-27 17:50:00,2026-06-27 18:05:00,50.0,1h,M6.0,FLARE_20260627_1750_M6.0,False,1
33,20260627,2026-06-27 18:00:00,2026-06-27 19:00:00,NONE,NONE,-1.0,NONE,C2.2,QUIET_20260627_9,True,0
34,20260627,2026-06-27 20:00:00,2026-06-27 21:00:00,NONE,NONE,-1.0,NONE,C3.4,QUIET_20260627_10,True,0
35,20260627,2026-06-27 22:00:00,2026-06-27 23:00:00,NONE,NONE,-1.0,NONE,C4.6,QUIET_20260627_11,True,0
36,20260701,2026-07-01 00:00:00,2026-07-01 01:00:00,2026-07-01 01:33:00,2026-07-01 01:48:00,33.0,1h,M1.2,FLARE_20260701_0133_M1.2,False,1
37,20260701,2026-07-01 02:00:00,2026-07-01 03:00:00,NONE,NONE,-1.0,NONE,C2.0,QUIET_20260701_1,True,0
38,20260701,2026-07-01 04:00:00,2026-07-01 05:00:00,NONE,NONE,-1.0,NONE,C3.2,QUIET_20260701_2,True,0
39,20260701,2026-07-01 06:00:00,2026-07-01 07:00:00,NONE,NONE,-1.0,NONE,C4.4,QUIET_20260701_3,True,0
40,20260701,2026-07-01 08:00:00,2026-07-01 09:00:00,2026-07-01 09:16:00,2026-07-01 09:31:00,16.0,1h,M5.4,FLARE_20260701_0916_M5.4,False,1
41,20260701,2026-07-01 10:00:00,2026-07-01 11:00:00,NONE,NONE,-1.0,NONE,C2.8,QUIET_20260701_5,True,0
42,20260701,2026-07-01 12:00:00,2026-07-01 13:00:00,NONE,NONE,-1.0,NONE,C3.0,QUIET_20260701_6,True,0
43,20260701,2026-07-01 14:00:00,2026-07-01 15:00:00,NONE,NONE,-1.0,NONE,C4.2,QUIET_20260701_7,True,0
44,20260701,2026-07-01 16:00:00,2026-07-01 17:00:00,2026-07-01 17:44:00,2026-07-01 17:59:00,44.0,1h,M9.6,FLARE_20260701_1744_M9.6,False,1
45,20260701,2026-07-01 18:00:00,2026-07-01 19:00:00,NONE,NONE,-1.0,NONE,C2.6,QUIET_20260701_9,True,0
46,20260701,2026-07-01 20:00:00,2026-07-01 21:00:00,NONE,NONE,-1.0,NONE,C3.8,QUIET_20260701_10,True,0
47,20260702,2026-07-02 00:00:00,2026-07-02 01:00:00,2026-07-02 01:27:00,2026-07-02 01:42:00,27.0,1h,M4.8,FLARE_20260702_0127_M4.8,False,1
48,20260702,2026-07-02 02:00:00,2026-07-02 03:00:00,NONE,NONE,-1.0,NONE,C2.4,QUIET_20260702_1,True,0
49,20260702,2026-07-02 04:00:00,2026-07-02 05:00:00,NONE,NONE,-1.0,NONE,C3.6,QUIET_20260702_2,True,0
50,20260702,2026-07-02 06:00:00,2026-07-02 07:00:00,NONE,NONE,-1.0,NONE,C4.8,QUIET_20260702_3,True,0
51,20260702,2026-07-02 08:00:00,2026-07-02 09:00:00,2026-07-02 09:55:00,2026-07-02 10:10:00,55.0,1h,M8.0,FLARE_20260702_0955_M8.0,False,1
52,20260702,2026-07-02 10:00:00,2026-07-02 11:00:00,NONE,NONE,-1.0,NONE,C2.2,QUIET_20260702_5,True,0
53,20260702,2026-07-02 12:00:00,2026-07-02 13:00:00,NONE,NONE,-1.0,NONE,C3.4,QUIET_20260702_6,True,0
54,20260702,2026-07-02 14:00:00,2026-07-02 15:00:00,NONE,NONE,-1.0,NONE,C4.6,QUIET_20260702_7,True,0
55,20260702,2026-07-02 16:00:00,2026-07-02 17:00:00,2026-07-02 17:38:00,2026-07-02 17:53:00,38.0,1h,M3.2,FLARE_20260702_1738_M3.2,False,1
56,20260702,2026-07-02 20:00:00,2026-07-02 21:00:00,NONE,NONE,-1.0,NONE,C3.2,QUIET_20260702_10,True,0
57,20260702,2026-07-02 22:00:00,2026-07-02 23:00:00,NONE,NONE,-1.0,NONE,C4.4,QUIET_20260702_11,True,0
58,20260620,2026-06-20 00:00:00,2026-06-20 01:00:00,2026-06-20 01:30:00,2026-06-20 01:45:00,30.0,1h,M7.0,FLARE_20260620_0130_M7.0,False,1
59,20260620,2026-06-20 02:00:00,2026-06-20 03:00:00,NONE,NONE,-1.0,NONE,C2.2,QUIET_20260620_1,True,0
60,20260620,2026-06-20 04:00:00,2026-06-20 05:00:00,NONE,NONE,-1.0,NONE,C3.4,QUIET_20260620_2,True,0
61,20260620,2026-06-20 06:00:00,2026-06-20 07:00:00,NONE,NONE,-1.0,NONE,C4.6,QUIET_20260620_3,True,0
62,20260620,2026-06-20 08:00:00,2026-06-20 09:00:00,2026-06-20 09:58:00,2026-06-20 10:13:00,58.0,1h,M2.2,FLARE_20260620_0958_M2.2,False,1
63,20260620,2026-06-20 10:00:00,2026-06-20 11:00:00,NONE,NONE,-1.0,NONE,C2.0,QUIET_20260620_5,True,0
64,20260620,2026-06-20 12:00:00,2026-06-20 13:00:00,NONE,NONE,-1.0,NONE,C3.2,QUIET_20260620_6,True,0
65,20260620,2026-06-20 14:00:00,2026-06-20 15:00:00,NONE,NONE,-1.0,NONE,C4.4,QUIET_20260620_7,True,0
66,20260620,2026-06-20 16:00:00,2026-06-20 17:00:00,2026-06-20 17:41:00,2026-06-20 17:56:00,41.0,1h,M6.4,FLARE_20260620_1741_M6.4,False,1
67,20260620,2026-06-20 18:00:00,2026-06-20 19:00:00,NONE,NONE,-1.0,NONE,C2.8,QUIET_20260620_9,True,0
68,20260620,2026-06-20 20:00:00,2026-06-20 21:00:00,NONE,NONE,-1.0,NONE,C3.0,QUIET_20260620_10,True,0
69,20260620,2026-06-20 22:00:00,2026-06-20 23:00:00,NONE,NONE,-1.0,NONE,C4.2,QUIET_20260620_11,True,0
70,20260703,2026-07-03 00:00:00,2026-07-03 01:00:00,2026-07-03 01:18:00,2026-07-03 01:33:00,18.0,1h,M4.2,FLARE_20260703_0118_M4.2,False,1
71,20260703,2026-07-03 02:00:00,2026-07-03 03:00:00,NONE,NONE,-1.0,NONE,C2.0,QUIET_20260703_1,True,0
72,20260703,2026-07-03 04:00:00,2026-07-03 05:00:00,NONE,NONE,-1.0,NONE,C3.2,QUIET_20260703_2,True,0
73,20260703,2026-07-03 06:00:00,2026-07-03 07:00:00,NONE,NONE,-1.0,NONE,C4.4,QUIET_20260703_3,True,0
74,20260703,2026-07-03 08:00:00,2026-07-03 09:00:00,2026-07-03 09:46:00,2026-07-03 10:01:00,46.0,1h,M8.4,FLARE_20260703_0946_M8.4,False,1
75,20260703,2026-07-03 10:00:00,2026-07-03 11:00:00,NONE,NONE,-1.0,NONE,C2.8,QUIET_20260703_5,True,0
76,20260703,2026-07-03 12:00:00,2026-07-03 13:00:00,NONE,NONE,-1.0,NONE,C3.0,QUIET_20260703_6,True,0
77,20260703,2026-07-03 14:00:00,2026-07-03 15:00:00,NONE,NONE,-1.0,NONE,C4.2,QUIET_20260703_7,True,0
78,20260703,2026-07-03 16:00:00,2026-07-03 17:00:00,2026-07-03 17:29:00,2026-07-03 17:44:00,29.0,1h,M3.6,FLARE_20260703_1729_M3.6,False,1
79,20260703,2026-07-03 18:00:00,2026-07-03 19:00:00,NONE,NONE,-1.0,NONE,C2.6,QUIET_20260703_9,True,0
80,20260703,2026-07-03 22:00:00,2026-07-03 23:00:00,NONE,NONE,-1.0,NONE,C4.0,QUIET_20260703_11,True,0
81,20260704,2026-07-04 00:00:00,2026-07-04 01:00:00,2026-07-04 01:15:00,2026-07-04 01:30:00,15.0,1h,M1.0,FLARE_20260704_0115_M1.0,False,1
82,20260704,2026-07-04 04:00:00,2026-07-04 05:00:00,NONE,NONE,-1.0,NONE,C3.4,QUIET_20260704_2,True,0
83,20260704,2026-07-04 08:00:00,2026-07-04 09:00:00,2026-07-04 09:43:00,2026-07-04 09:58:00,43.0,1h,M5.2,FLARE_20260704_0943_M5.2,False,1
84,20260704,2026-07-04 12:00:00,2026-07-04 13:00:00,NONE,NONE,-1.0,NONE,C3.2,QUIET_20260704_6,True,0
85,20260704,2026-07-04 14:00:00,2026-07-04 15:00:00,NONE,NONE,-1.0,NONE,C4.4,QUIET_20260704_7,True,0
86,20260704,2026-07-04 18:00:00,2026-07-04 19:00:00,NONE,NONE,-1.0,NONE,C2.8,QUIET_20260704_9,True,0
87,20260704,2026-07-04 22:00:00,2026-07-04 23:00:00,NONE,NONE,-1.0,NONE,C4.2,QUIET_20260704_11,True,0
88,20260624,2026-06-24 00:00:00,2026-06-24 01:00:00,2026-06-24 01:15:00,2026-06-24 01:30:00,15.0,1h,M1.0,FLARE_20260624_0115_M1.0,False,1
89,20260624,2026-06-24 02:00:00,2026-06-24 03:00:00,NONE,NONE,-1.0,NONE,C2.2,QUIET_20260624_1,True,0
90,20260624,2026-06-24 04:00:00,2026-06-24 05:00:00,NONE,NONE,-1.0,NONE,C3.4,QUIET_20260624_2,True,0
91,20260624,2026-06-24 06:00:00,2026-06-24 07:00:00,NONE,NONE,-1.0,NONE,C4.6,QUIET_20260624_3,True,0
92,20260624,2026-06-24 08:00:00,2026-06-24 09:00:00,2026-06-24 09:43:00,2026-06-24 09:58:00,43.0,1h,M5.2,FLARE_20260624_0943_M5.2,False,1
93,20260624,2026-06-24 10:00:00,2026-06-24 11:00:00,NONE,NONE,-1.0,NONE,C2.0,QUIET_20260624_5,True,0
94,20260624,2026-06-24 12:00:00,2026-06-24 13:00:00,NONE,NONE,-1.0,NONE,C3.2,QUIET_20260624_6,True,0
95,20260624,2026-06-24 14:00:00,2026-06-24 15:00:00,NONE,NONE,-1.0,NONE,C4.4,QUIET_20260624_7,True,0
96,20260624,2026-06-24 16:00:00,2026-06-24 17:00:00,2026-06-24 17:26:00,2026-06-24 17:41:00,26.0,1h,M9.4,FLARE_20260624_1726_M9.4,False,1
97,20260624,2026-06-24 18:00:00,2026-06-24 19:00:00,NONE,NONE,-1.0,NONE,C2.8,QUIET_20260624_9,True,0
98,20260624,2026-06-24 20:00:00,2026-06-24 21:00:00,NONE,NONE,-1.0,NONE,C3.0,QUIET_20260624_10,True,0
99,20260624,2026-06-24 22:00:00,2026-06-24 23:00:00,NONE,NONE,-1.0,NONE,C4.2,QUIET_20260624_11,True,0
100,20260625,2026-06-25 00:00:00,2026-06-25 01:00:00,2026-06-25 01:54:00,2026-06-25 02:09:00,54.0,1h,M4.6,FLARE_20260625_0154_M4.6,False,1
101,20260625,2026-06-25 02:00:00,2026-06-25 03:00:00,NONE,NONE,-1.0,NONE,C2.6,QUIET_20260625_1,True,0
102,20260625,2026-06-25 04:00:00,2026-06-25 05:00:00,NONE,NONE,-1.0,NONE,C3.8,QUIET_20260625_2,True,0
103,20260625,2026-06-25 06:00:00,2026-06-25 07:00:00,NONE,NONE,-1.0,NONE,C4.0,QUIET_20260625_3,True,0
104,20260625,2026-06-25 08:00:00,2026-06-25 09:00:00,2026-06-25 09:37:00,2026-06-25 09:52:00,37.0,1h,M8.8,FLARE_20260625_0937_M8.8,False,1
105,20260625,2026-06-25 10:00:00,2026-06-25 11:00:00,NONE,NONE,-1.0,NONE,C2.4,QUIET_20260625_5,True,0
106,20260625,2026-06-25 12:00:00,2026-06-25 13:00:00,NONE,NONE,-1.0,NONE,C3.6,QUIET_20260625_6,True,0
107,20260625,2026-06-25 14:00:00,2026-06-25 15:00:00,NONE,NONE,-1.0,NONE,C4.8,QUIET_20260625_7,True,0
108,20260625,2026-06-25 16:00:00,2026-06-25 17:00:00,2026-06-25 17:20:00,2026-06-25 17:35:00,20.0,1h,M3.0,FLARE_20260625_1720_M3.0,False,1
109,20260625,2026-06-25 18:00:00,2026-06-25 19:00:00,NONE,NONE,-1.0,NONE,C2.2,QUIET_20260625_9,True,0
110,20260625,2026-06-25 20:00:00,2026-06-25 21:00:00,NONE,NONE,-1.0,NONE,C3.4,QUIET_20260625_10,True,0
111,20260625,2026-06-25 22:00:00,2026-06-25 23:00:00,NONE,NONE,-1.0,NONE,C4.6,QUIET_20260625_11,True,0
112,20260621,2026-06-21 00:00:00,2026-06-21 01:00:00,2026-06-21 01:18:00,2026-06-21 01:33:00,18.0,1h,M4.2,FLARE_20260621_0118_M4.2,False,1
113,20260621,2026-06-21 02:00:00,2026-06-21 03:00:00,NONE,NONE,-1.0,NONE,C2.0,QUIET_20260621_1,True,0
114,20260621,2026-06-21 04:00:00,2026-06-21 05:00:00,NONE,NONE,-1.0,NONE,C3.2,QUIET_20260621_2,True,0
115,20260621,2026-06-21 06:00:00,2026-06-21 07:00:00,NONE,NONE,-1.0,NONE,C4.4,QUIET_20260621_3,True,0
116,20260621,2026-06-21 08:00:00,2026-06-21 09:00:00,2026-06-21 09:46:00,2026-06-21 10:01:00,46.0,1h,M8.4,FLARE_20260621_0946_M8.4,False,1
117,20260621,2026-06-21 10:00:00,2026-06-21 11:00:00,NONE,NONE,-1.0,NONE,C2.8,QUIET_20260621_5,True,0
118,20260621,2026-06-21 12:00:00,2026-06-21 13:00:00,NONE,NONE,-1.0,NONE,C3.0,QUIET_20260621_6,True,0
119,20260621,2026-06-21 14:00:00,2026-06-21 15:00:00,NONE,NONE,-1.0,NONE,C4.2,QUIET_20260621_7,True,0
120,20260621,2026-06-21 16:00:00,2026-06-21 17:00:00,2026-06-21 17:29:00,2026-06-21 17:44:00,29.0,1h,M3.6,FLARE_20260621_1729_M3.6,False,1
121,20260621,2026-06-21 18:00:00,2026-06-21 19:00:00,NONE,NONE,-1.0,NONE,C2.6,QUIET_20260621_9,True,0
122,20260621,2026-06-21 20:00:00,2026-06-21 21:00:00,NONE,NONE,-1.0,NONE,C3.8,QUIET_20260621_10,True,0
123,20260621,2026-06-21 22:00:00,2026-06-21 23:00:00,NONE,NONE,-1.0,NONE,C4.0,QUIET_20260621_11,True,0
124,20260630,2026-06-30 00:00:00,2026-06-30 01:00:00,2026-06-30 01:33:00,2026-06-30 01:48:00,33.0,1h,M1.2,FLARE_20260630_0133_M1.2,False,1
125,20260630,2026-06-30 02:00:00,2026-06-30 03:00:00,NONE,NONE,-1.0,NONE,C2.0,QUIET_20260630_1,True,0
126,20260630,2026-06-30 04:00:00,2026-06-30 05:00:00,NONE,NONE,-1.0,NONE,C3.2,QUIET_20260630_2,True,0
127,20260630,2026-06-30 06:00:00,2026-06-30 07:00:00,NONE,NONE,-1.0,NONE,C4.4,QUIET_20260630_3,True,0
128,20260630,2026-06-30 08:00:00,2026-06-30 09:00:00,2026-06-30 09:16:00,2026-06-30 09:31:00,16.0,1h,M5.4,FLARE_20260630_0916_M5.4,False,1
129,20260630,2026-06-30 10:00:00,2026-06-30 11:00:00,NONE,NONE,-1.0,NONE,C2.8,QUIET_20260630_5,True,0
130,20260630,2026-06-30 12:00:00,2026-06-30 13:00:00,NONE,NONE,-1.0,NONE,C3.0,QUIET_20260630_6,True,0
131,20260630,2026-06-30 14:00:00,2026-06-30 15:00:00,NONE,NONE,-1.0,NONE,C4.2,QUIET_20260630_7,True,0
132,20260630,2026-06-30 16:00:00,2026-06-30 17:00:00,2026-06-30 17:44:00,2026-06-30 17:59:00,44.0,1h,M9.6,FLARE_20260630_1744_M9.6,False,1
133,20260630,2026-06-30 18:00:00,2026-06-30 19:00:00,NONE,NONE,-1.0,NONE,C2.6,QUIET_20260630_9,True,0
134,20260630,2026-06-30 20:00:00,2026-06-30 21:00:00,NONE,NONE,-1.0,NONE,C3.8,QUIET_20260630_10,True,0
135,20260630,2026-06-30 22:00:00,2026-06-30 23:00:00,NONE,NONE,-1.0,NONE,C4.0,QUIET_20260630_11,True,0
136,20260626,2026-06-26 00:00:00,2026-06-26 01:00:00,2026-06-26 01:27:00,2026-06-26 01:42:00,27.0,1h,M4.8,FLARE_20260626_0127_M4.8,False,1
137,20260626,2026-06-26 02:00:00,2026-06-26 03:00:00,NONE,NONE,-1.0,NONE,C2.4,QUIET_20260626_1,True,0
138,20260626,2026-06-26 04:00:00,2026-06-26 05:00:00,NONE,NONE,-1.0,NONE,C3.6,QUIET_20260626_2,True,0
139,20260626,2026-06-26 06:00:00,2026-06-26 07:00:00,NONE,NONE,-1.0,NONE,C4.8,QUIET_20260626_3,True,0
140,20260626,2026-06-26 08:00:00,2026-06-26 09:00:00,2026-06-26 09:55:00,2026-06-26 10:10:00,55.0,1h,M8.0,FLARE_20260626_0955_M8.0,False,1
141,20260626,2026-06-26 10:00:00,2026-06-26 11:00:00,NONE,NONE,-1.0,NONE,C2.2,QUIET_20260626_5,True,0
142,20260626,2026-06-26 12:00:00,2026-06-26 13:00:00,NONE,NONE,-1.0,NONE,C3.4,QUIET_20260626_6,True,0
143,20260626,2026-06-26 14:00:00,2026-06-26 15:00:00,NONE,NONE,-1.0,NONE,C4.6,QUIET_20260626_7,True,0
144,20260626,2026-06-26 16:00:00,2026-06-26 17:00:00,2026-06-26 17:38:00,2026-06-26 17:53:00,38.0,1h,M3.2,FLARE_20260626_1738_M3.2,False,1
145,20260626,2026-06-26 18:00:00,2026-06-26 19:00:00,NONE,NONE,-1.0,NONE,C2.0,QUIET_20260626_9,True,0
146,20260626,2026-06-26 20:00:00,2026-06-26 21:00:00,NONE,NONE,-1.0,NONE,C3.2,QUIET_20260626_10,True,0
147,20260626,2026-06-26 22:00:00,2026-06-26 23:00:00,NONE,NONE,-1.0,NONE,C4.4,QUIET_20260626_11,True,0
148,20260628,2026-06-28 00:00:00,2026-06-28 01:00:00,2026-06-28 01:21:00,2026-06-28 01:36:00,21.0,1h,M7.4,FLARE_20260628_0121_M7.4,False,1
149,20260628,2026-06-28 02:00:00,2026-06-28 03:00:00,NONE,NONE,-1.0,NONE,C2.8,QUIET_20260628_1,True,0
150,20260628,2026-06-28 04:00:00,2026-06-28 05:00:00,NONE,NONE,-1.0,NONE,C3.0,QUIET_20260628_2,True,0
151,20260628,2026-06-28 06:00:00,2026-06-28 07:00:00,NONE,NONE,-1.0,NONE,C4.2,QUIET_20260628_3,True,0
152,20260628,2026-06-28 08:00:00,2026-06-28 09:00:00,2026-06-28 09:49:00,2026-06-28 10:04:00,49.0,1h,M2.6,FLARE_20260628_0949_M2.6,False,1
153,20260628,2026-06-28 10:00:00,2026-06-28 11:00:00,NONE,NONE,-1.0,NONE,C2.6,QUIET_20260628_5,True,0
154,20260628,2026-06-28 12:00:00,2026-06-28 13:00:00,NONE,NONE,-1.0,NONE,C3.8,QUIET_20260628_6,True,0
155,20260628,2026-06-28 14:00:00,2026-06-28 15:00:00,NONE,NONE,-1.0,NONE,C4.0,QUIET_20260628_7,True,0
156,20260628,2026-06-28 16:00:00,2026-06-28 17:00:00,2026-06-28 17:32:00,2026-06-28 17:47:00,32.0,1h,M6.8,FLARE_20260628_1732_M6.8,False,1
157,20260628,2026-06-28 18:00:00,2026-06-28 19:00:00,NONE,NONE,-1.0,NONE,C2.4,QUIET_20260628_9,True,0
158,20260628,2026-06-28 20:00:00,2026-06-28 21:00:00,NONE,NONE,-1.0,NONE,C3.6,QUIET_20260628_10,True,0
159,20260628,2026-06-28 22:00:00,2026-06-28 23:00:00,NONE,NONE,-1.0,NONE,C4.8,QUIET_20260628_11,True,0
160,20260705,2026-07-05 00:00:00,2026-07-05 01:00:00,2026-07-05 01:54:00,2026-07-05 02:09:00,54.0,1h,M4.6,FLARE_20260705_0154_M4.6,False,1
161,20260705,2026-07-05 02:00:00,2026-07-05 03:00:00,NONE,NONE,-1.0,NONE,C2.6,QUIET_20260705_1,True,0
162,20260705,2026-07-05 04:00:00,2026-07-05 05:00:00,NONE,NONE,-1.0,NONE,C3.8,QUIET_20260705_2,True,0
163,20260705,2026-07-05 06:00:00,2026-07-05 07:00:00,NONE,NONE,-1.0,NONE,C4.0,QUIET_20260705_3,True,0
164,20260705,2026-07-05 08:00:00,2026-07-05 09:00:00,2026-07-05 09:37:00,2026-07-05 09:52:00,37.0,1h,M8.8,FLARE_20260705_0937_M8.8,False,1
165,20260705,2026-07-05 10:00:00,2026-07-05 11:00:00,NONE,NONE,-1.0,NONE,C2.4,QUIET_20260705_5,True,0
166,20260705,2026-07-05 12:00:00,2026-07-05 13:00:00,NONE,NONE,-1.0,NONE,C3.6,QUIET_20260705_6,True,0
167,20260705,2026-07-05 14:00:00,2026-07-05 15:00:00,NONE,NONE,-1.0,NONE,C4.8,QUIET_20260705_7,True,0
168,20260705,2026-07-05 16:00:00,2026-07-05 17:00:00,2026-07-05 17:20:00,2026-07-05 17:35:00,20.0,1h,M3.0,FLARE_20260705_1720_M3.0,False,1
169,20260705,2026-07-05 18:00:00,2026-07-05 19:00:00,NONE,NONE,-1.0,NONE,C2.2,QUIET_20260705_9,True,0
170,20260705,2026-07-05 20:00:00,2026-07-05 21:00:00,NONE,NONE,-1.0,NONE,C3.4,QUIET_20260705_10,True,0
171,20260705,2026-07-05 22:00:00,2026-07-05 23:00:00,NONE,NONE,-1.0,NONE,C4.6,QUIET_20260705_11,True,0
172,20260619,2026-06-19 00:00:00,2026-06-19 01:00:00,2026-06-19 01:48:00,2026-06-19 02:03:00,48.0,1h,M7.2,FLARE_20260619_0148_M7.2,False,1
173,20260619,2026-06-19 02:00:00,2026-06-19 03:00:00,NONE,NONE,-1.0,NONE,C2.0,QUIET_20260619_1,True,0
174,20260619,2026-06-19 04:00:00,2026-06-19 05:00:00,NONE,NONE,-1.0,NONE,C3.2,QUIET_20260619_2,True,0
175,20260619,2026-06-19 06:00:00,2026-06-19 07:00:00,NONE,NONE,-1.0,NONE,C4.4,QUIET_20260619_3,True,0
176,20260619,2026-06-19 08:00:00,2026-06-19 09:00:00,2026-06-19 09:31:00,2026-06-19 09:46:00,31.0,1h,M2.4,FLARE_20260619_0931_M2.4,False,1
177,20260619,2026-06-19 10:00:00,2026-06-19 11:00:00,NONE,NONE,-1.0,NONE,C2.8,QUIET_20260619_5,True,0
178,20260619,2026-06-19 12:00:00,2026-06-19 13:00:00,NONE,NONE,-1.0,NONE,C3.0,QUIET_20260619_6,True,0
179,20260619,2026-06-19 14:00:00,2026-06-19 15:00:00,NONE,NONE,-1.0,NONE,C4.2,QUIET_20260619_7,True,0
180,20260619,2026-06-19 16:00:00,2026-06-19 17:00:00,2026-06-19 17:59:00,2026-06-19 18:14:00,59.0,1h,M6.6,FLARE_20260619_1759_M6.6,False,1
181,20260619,2026-06-19 18:00:00,2026-06-19 19:00:00,NONE,NONE,-1.0,NONE,C2.6,QUIET_20260619_9,True,0
182,20260619,2026-06-19 20:00:00,2026-06-19 21:00:00,NONE,NONE,-1.0,NONE,C3.8,QUIET_20260619_10,True,0
183,20260619,2026-06-19 22:00:00,2026-06-19 23:00:00,NONE,NONE,-1.0,NONE,C4.0,QUIET_20260619_11,True,0
184,20260623,2026-06-23 00:00:00,2026-06-23 01:00:00,2026-06-23 01:18:00,2026-06-23 01:33:00,18.0,1h,M4.2,FLARE_20260623_0118_M4.2,False,1
185,20260623,2026-06-23 02:00:00,2026-06-23 03:00:00,NONE,NONE,-1.0,NONE,C2.0,QUIET_20260623_1,True,0
186,20260623,2026-06-23 04:00:00,2026-06-23 05:00:00,NONE,NONE,-1.0,NONE,C3.2,QUIET_20260623_2,True,0
187,20260623,2026-06-23 06:00:00,2026-06-23 07:00:00,NONE,NONE,-1.0,NONE,C4.4,QUIET_20260623_3,True,0
188,20260623,2026-06-23 08:00:00,2026-06-23 09:00:00,2026-06-23 09:46:00,2026-06-23 10:01:00,46.0,1h,M8.4,FLARE_20260623_0946_M8.4,False,1
189,20260623,2026-06-23 10:00:00,2026-06-23 11:00:00,NONE,NONE,-1.0,NONE,C2.8,QUIET_20260623_5,True,0
190,20260623,2026-06-23 12:00:00,2026-06-23 13:00:00,NONE,NONE,-1.0,NONE,C3.0,QUIET_20260623_6,True,0
191,20260623,2026-06-23 14:00:00,2026-06-23 15:00:00,NONE,NONE,-1.0,NONE,C4.2,QUIET_20260623_7,True,0
192,20260623,2026-06-23 16:00:00,2026-06-23 17:00:00,2026-06-23 17:29:00,2026-06-23 17:44:00,29.0,1h,M3.6,FLARE_20260623_1729_M3.6,False,1
193,20260623,2026-06-23 18:00:00,2026-06-23 19:00:00,NONE,NONE,-1.0,NONE,C2.6,QUIET_20260623_9,True,0
194,20260623,2026-06-23 20:00:00,2026-06-23 21:00:00,NONE,NONE,-1.0,NONE,C3.8,QUIET_20260623_10,True,0
195,20260623,2026-06-23 22:00:00,2026-06-23 23:00:00,NONE,NONE,-1.0,NONE,C4.0,QUIET_20260623_11,True,0
196,20260622,2026-06-22 00:00:00,2026-06-22 01:00:00,2026-06-22 01:45:00,2026-06-22 02:00:00,45.0,1h,M4.0,FLARE_20260622_0145_M4.0,False,1
197,20260622,2026-06-22 02:00:00,2026-06-22 03:00:00,NONE,NONE,-1.0,NONE,C2.2,QUIET_20260622_1,True,0
198,20260622,2026-06-22 04:00:00,2026-06-22 05:00:00,NONE,NONE,-1.0,NONE,C3.4,QUIET_20260622_2,True,0
199,20260622,2026-06-22 06:00:00,2026-06-22 07:00:00,NONE,NONE,-1.0,NONE,C4.6,QUIET_20260622_3,True,0
200,20260622,2026-06-22 08:00:00,2026-06-22 09:00:00,2026-06-22 09:28:00,2026-06-22 09:43:00,28.0,1h,M8.2,FLARE_20260622_0928_M8.2,False,1
201,20260622,2026-06-22 10:00:00,2026-06-22 11:00:00,NONE,NONE,-1.0,NONE,C2.0,QUIET_20260622_5,True,0
202,20260622,2026-06-22 12:00:00,2026-06-22 13:00:00,NONE,NONE,-1.0,NONE,C3.2,QUIET_20260622_6,True,0
203,20260622,2026-06-22 14:00:00,2026-06-22 15:00:00,NONE,NONE,-1.0,NONE,C4.4,QUIET_20260622_7,True,0
204,20260622,2026-06-22 16:00:00,2026-06-22 17:00:00,2026-06-22 17:56:00,2026-06-22 18:11:00,56.0,1h,M3.4,FLARE_20260622_1756_M3.4,False,1
205,20260622,2026-06-22 18:00:00,2026-06-22 19:00:00,NONE,NONE,-1.0,NONE,C2.8,QUIET_20260622_9,True,0
206,20260622,2026-06-22 20:00:00,2026-06-22 21:00:00,NONE,NONE,-1.0,NONE,C3.0,QUIET_20260622_10,True,0
207,20260622,2026-06-22 22:00:00,2026-06-22 23:00:00,NONE,NONE,-1.0,NONE,C4.2,QUIET_20260622_11,True,0
208,20260915,2026-09-15 00:00:00,2026-09-15 01:00:00,2026-09-15 01:15:00,2026-09-15 01:30:00,15.0,1h,M1.0,FLARE_20260915_0115_M1.0,False,1
209,20260915,2026-09-15 02:00:00,2026-09-15 03:00:00,NONE,NONE,-1.0,NONE,C2.2,QUIET_20260915_1,True,0
210,20260915,2026-09-15 04:00:00,2026-09-15 05:00:00,NONE,NONE,-1.0,NONE,C3.4,QUIET_20260915_2,True,0
211,20260915,2026-09-15 06:00:00,2026-09-15 07:00:00,NONE,NONE,-1.0,NONE,C4.6,QUIET_20260915_3,True,0
212,20260915,2026-09-15 08:00:00,2026-09-15 09:00:00,2026-09-15 09:43:00,2026-09-15 09:58:00,43.0,1h,M5.2,FLARE_20260915_0943_M5.2,False,1
213,20260915,2026-09-15 10:00:00,2026-09-15 11:00:00,NONE,NONE,-1.0,NONE,C2.0,QUIET_20260915_5,True,0
214,20260915,2026-09-15 12:00:00,2026-09-15 13:00:00,NONE,NONE,-1.0,NONE,C3.2,QUIET_20260915_6,True,0
215,20260915,2026-09-15 14:00:00,2026-09-15 15:00:00,NONE,NONE,-1.0,NONE,C4.4,QUIET_20260915_7,True,0
216,20260915,2026-09-15 16:00:00,2026-09-15 17:00:00,2026-09-15 17:26:00,2026-09-15 17:41:00,26.0,1h,M9.4,FLARE_20260915_1726_M9.4,False,1
217,20260915,2026-09-15 18:00:00,2026-09-15 19:00:00,NONE,NONE,-1.0,NONE,C2.8,QUIET_20260915_9,True,0
218,20260915,2026-09-15 20:00:00,2026-09-15 21:00:00,NONE,NONE,-1.0,NONE,C3.0,QUIET_20260915_10,True,0
219,20260915,2026-09-15 22:00:00,2026-09-15 23:00:00,NONE,NONE,-1.0,NONE,C4.2,QUIET_20260915_11,True,0
220,20260916,2026-09-16 00:00:00,2026-09-16 01:00:00,2026-09-16 01:54:00,2026-09-16 02:09:00,54.0,1h,M4.6,FLARE_20260916_0154_M4.6,False,1
221,20260916,2026-09-16 02:00:00,2026-09-16 03:00:00,NONE,NONE,-1.0,NONE,C2.6,QUIET_20260916_1,True,0
222,20260917,2026-09-17 00:00:00,2026-09-17 01:00:00,2026-09-17 01:48:00,2026-09-17 02:03:00,48.0,1h,M7.2,FLARE_20260917_0148_M7.2,False,1
223,20260917,2026-09-17 02:00:00,2026-09-17 03:00:00,NONE,NONE,-1.0,NONE,C2.0,QUIET_20260917_1,True,0
224,20260917,2026-09-17 04:00:00,2026-09-17 05:00:00,NONE,NONE,-1.0,NONE,C3.2,QUIET_20260917_2,True,0
225,20260917,2026-09-17 06:00:00,2026-09-17 07:00:00,NONE,NONE,-1.0,NONE,C4.4,QUIET_20260917_3,True,0
226,20260917,2026-09-17 08:00:00,2026-09-17 09:00:00,2026-09-17 09:31:00,2026-09-17 09:46:00,31.0,1h,M2.4,FLARE_20260917_0931_M2.4,False,1
227,20260917,2026-09-17 10:00:00,2026-09-17 11:00:00,NONE,NONE,-1.0,NONE,C2.8,QUIET_20260917_5,True,0
228,20260917,2026-09-17 12:00:00,2026-09-17 13:00:00,NONE,NONE,-1.0,NONE,C3.0,QUIET_20260917_6,True,0
229,20260917,2026-09-17 14:00:00,2026-09-17 15:00:00,NONE,NONE,-1.0,NONE,C4.2,QUIET_20260917_7,True,0
230,20260917,2026-09-17 16:00:00,2026-09-17 17:00:00,2026-09-17 17:59:00,2026-09-17 18:14:00,59.0,1h,M6.6,FLARE_20260917_1759_M6.6,False,1
231,20260917,2026-09-17 18:00:00,2026-09-17 19:00:00,NONE,NONE,-1.0,NONE,C2.6,QUIET_20260917_9,True,0
232,20260917,2026-09-17 20:00:00,2026-09-17 21:00:00,NONE,NONE,-1.0,NONE,C3.8,QUIET_20260917_10,True,0
233,20260917,2026-09-17 22:00:00,2026-09-17 23:00:00,NONE,NONE,-1.0,NONE,C4.0,QUIET_20260917_11,True,0
234,20260918,2026-09-18 00:00:00,2026-09-18 01:00:00,2026-09-18 01:42:00,2026-09-18 01:57:00,42.0,1h,M1.8,FLARE_20260918_0142_M1.8,False,1
235,20260918,2026-09-18 02:00:00,2026-09-18 03:00:00,NONE,NONE,-1.0,NONE,C2.4,QUIET_20260918_1,True,0
236,20260918,2026-09-18 04:00:00,2026-09-18 05:00:00,NONE,NONE,-1.0,NONE,C3.6,QUIET_20260918_2,True,0
237,20260918,2026-09-18 06:00:00,2026-09-18 07:00:00,NONE,NONE,-1.0,NONE,C4.8,QUIET_20260918_3,True,0
238,20260918,2026-09-18 08:00:00,2026-09-18 09:00:00,2026-09-18 09:25:00,2026-09-18 09:40:00,25.0,1h,M5.0,FLARE_20260918_0925_M5.0,False,1
239,20260918,2026-09-18 10:00:00,2026-09-18 11:00:00,NONE,NONE,-1.0,NONE,C2.2,QUIET_20260918_5,True,0
240,20260918,2026-09-18 12:00:00,2026-09-18 13:00:00,NONE,NONE,-1.0,NONE,C3.4,QUIET_20260918_6,True,0
241,20260918,2026-09-18 14:00:00,2026-09-18 15:00:00,NONE,NONE,-1.0,NONE,C4.6,QUIET_20260918_7,True,0
242,20260918,2026-09-18 16:00:00,2026-09-18 17:00:00,2026-09-18 17:53:00,2026-09-18 18:08:00,53.0,1h,M9.2,FLARE_20260918_1753_M9.2,False,1
243,20260918,2026-09-18 18:00:00,2026-09-18 19:00:00,NONE,NONE,-1.0,NONE,C2.0,QUIET_20260918_9,True,0
244,20260918,2026-09-18 20:00:00,2026-09-18 21:00:00,NONE,NONE,-1.0,NONE,C3.2,QUIET_20260918_10,True,0
245,20260918,2026-09-18 22:00:00,2026-09-18 23:00:00,NONE,NONE,-1.0,NONE,C4.4,QUIET_20260918_11,True,0
246,20260919,2026-09-19 00:00:00,2026-09-19 01:00:00,2026-09-19 01:36:00,2026-09-19 01:51:00,36.0,1h,M4.4,FLARE_20260919_0136_M4.4,False,1
247,20260919,2026-09-19 02:00:00,2026-09-19 03:00:00,NONE,NONE,-1.0,NONE,C2.8,QUIET_20260919_1,True,0
248,20260919,2026-09-19 04:00:00,2026-09-19 05:00:00,NONE,NONE,-1.0,NONE,C3.0,QUIET_20260919_2,True,0
249,20260919,2026-09-19 06:00:00,2026-09-19 07:00:00,NONE,NONE,-1.0,NONE,C4.2,QUIET_20260919_3,True,0
250,20260919,2026-09-19 08:00:00,2026-09-19 09:00:00,2026-09-19 09:19:00,2026-09-19 09:34:00,19.0,1h,M8.6,FLARE_20260919_0919_M8.6,False,1
251,20260919,2026-09-19 10:00:00,2026-09-19 11:00:00,NONE,NONE,-1.0,NONE,C2.6,QUIET_20260919_5,True,0
252,20260919,2026-09-19 12:00:00,2026-09-19 13:00:00,NONE,NONE,-1.0,NONE,C3.8,QUIET_20260919_6,True,0
253,20260919,2026-09-19 14:00:00,2026-09-19 15:00:00,NONE,NONE,-1.0,NONE,C4.0,QUIET_20260919_7,True,0
254,20260919,2026-09-19 16:00:00,2026-09-19 17:00:00,2026-09-19 17:47:00,2026-09-19 18:02:00,47.0,1h,M3.8,FLARE_20260919_1747_M3.8,False,1
255,20260919,2026-09-19 18:00:00,2026-09-19 19:00:00,NONE,NONE,-1.0,NONE,C2.4,QUIET_20260919_9,True,0
256,20260919,2026-09-19 20:00:00,2026-09-19 21:00:00,NONE,NONE,-1.0,NONE,C3.6,QUIET_20260919_10,True,0
257,20260919,2026-09-19 22:00:00,2026-09-19 23:00:00,NONE,NONE,-1.0,NONE,C4.8,QUIET_20260919_11,True,0
258,20260920,2026-09-20 00:00:00,2026-09-20 01:00:00,2026-09-20 01:30:00,2026-09-20 01:45:00,30.0,1h,M7.0,FLARE_20260920_0130_M7.0,False,1
259,20260920,2026-09-20 02:00:00,2026-09-20 03:00:00,NONE,NONE,-1.0,NONE,C2.2,QUIET_20260920_1,True,0
260,20260920,2026-09-20 04:00:00,2026-09-20 05:00:00,NONE,NONE,-1.0,NONE,C3.4,QUIET_20260920_2,True,0
261,20260920,2026-09-20 06:00:00,2026-09-20 07:00:00,NONE,NONE,-1.0,NONE,C4.6,QUIET_20260920_3,True,0
262,20260920,2026-09-20 08:00:00,2026-09-20 09:00:00,2026-09-20 09:58:00,2026-09-20 10:13:00,58.0,1h,M2.2,FLARE_20260920_0958_M2.2,False,1
263,20260920,2026-09-20 10:00:00,2026-09-20 11:00:00,NONE,NONE,-1.0,NONE,C2.0,QUIET_20260920_5,True,0
264,20260920,2026-09-20 12:00:00,2026-09-20 13:00:00,NONE,NONE,-1.0,NONE,C3.2,QUIET_20260920_6,True,0
265,20260920,2026-09-20 14:00:00,2026-09-20 15:00:00,NONE,NONE,-1.0,NONE,C4.4,QUIET_20260920_7,True,0
266,20260920,2026-09-20 16:00:00,2026-09-20 17:00:00,2026-09-20 17:41:00,2026-09-20 17:56:00,41.0,1h,M6.4,FLARE_20260920_1741_M6.4,False,1
267,20260920,2026-09-20 18:00:00,2026-09-20 19:00:00,NONE,NONE,-1.0,NONE,C2.8,QUIET_20260920_9,True,0
268,20260920,2026-09-20 22:00:00,2026-09-20 23:00:00,NONE,NONE,-1.0,NONE,C4.2,QUIET_20260920_11,True,0
269,20260921,2026-09-21 00:00:00,2026-09-21 01:00:00,2026-09-21 01:24:00,2026-09-21 01:39:00,24.0,1h,M1.6,FLARE_20260921_0124_M1.6,False,1
270,20260921,2026-09-21 02:00:00,2026-09-21 03:00:00,NONE,NONE,-1.0,NONE,C2.6,QUIET_20260921_1,True,0
271,20260921,2026-09-21 04:00:00,2026-09-21 05:00:00,NONE,NONE,-1.0,NONE,C3.8,QUIET_20260921_2,True,0
272,20260921,2026-09-21 06:00:00,2026-09-21 07:00:00,NONE,NONE,-1.0,NONE,C4.0,QUIET_20260921_3,True,0
273,20260921,2026-09-21 08:00:00,2026-09-21 09:00:00,2026-09-21 09:52:00,2026-09-21 10:07:00,52.0,1h,M5.8,FLARE_20260921_0952_M5.8,False,1
274,20260921,2026-09-21 10:00:00,2026-09-21 11:00:00,NONE,NONE,-1.0,NONE,C2.4,QUIET_20260921_5,True,0
275,20260921,2026-09-21 12:00:00,2026-09-21 13:00:00,NONE,NONE,-1.0,NONE,C3.6,QUIET_20260921_6,True,0
276,20260921,2026-09-21 14:00:00,2026-09-21 15:00:00,NONE,NONE,-1.0,NONE,C4.8,QUIET_20260921_7,True,0
277,20260921,2026-09-21 16:00:00,2026-09-21 17:00:00,2026-09-21 17:35:00,2026-09-21 17:50:00,35.0,1h,M9.0,FLARE_20260921_1735_M9.0,False,1
278,20260921,2026-09-21 18:00:00,2026-09-21 19:00:00,NONE,NONE,-1.0,NONE,C2.2,QUIET_20260921_9,True,0
279,20260921,2026-09-21 20:00:00,2026-09-21 21:00:00,NONE,NONE,-1.0,NONE,C3.4,QUIET_20260921_10,True,0
280,20260921,2026-09-21 22:00:00,2026-09-21 23:00:00,NONE,NONE,-1.0,NONE,C4.6,QUIET_20260921_11,True,0
281,20260922,2026-09-22 00:00:00,2026-09-22 01:00:00,2026-09-22 01:18:00,2026-09-22 01:33:00,18.0,1h,M4.2,FLARE_20260922_0118_M4.2,False,1
282,20260922,2026-09-22 02:00:00,2026-09-22 03:00:00,NONE,NONE,-1.0,NONE,C2.0,QUIET_20260922_1,True,0
283,20260922,2026-09-22 04:00:00,2026-09-22 05:00:00,NONE,NONE,-1.0,NONE,C3.2,QUIET_20260922_2,True,0
284,20260922,2026-09-22 06:00:00,2026-09-22 07:00:00,NONE,NONE,-1.0,NONE,C4.4,QUIET_20260922_3,True,0
285,20260922,2026-09-22 08:00:00,2026-09-22 09:00:00,2026-09-22 09:46:00,2026-09-22 10:01:00,46.0,1h,M8.4,FLARE_20260922_0946_M8.4,False,1
286,20260922,2026-09-22 12:00:00,2026-09-22 13:00:00,NONE,NONE,-1.0,NONE,C3.0,QUIET_20260922_6,True,0
287,20260922,2026-09-22 14:00:00,2026-09-22 15:00:00,NONE,NONE,-1.0,NONE,C4.2,QUIET_20260922_7,True,0
288,20260922,2026-09-22 16:00:00,2026-09-22 17:00:00,2026-09-22 17:29:00,2026-09-22 17:44:00,29.0,1h,M3.6,FLARE_20260922_1729_M3.6,False,1
289,20260922,2026-09-22 18:00:00,2026-09-22 19:00:00,NONE,NONE,-1.0,NONE,C2.6,QUIET_20260922_9,True,0
290,20260922,2026-09-22 20:00:00,2026-09-22 21:00:00,NONE,NONE,-1.0,NONE,C3.8,QUIET_20260922_10,True,0
291,20260923,2026-09-23 00:00:00,2026-09-23 01:00:00,2026-09-23 01:57:00,2026-09-23 02:12:00,57.0,1h,M7.8,FLARE_20260923_0157_M7.8,False,1
292,20260923,2026-09-23 02:00:00,2026-09-23 03:00:00,NONE,NONE,-1.0,NONE,C2.4,QUIET_20260923_1,True,0
293,20260923,2026-09-23 04:00:00,2026-09-23 05:00:00,NONE,NONE,-1.0,NONE,C3.6,QUIET_20260923_2,True,0
294,20260923,2026-09-23 06:00:00,2026-09-23 07:00:00,NONE,NONE,-1.0,NONE,C4.8,QUIET_20260923_3,True,0
295,20260923,2026-09-23 08:00:00,2026-09-23 09:00:00,2026-09-23 09:40:00,2026-09-23 09:55:00,40.0,1h,M2.0,FLARE_20260923_0940_M2.0,False,1
296,20260923,2026-09-23 10:00:00,2026-09-23 11:00:00,NONE,NONE,-1.0,NONE,C2.2,QUIET_20260923_5,True,0
297,20260923,2026-09-23 12:00:00,2026-09-23 13:00:00,NONE,NONE,-1.0,NONE,C3.4,QUIET_20260923_6,True,0
298,20260923,2026-09-23 14:00:00,2026-09-23 15:00:00,NONE,NONE,-1.0,NONE,C4.6,QUIET_20260923_7,True,0
299,20260923,2026-09-23 16:00:00,2026-09-23 17:00:00,2026-09-23 17:23:00,2026-09-23 17:38:00,23.0,1h,M6.2,FLARE_20260923_1723_M6.2,False,1
300,20260923,2026-09-23 18:00:00,2026-09-23 19:00:00,NONE,NONE,-1.0,NONE,C2.0,QUIET_20260923_9,True,0
301,20260923,2026-09-23 20:00:00,2026-09-23 21:00:00,NONE,NONE,-1.0,NONE,C3.2,QUIET_20260923_10,True,0
302,20260924,2026-09-24 00:00:00,2026-09-24 01:00:00,2026-09-24 01:51:00,2026-09-24 02:06:00,51.0,1h,M1.4,FLARE_20260924_0151_M1.4,False,1
303,20260924,2026-09-24 02:00:00,2026-09-24 03:00:00,NONE,NONE,-1.0,NONE,C2.8,QUIET_20260924_1,True,0
304,20260924,2026-09-24 04:00:00,2026-09-24 05:00:00,NONE,NONE,-1.0,NONE,C3.0,QUIET_20260924_2,True,0
305,20260924,2026-09-24 06:00:00,2026-09-24 07:00:00,NONE,NONE,-1.0,NONE,C4.2,QUIET_20260924_3,True,0
306,20260924,2026-09-24 08:00:00,2026-09-24 09:00:00,2026-09-24 09:34:00,2026-09-24 09:49:00,34.0,1h,M5.6,FLARE_20260924_0934_M5.6,False,1
307,20260924,2026-09-24 10:00:00,2026-09-24 11:00:00,NONE,NONE,-1.0,NONE,C2.6,QUIET_20260924_5,True,0
308,20260924,2026-09-24 12:00:00,2026-09-24 13:00:00,NONE,NONE,-1.0,NONE,C3.8,QUIET_20260924_6,True,0
309,20260924,2026-09-24 14:00:00,2026-09-24 15:00:00,NONE,NONE,-1.0,NONE,C4.0,QUIET_20260924_7,True,0
310,20260924,2026-09-24 16:00:00,2026-09-24 17:00:00,2026-09-24 17:17:00,2026-09-24 17:32:00,17.0,1h,M9.8,FLARE_20260924_1717_M9.8,False,1
311,20260924,2026-09-24 18:00:00,2026-09-24 19:00:00,NONE,NONE,-1.0,NONE,C2.4,QUIET_20260924_9,True,0
312,20260924,2026-09-24 20:00:00,2026-09-24 21:00:00,NONE,NONE,-1.0,NONE,C3.6,QUIET_20260924_10,True,0
313,20260924,2026-09-24 22:00:00,2026-09-24 23:00:00,NONE,NONE,-1.0,NONE,C4.8,QUIET_20260924_11,True,0
314,20260925,2026-09-25 00:00:00,2026-09-25 01:00:00,2026-09-25 01:45:00,2026-09-25 02:00:00,45.0,1h,M4.0,FLARE_20260925_0145_M4.0,False,1
315,20260925,2026-09-25 02:00:00,2026-09-25 03:00:00,NONE,NONE,-1.0,NONE,C2.2,QUIET_20260925_1,True,0
316,20260925,2026-09-25 04:00:00,2026-09-25 05:00:00,NONE,NONE,-1.0,NONE,C3.4,QUIET_20260925_2,True,0
317,20260925,2026-09-25 06:00:00,2026-09-25 07:00:00,NONE,NONE,-1.0,NONE,C4.6,QUIET_20260925_3,True,0
318,20260925,2026-09-25 08:00:00,2026-09-25 09:00:00,2026-09-25 09:28:00,2026-09-25 09:43:00,28.0,1h,M8.2,FLARE_20260925_0928_M8.2,False,1
319,20260925,2026-09-25 10:00:00,2026-09-25 11:00:00,NONE,NONE,-1.0,NONE,C2.0,QUIET_20260925_5,True,0
320,20260925,2026-09-25 12:00:00,2026-09-25 13:00:00,NONE,NONE,-1.0,NONE,C3.2,QUIET_20260925_6,True,0
321,20260925,2026-09-25 14:00:00,2026-09-25 15:00:00,NONE,NONE,-1.0,NONE,C4.4,QUIET_20260925_7,True,0
322,20260925,2026-09-25 16:00:00,2026-09-25 17:00:00,2026-09-25 17:56:00,2026-09-25 18:11:00,56.0,1h,M3.4,FLARE_20260925_1756_M3.4,False,1
323,20260925,2026-09-25 18:00:00,2026-09-25 19:00:00,NONE,NONE,-1.0,NONE,C2.8,QUIET_20260925_9,True,0
324,20260925,2026-09-25 20:00:00,2026-09-25 21:00:00,NONE,NONE,-1.0,NONE,C3.0,QUIET_20260925_10,True,0
325,20260925,2026-09-25 22:00:00,2026-09-25 23:00:00,NONE,NONE,-1.0,NONE,C4.2,QUIET_20260925_11,True,0
326,20260926,2026-09-26 00:00:00,2026-09-26 01:00:00,2026-09-26 01:39:00,2026-09-26 01:54:00,39.0,1h,M7.6,FLARE_20260926_0139_M7.6,False,1
327,20260926,2026-09-26 02:00:00,2026-09-26 03:00:00,NONE,NONE,-1.0,NONE,C2.6,QUIET_20260926_1,True,0
328,20260926,2026-09-26 04:00:00,2026-09-26 05:00:00,NONE,NONE,-1.0,NONE,C3.8,QUIET_20260926_2,True,0
329,20260926,2026-09-26 06:00:00,2026-09-26 07:00:00,NONE,NONE,-1.0,NONE,C4.0,QUIET_20260926_3,True,0
330,20260926,2026-09-26 08:00:00,2026-09-26 09:00:00,2026-09-26 09:22:00,2026-09-26 09:37:00,22.0,1h,M2.8,FLARE_20260926_0922_M2.8,False,1
331,20260926,2026-09-26 10:00:00,2026-09-26 11:00:00,NONE,NONE,-1.0,NONE,C2.4,QUIET_20260926_5,True,0
332,20260926,2026-09-26 12:00:00,2026-09-26 13:00:00,NONE,NONE,-1.0,NONE,C3.6,QUIET_20260926_6,True,0
333,20260926,2026-09-26 14:00:00,2026-09-26 15:00:00,NONE,NONE,-1.0,NONE,C4.8,QUIET_20260926_7,True,0
334,20260926,2026-09-26 16:00:00,2026-09-26 17:00:00,2026-09-26 17:50:00,2026-09-26 18:05:00,50.0,1h,M6.0,FLARE_20260926_1750_M6.0,False,1
335,20260926,2026-09-26 18:00:00,2026-09-26 19:00:00,NONE,NONE,-1.0,NONE,C2.2,QUIET_20260926_9,True,0
336,20260926,2026-09-26 20:00:00,2026-09-26 21:00:00,NONE,NONE,-1.0,NONE,C3.4,QUIET_20260926_10,True,0
337,20260926,2026-09-26 22:00:00,2026-09-26 23:00:00,NONE,NONE,-1.0,NONE,C4.6,QUIET_20260926_11,True,0
338,20260927,2026-09-27 00:00:00,2026-09-27 01:00:00,2026-09-27 01:33:00,2026-09-27 01:48:00,33.0,1h,M1.2,FLARE_20260927_0133_M1.2,False,1
339,20260927,2026-09-27 02:00:00,2026-09-27 03:00:00,NONE,NONE,-1.0,NONE,C2.0,QUIET_20260927_1,True,0
340,20260927,2026-09-27 04:00:00,2026-09-27 05:00:00,NONE,NONE,-1.0,NONE,C3.2,QUIET_20260927_2,True,0
341,20260927,2026-09-27 06:00:00,2026-09-27 07:00:00,NONE,NONE,-1.0,NONE,C4.4,QUIET_20260927_3,True,0
342,20260927,2026-09-27 08:00:00,2026-09-27 09:00:00,2026-09-27 09:16:00,2026-09-27 09:31:00,16.0,1h,M5.4,FLARE_20260927_0916_M5.4,False,1
343,20260927,2026-09-27 10:00:00,2026-09-27 11:00:00,NONE,NONE,-1.0,NONE,C2.8,QUIET_20260927_5,True,0
344,20260927,2026-09-27 12:00:00,2026-09-27 13:00:00,NONE,NONE,-1.0,NONE,C3.0,QUIET_20260927_6,True,0
345,20260927,2026-09-27 14:00:00,2026-09-27 15:00:00,NONE,NONE,-1.0,NONE,C4.2,QUIET_20260927_7,True,0
346,20260927,2026-09-27 16:00:00,2026-09-27 17:00:00,2026-09-27 17:44:00,2026-09-27 17:59:00,44.0,1h,M9.6,FLARE_20260927_1744_M9.6,False,1
347,20260927,2026-09-27 18:00:00,2026-09-27 19:00:00,NONE,NONE,-1.0,NONE,C2.6,QUIET_20260927_9,True,0
348,20260927,2026-09-27 20:00:00,2026-09-27 21:00:00,NONE,NONE,-1.0,NONE,C3.8,QUIET_20260927_10,True,0
349,20260927,2026-09-27 22:00:00,2026-09-27 23:00:00,NONE,NONE,-1.0,NONE,C4.0,QUIET_20260927_11,True,0
350,20260928,2026-09-28 00:00:00,2026-09-28 01:00:00,2026-09-28 01:27:00,2026-09-28 01:42:00,27.0,1h,M4.8,FLARE_20260928_0127_M4.8,False,1
351,20260928,2026-09-28 02:00:00,2026-09-28 03:00:00,NONE,NONE,-1.0,NONE,C2.4,QUIET_20260928_1,True,0
352,20260928,2026-09-28 04:00:00,2026-09-28 05:00:00,NONE,NONE,-1.0,NONE,C3.6,QUIET_20260928_2,True,0
353,20260928,2026-09-28 06:00:00,2026-09-28 07:00:00,NONE,NONE,-1.0,NONE,C4.8,QUIET_20260928_3,True,0
354,20260928,2026-09-28 08:00:00,2026-09-28 09:00:00,2026-09-28 09:55:00,2026-09-28 10:10:00,55.0,1h,M8.0,FLARE_20260928_0955_M8.0,False,1
355,20260928,2026-09-28 10:00:00,2026-09-28 11:00:00,NONE,NONE,-1.0,NONE,C2.2,QUIET_20260928_5,True,0
356,20260928,2026-09-28 12:00:00,2026-09-28 13:00:00,NONE,NONE,-1.0,NONE,C3.4,QUIET_20260928_6,True,0
357,20260928,2026-09-28 14:00:00,2026-09-28 15:00:00,NONE,NONE,-1.0,NONE,C4.6,QUIET_20260928_7,True,0
358,20260928,2026-09-28 16:00:00,2026-09-28 17:00:00,2026-09-28 17:38:00,2026-09-28 17:53:00,38.0,1h,M3.2,FLARE_20260928_1738_M3.2,False,1
359,20260928,2026-09-28 18:00:00,2026-09-28 19:00:00,NONE,NONE,-1.0,NONE,C2.0,QUIET_20260928_9,True,0
360,20260928,2026-09-28 20:00:00,2026-09-28 21:00:00,NONE,NONE,-1.0,NONE,C3.2,QUIET_20260928_10,True,0
361,20260929,2026-09-29 00:00:00,2026-09-29 01:00:00,2026-09-29 01:21:00,2026-09-29 01:36:00,21.0,1h,M7.4,FLARE_20260929_0121_M7.4,False,1
362,20260929,2026-09-29 02:00:00,2026-09-29 03:00:00,NONE,NONE,-1.0,NONE,C2.8,QUIET_20260929_1,True,0
363,20260929,2026-09-29 04:00:00,2026-09-29 05:00:00,NONE,NONE,-1.0,NONE,C3.0,QUIET_20260929_2,True,0
364,20260929,2026-09-29 06:00:00,2026-09-29 07:00:00,NONE,NONE,-1.0,NONE,C4.2,QUIET_20260929_3,True,0
365,20260929,2026-09-29 08:00:00,2026-09-29 09:00:00,2026-09-29 09:49:00,2026-09-29 10:04:00,49.0,1h,M2.6,FLARE_20260929_0949_M2.6,False,1
366,20260929,2026-09-29 10:00:00,2026-09-29 11:00:00,NONE,NONE,-1.0,NONE,C2.6,QUIET_20260929_5,True,0
367,20260929,2026-09-29 12:00:00,2026-09-29 13:00:00,NONE,NONE,-1.0,NONE,C3.8,QUIET_20260929_6,True,0
368,20260929,2026-09-29 14:00:00,2026-09-29 15:00:00,NONE,NONE,-1.0,NONE,C4.0,QUIET_20260929_7,True,0
369,20260929,2026-09-29 16:00:00,2026-09-29 17:00:00,2026-09-29 17:32:00,2026-09-29 17:47:00,32.0,1h,M6.8,FLARE_20260929_1732_M6.8,False,1
370,20260929,2026-09-29 18:00:00,2026-09-29 19:00:00,NONE,NONE,-1.0,NONE,C2.4,QUIET_20260929_9,True,0
371,20260929,2026-09-29 20:00:00,2026-09-29 21:00:00,NONE,NONE,-1.0,NONE,C3.6,QUIET_20260929_10,True,0
372,20260929,2026-09-29 22:00:00,2026-09-29 23:00:00,NONE,NONE,-1.0,NONE,C4.8,QUIET_20260929_11,True,0
373,20260930,2026-09-30 00:00:00,2026-09-30 01:00:00,2026-09-30 01:15:00,2026-09-30 01:30:00,15.0,1h,M1.0,FLARE_20260930_0115_M1.0,False,1
374,20260930,2026-09-30 02:00:00,2026-09-30 03:00:00,NONE,NONE,-1.0,NONE,C2.2,QUIET_20260930_1,True,0
375,20260930,2026-09-30 04:00:00,2026-09-30 05:00:00,NONE,NONE,-1.0,NONE,C3.4,QUIET_20260930_2,True,0
376,20260930,2026-09-30 06:00:00,2026-09-30 07:00:00,NONE,NONE,-1.0,NONE,C4.6,QUIET_20260930_3,True,0
377,20260930,2026-09-30 08:00:00,2026-09-30 09:00:00,2026-09-30 09:43:00,2026-09-30 09:58:00,43.0,1h,M5.2,FLARE_20260930_0943_M5.2,False,1
378,20260930,2026-09-30 10:00:00,2026-09-30 11:00:00,NONE,NONE,-1.0,NONE,C2.0,QUIET_20260930_5,True,0
379,20260930,2026-09-30 12:00:00,2026-09-30 13:00:00,NONE,NONE,-1.0,NONE,C3.2,QUIET_20260930_6,True,0
380,20260930,2026-09-30 14:00:00,2026-09-30 15:00:00,NONE,NONE,-1.0,NONE,C4.4,QUIET_20260930_7,True,0
381,20260930,2026-09-30 16:00:00,2026-09-30 17:00:00,2026-09-30 17:26:00,2026-09-30 17:41:00,26.0,1h,M9.4,FLARE_20260930_1726_M9.4,False,1
382,20260930,2026-09-30 18:00:00,2026-09-30 19:00:00,NONE,NONE,-1.0,NONE,C2.8,QUIET_20260930_9,True,0
383,20260930,2026-09-30 20:00:00,2026-09-30 21:00:00,NONE,NONE,-1.0,NONE,C3.0,QUIET_20260930_10,True,0
