seq_idx,observation_date,hel1os_archive,solexs_archive,solexs_available,hel1os_available,label_source,handling_status
732,20260915,HLS_20260915_000005_43187sec_lev1_V111.zip,AL1_SLX_L1_20260915_v1.0.zip,Yes,Yes,GOES X-ray Flare Catalog,Complete (4/4 channels extracted)
733,20260916,HLS_20260916_121028_7501sec_lev1_V111.zip,AL1_SLX_L1_20260916_v1.0.zip,Yes,Yes,GOES X-ray Flare Catalog,Complete (4/4 channels extracted)
734,20260917,HLS_20260917_000005_43185sec_lev1_V111.zip,AL1_SLX_L1_20260917_v1.0.zip,Yes,Yes,GOES X-ray Flare Catalog,Complete (4/4 channels extracted)
735,20260918,HLS_20260918_000006_46260sec_lev1_V111.zip,AL1_SLX_L1_20260918_v1.0.zip,Yes,Yes,GOES X-ray Flare Catalog,Complete (4/4 channels extracted)
736,20260919,HLS_20260919_000006_43180sec_lev1_V111.zip,AL1_SLX_L1_20260919_v1.0.zip,Yes,Yes,GOES X-ray Flare Catalog,Complete (4/4 channels extracted)
737,20260920,HLS_20260920_000007_43182sec_lev1_V111.zip,AL1_SLX_L1_20260920_v1.0.zip,Yes,Yes,GOES X-ray Flare Catalog,Complete (4/4 channels extracted)
738,20260921,HLS_20260921_000009_43182sec_lev1_V111.zip,AL1_SLX_L1_20260921_v1.0.zip,Yes,Yes,GOES X-ray Flare Catalog,Complete (4/4 channels extracted)
739,20260922,HLS_20260922_061801_32845sec_lev1_V111.zip,AL1_SLX_L1_20260922_v1.0.zip,Yes,Yes,GOES X-ray Flare Catalog,Complete (4/4 channels extracted)
740,20260923,HLS_20260923_000007_43177sec_lev1_V111.zip,AL1_SLX_L1_20260923_v1.0.zip,Yes,Yes,GOES X-ray Flare Catalog,Complete (4/4 channels extracted)
741,20260924,HLS_20260924_000008_43182sec_lev1_V111.zip,AL1_SLX_L1_20260924_v1.0.zip,Yes,Yes,GOES X-ray Flare Catalog,Complete (4/4 channels extracted)
742,20260925,HLS_20260925_000013_43174sec_lev1_V111.zip,AL1_SLX_L1_20260925_v1.0.zip,Yes,Yes,GOES X-ray Flare Catalog,Complete (4/4 channels extracted)
743,20260926,HLS_20260926_000010_43181sec_lev1_V111.zip,AL1_SLX_L1_20260926_v1.0.zip,Yes,Yes,GOES X-ray Flare Catalog,Complete (4/4 channels extracted)
744,20260927,HLS_20260927_120001_43194sec_lev1_V111.zip,AL1_SLX_L1_20260927_v1.0.zip,Yes,Yes,GOES X-ray Flare Catalog,Complete (4/4 channels extracted)
745,20260928,HLS_20260928_000008_43182sec_lev1_V111.zip,AL1_SLX_L1_20260928_v1.0.zip,Yes,Yes,GOES X-ray Flare Catalog,Complete (4/4 channels extracted)
746,20260929,HLS_20260929_000011_43177sec_lev1_V111.zip,AL1_SLX_L1_20260929_v1.0.zip,Yes,Yes,GOES X-ray Flare Catalog,Complete (4/4 channels extracted)
747,20260930,HLS_20260930_000006_43181sec_lev1_V111.zip,AL1_SLX_L1_20260930_v1.0.zip,Yes,Yes,GOES X-ray Flare Catalog,Complete (4/4 channels extracted)
