event_id,date,start_time,peak_time,end_time,duration_sec,peak_counts,snr
SLX_20240205_0000,20240205,1707103667.0,1707103774.0,1707103962.0,295.0,552.0,8.643318759814491
SLX_20240205_0001,20240205,1707106957.0,1707107268.0,1707108264.0,1307.0,1616.0,12.661703797272107
SLX_20240205_0002,20240205,1707114080.0,1707114132.0,1707114273.0,193.0,1016.0,20.54683670096252
SLX_20240205_0003,20240205,1707119988.0,1707120140.0,1707120574.0,586.0,463.0,4.700752307969285
SLX_20240205_0004,20240205,1707131126.0,1707131283.0,1707131707.0,581.0,646.0,6.9753098763415196
SLX_20240205_0005,20240205,1707133235.0,1707133252.0,1707133288.0,53.0,141.0,5.079845236031324
SLX_20240206_0006,20240206,1707184073.0,1707189314.0,1707200688.0,16615.0,3429.0,19.930937736003308
SLX_20240206_0007,20240206,1707202469.0,1707202577.0,1707202889.0,420.0,358.0,13.466849821623857
SLX_20240206_0008,20240206,1707219863.0,1707219900.0,1707219988.0,125.0,256.0,13.08977802661839
SLX_20240206_0009,20240206,1707221337.0,1707221364.0,1707221400.0,63.0,179.0,5.063535532930571
SLX_20240206_0010,20240206,1707223831.0,1707224341.0,1707224609.0,778.0,606.0,8.995855680844738
SLX_20240206_0011,20240206,1707236038.0,1707236103.0,1707236210.0,172.0,286.0,7.54143590010936
SLX_20240206_0012,20240206,1707243974.0,1707245334.0,1707247799.0,3825.0,959.0,10.234805864434131
SLX_20240206_0013,20240206,1707249158.0,1707249599.0,1707249675.0,517.0,263.0,4.524861540065616
SLX_20240207_0014,20240207,1707275658.0,1707276723.0,1707279298.0,3640.0,4089.0,6.955958271255662
SLX_20240207_0015,20240207,1707279721.0,1707279721.0,1707280720.0,999.0,1467.0,4.4148517441179855
SLX_20240207_0016,20240207,1707329235.0,1707329235.0,1707329717.0,482.0,947.0,3.516480749675372
SLX_20240208_0017,20240208,1707360616.0,1707360619.0,1707360681.0,65.0,105.0,7.927165536444574
SLX_20240208_0018,20240208,1707367803.0,1707367838.0,1707367879.0,76.0,123.0,9.667275044444603
SLX_20240208_0019,20240208,1707382012.0,1707382109.0,1707382301.0,289.0,241.0,9.570602294000157
SLX_20240208_0020,20240208,1707391780.0,1707392773.0,1707393214.0,1434.0,631.0,46.112901962000755
SLX_20240208_0021,20240208,1707394893.0,1707395159.0,1707395169.0,276.0,274.0,10.827348049777955
SLX_20240208_0022,20240208,1707395690.0,1707395816.0,1707395937.0,247.0,245.0,9.280584042666819
SLX_20240208_0023,20240208,1707396372.0,1707397923.0,1707403476.0,7104.0,2651.0,25.134915115555966
SLX_20240208_0024,20240208,1707403895.0,1707404264.0,1707404691.0,796.0,287.0,7.927165536444574
SLX_20240208_0025,20240208,1707405640.0,1707405768.0,1707406577.0,937.0,1574.0,157.67325597489148
SLX_20240208_0026,20240208,1707408932.0,1707409196.0,1707409561.0,629.0,387.0,10.827348049777955
SLX_20240208_0027,20240208,1707411933.0,1707412021.0,1707412198.0,265.0,536.0,45.72621096022297
SLX_20240208_0028,20240208,1707418821.0,1707418925.0,1707419875.0,1054.0,1107.0,140.85219739755786
SLX_20240208_0029,20240208,1707423479.0,1707423548.0,1707423582.0,103.0,161.0,8.893893040889035
SLX_20240208_0030,20240208,1707431568.0,1707431630.0,1707431682.0,114.0,126.0,8.02383828688902
SLX_20240208_0031,20240208,1707434721.0,1707436523.0,1707436790.0,2069.0,3224.0,38.8624456786673
SLX_20240210_0032,20240210,1707526043.0,1707526221.0,1707526837.0,794.0,964.0,11.161730438714152
SLX_20240210_0033,20240210,1707535635.0,1707537301.0,1707542430.0,6795.0,2349.0,25.01303447711846
SLX_20240210_0034,20240210,1707547810.0,1707553852.0,1707555574.0,7764.0,459.0,6.544629092579382
SLX_20240210_0035,20240210,1707557864.0,1707558544.0,1707559301.0,1437.0,401.0,5.110189839411299
SLX_20240210_0036,20240210,1707589183.0,1707589259.0,1707589512.0,329.0,329.0,7.88941589242446
SLX_20240210_0037,20240210,1707606127.0,1707606464.0,1707607677.0,1550.0,5673.0,59.9774912730905
SLX_20240210_0038,20240210,1707609552.0,1707609598.0,1707609599.0,47.0,192.0,7.88941589242446
SLX_20240212_0039,20240212,1707701956.0,1707701989.0,1707702063.0,107.0,295.0,13.455061862758647
SLX_20240212_0040,20240212,1707702455.0,1707702560.0,1707702985.0,530.0,331.0,10.230807407166713
SLX_20240212_0041,20240212,1707703428.0,1707703433.0,1707703585.0,157.0,185.0,4.836381683387901
SLX_20240212_0042,20240212,1707709457.0,1707709669.0,1707712283.0,2826.0,4835.0,95.0535015465853
SLX_20240212_0043,20240212,1707717109.0,1707717256.0,1707717361.0,252.0,427.0,10.416822087297017
SLX_20240212_0044,20240212,1707717888.0,1707718009.0,1707718055.0,167.0,283.0,9.73476826015257
SLX_20240212_0045,20240212,1707741626.0,1707741685.0,1707741692.0,66.0,193.0,7.564596991965692
SLX_20240212_0046,20240212,1707742661.0,1707743217.0,1707744347.0,1686.0,596.0,12.897017822367737
SLX_20240212_0047,20240212,1707748105.0,1707748136.0,1707748263.0,158.0,188.0,6.3865040178071
SLX_20240212_0048,20240212,1707752234.0,1707752826.0,1707758820.0,6586.0,769.0,11.90493952833945
SLX_20240212_0049,20240212,1707759258.0,1707759320.0,1707760025.0,767.0,258.0,7.936626352226299
SLX_20240212_0050,20240212,1707762203.0,1707772607.0,1707780435.0,18232.0,1783.0,22.445771402390005
SLX_20240213_0051,20240213,1707788273.0,1707788295.0,1707788347.0,74.0,236.0,8.783903465319082
SLX_20240213_0052,20240213,1707826684.0,1707826733.0,1707826776.0,92.0,171.0,7.745412415232097
SLX_20240214_0053,20240214,1707876635.0,1707876644.0,1707876698.0,63.0,107.0,9.32260196396294
SLX_20240214_0054,20240214,1707879987.0,1707880209.0,1707881097.0,1110.0,681.0,20.630572864695765
SLX_20240214_0055,20240214,1707921015.0,1707921067.0,1707921233.0,218.0,245.0,15.106067997162171
SLX_20240214_0056,20240214,1707923831.0,1707924000.0,1707924042.0,211.0,203.0,10.185805849515065
SLX_20240214_0057,20240214,1707926789.0,1707926813.0,1707926867.0,78.0,161.0,8.632038855521241
SLX_20240214_0058,20240214,1707929549.0,1707930335.0,1707930962.0,1413.0,255.0,7.16459225008263
SLX_20240214_0059,20240214,1707933310.0,1707933415.0,1707933780.0,470.0,502.0,20.02633014480928
SLX_20240214_0060,20240214,1707950279.0,1707950369.0,1707950542.0,263.0,304.0,11.307970900732826
SLX_20240215_0061,20240215,1707975133.0,1707975623.0,1707975665.0,532.0,241.0,8.23836184123715
SLX_20240215_0062,20240215,1707983849.0,1707984698.0,1707985334.0,1485.0,285.0,7.53221654055968
SLX_20240215_0063,20240215,1707989685.0,1707989809.0,1707989900.0,215.0,155.0,6.5906894729897205
SLX_20240215_0064,20240215,1707992235.0,1707992568.0,1707992797.0,562.0,269.0,7.375295362631354
SLX_20240215_0065,20240215,1707995945.0,1707996034.0,1707996041.0,96.0,160.0,7.6891377184880065
SLX_20240215_0066,20240215,1708001397.0,1708001439.0,1708001489.0,92.0,164.0,11.298324810839521
SLX_20240215_0067,20240215,1708016198.0,1708016799.0,1708019750.0,3552.0,1282.0,21.262819609288265
SLX_20240215_0068,20240215,1708020549.0,1708020801.0,1708021116.0,567.0,483.0,13.495221301836093
SLX_20240216_0069,20240216,1708049058.0,1708049079.0,1708049110.0,52.0,148.0,4.536739066180456
SLX_20240216_0070,20240216,1708051643.0,1708051905.0,1708052214.0,571.0,1070.0,18.05436975316712
SLX_20240216_0071,20240216,1708066218.0,1708066380.0,1708067166.0,948.0,15738.0,139.6204594244924
SLX_20240216_0072,20240216,1708108111.0,1708108313.0,1708109533.0,1422.0,570.0,7.2217479012668475
SLX_20240216_0073,20240216,1708121086.0,1708121354.0,1708122388.0,1302.0,2287.0,34.118129507908115
SLX_20240217_0074,20240217,1708149246.0,1708149416.0,1708149541.0,295.0,275.0,5.488402441008782
SLX_20240217_0075,20240217,1708165774.0,1708166057.0,1708166343.0,569.0,275.0,5.096373695222441
SLX_20240217_0076,20240217,1708192550.0,1708194835.0,1708196476.0,3926.0,442.0,7.056517424154149
SLX_20240218_0077,20240218,1708215337.0,1708215368.0,1708215418.0,81.0,124.0,9.479123846817108
SLX_20240218_0078,20240218,1708228911.0,1708229168.0,1708229755.0,844.0,264.0,7.52062718425159
SLX_20240219_0079,20240219,1708335458.0,1708335564.0,1708336347.0,889.0,399.0,12.554486811716831
SLX_20240219_0080,20240219,1708346759.0,1708346800.0,1708346910.0,151.0,379.0,24.546832422909027
SLX_20240219_0081,20240219,1708347691.0,1708347997.0,1708348110.0,419.0,269.0,8.432118007869514
SLX_20240221_0082,20240221,1708481865.0,1708481865.0,1708482359.0,494.0,237.0,8.934667977694051
SLX_20240221_0083,20240221,1708524351.0,1708524359.0,1708524429.0,78.0,112.0,14.81847371910233
SLX_20240221_0084,20240221,1708530942.0,1708531406.0,1708531465.0,523.0,233.0,8.934667977694051
SLX_20240221_0085,20240221,1708543710.0,1708543710.0,1708543846.0,136.0,148.0,9.479464805602227
SLX_20240221_0086,20240221,1708547807.0,1708547807.0,1708548007.0,200.0,185.0,10.895936558163479
SLX_20240221_0087,20240221,1708555286.0,1708555320.0,1708555428.0,142.0,233.0,13.837839428867618
SLX_20240221_0088,20240221,1708556342.0,1708556776.0,1708559997.0,3655.0,13102.0,202.1196231539325
SLX_20240222_0089,20240222,1708583348.0,1708583536.0,1708583958.0,610.0,12379.0,28.91235037336822
SLX_20240222_0090,20240222,1708585646.0,1708585724.0,1708585724.0,78.0,1172.0,4.515691836665242
SLX_20240222_0091,20240222,1708634658.0,1708634759.0,1708635157.0,499.0,3824.0,7.004538492517043
SLX_20240222_0092,20240222,1708640674.0,1708641154.0,1708644001.0,3327.0,25452.0,30.50700062591997
SLX_20240224_0093,20240224,1708746486.0,1708746933.0,1708747534.0,1048.0,345.0,6.693511469173985
SLX_20240224_0094,20240224,1708756134.0,1708756475.0,1708758061.0,1927.0,3797.0,33.35215197571175
SLX_20240224_0095,20240224,1708762189.0,1708762244.0,1708762682.0,493.0,258.0,9.520943038049202
SLX_20240224_0096,20240224,1708765904.0,1708766043.0,1708766307.0,403.0,303.0,6.0010792482249515
SLX_20240224_0097,20240224,1708771482.0,1708773520.0,1708777037.0,5555.0,2899.0,31.101747257627395
SLX_20240224_0098,20240224,1708785820.0,1708785962.0,1708786074.0,254.0,245.0,6.347295358699468
SLX_20240224_0099,20240224,1708788502.0,1708788540.0,1708788641.0,139.0,115.0,4.616214806326886
SLX_20240224_0100,20240224,1708793179.0,1708793302.0,1708793404.0,225.0,232.0,7.3859436901230175
SLX_20240224_0101,20240224,1708795031.0,1708797369.0,1708798775.0,3744.0,500.0,10.15567257391915
SLX_20240224_0102,20240224,1708805971.0,1708806327.0,1708806414.0,443.0,254.0,5.88567387806678
SLX_20240225_0103,20240225,1708880537.0,1708881591.0,1708884393.0,3856.0,1608.0,14.985525637629202
SLX_20240228_0104,20240228,1709100369.0,1709100416.0,1709100573.0,204.0,150.0,16.85399650583101
SLX_20240228_0105,20240228,1709110926.0,1709111344.0,1709112132.0,1206.0,268.0,13.702436183602448
SLX_20240228_0106,20240228,1709119873.0,1709120609.0,1709120901.0,1028.0,328.0,15.072679801962693
SLX_20240228_0107,20240228,1709121649.0,1709121724.0,1709123649.0,2000.0,322.0,12.332192565242202
SLX_20240228_0108,20240228,1709141176.0,1709145370.0,1709159341.0,18165.0,1037.0,26.03462874884465
SLX_20240228_0109,20240228,1709160287.0,1709160287.0,1709160910.0,623.0,244.0,10.687900223209908
SLX_20240228_0110,20240228,1709164620.0,1709164783.0,1709164799.0,179.0,377.0,15.072679801962693
SLX_20240302_0111,20240302,1709383969.0,1709384331.0,1709384718.0,749.0,390.0,7.160992704205325
SLX_20240303_0112,20240303,1709438075.0,1709438085.0,1709438170.0,95.0,130.0,7.986314390022418
SLX_20240304_0113,20240304,1709520752.0,1709520809.0,1709520848.0,96.0,119.0,14.893814166828687
SLX_20240304_0114,20240304,1709522170.0,1709522197.0,1709522234.0,64.0,158.0,22.620680163153345
SLX_20240305_0115,20240305,1709648535.0,1709648624.0,1709648629.0,94.0,112.0,17.932061503416623
SLX_20240307_0116,20240307,1709792232.0,1709792280.0,1709792693.0,461.0,551.0,55.56395826776725
SLX_20240307_0117,20240307,1709800512.0,1709800552.0,1709800591.0,79.0,114.0,18.8844825485222
SLX_20240307_0118,20240307,1709807191.0,1709807306.0,1709807819.0,628.0,246.0,19.792390363355
SLX_20240307_0119,20240307,1709854375.0,1709854527.0,1709854820.0,445.0,236.0,18.158156296655964
SLX_20240308_0120,20240308,1709933114.0,1709933168.0,1709933363.0,249.0,905.0,24.894788944419805
SLX_20240309_0121,20240309,1709947001.0,1709947155.0,1709947562.0,561.0,410.0,27.465936673472093
SLX_20240310_0122,20240310,1710072535.0,1710072813.0,1710073969.0,1434.0,6060.0,227.2614962083363
SLX_20240310_0123,20240310,1710084809.0,1710085097.0,1710085650.0,841.0,407.0,18.283443679918783
SLX_20240311_0124,20240311,1710146822.0,1710146950.0,1710147323.0,501.0,377.0,20.675551498990174
SLX_20240312_0125,20240312,1710238661.0,1710238671.0,1710238730.0,69.0,174.0,17.048695661885752
SLX_20240313_0126,20240313,1710373063.0,1710373819.0,1710374139.0,1076.0,359.0,23.58199255754186
SLX_20240314_0127,20240314,1710396223.0,1710396232.0,1710396304.0,81.0,666.0,6.49138469741245
SLX_20240315_0128,20240315,1710473914.0,1710474702.0,1710474702.0,788.0,247.0,9.410254868229247
SLX_20240315_0129,20240315,1710475200.0,1710475697.0,1710476340.0,1140.0,244.0,10.023967142244198
SLX_20240315_0130,20240315,1710479661.0,1710479722.0,1710480038.0,377.0,275.0,14.115382302343871
SLX_20240315_0131,20240315,1710480830.0,1710484132.0,1710485935.0,5105.0,307.0,11.86510396428905
SLX_20240316_0132,20240316,1710606495.0,1710606887.0,1710612005.0,5510.0,2802.0,84.70845896185433
SLX_20240316_0133,20240316,1710616373.0,1710616561.0,1710617150.0,777.0,497.0,27.457224629014853
SLX_20240316_0134,20240316,1710624967.0,1710626117.0,1710627059.0,2092.0,780.0,22.49155634504408
SLX_20240317_0135,20240317,1710647803.0,1710647983.0,1710648643.0,840.0,387.0,7.929625338301852
SLX_20240317_0136,20240317,1710672116.0,1710672207.0,1710672249.0,133.0,220.0,8.042905700277593
SLX_20240317_0137,20240317,1710677447.0,1710677565.0,1710677847.0,400.0,298.0,5.7206582797749075
SLX_20240317_0138,20240317,1710690004.0,1710690145.0,1710690494.0,490.0,275.0,5.267536831871944
SLX_20240317_0139,20240317,1710709915.0,1710709944.0,1710710333.0,418.0,265.0,4.757775202981111
SLX_20240318_0140,20240318,1710732368.0,1710732749.0,1710734346.0,1978.0,2209.0,21.265413883028444
SLX_20240318_0141,20240318,1710735015.0,1710735236.0,1710736231.0,1216.0,681.0,11.76880439553903
SLX_20240318_0142,20240318,1710737055.0,1710737086.0,1710737286.0,231.0,240.0,7.282675987338508
SLX_20240318_0143,20240318,1710770488.0,1710770779.0,1710771267.0,779.0,282.0,5.243526710883726
SLX_20240318_0144,20240318,1710772045.0,1710772086.0,1710772361.0,316.0,205.0,5.709617974073391
SLX_20240318_0145,20240318,1710774793.0,1710774819.0,1710774890.0,97.0,154.0,6.408754868857887
SLX_20240319_0146,20240319,1710811536.0,1710811588.0,1710811652.0,116.0,62.0,384.836738200101
SLX_20240319_0147,20240319,1710825308.0,1710825415.0,1710825551.0,243.0,283.0,353.80151737751225
SLX_20240319_0148,20240319,1710829022.0,1710829087.0,1710829147.0,125.0,238.0,822.4333517986031
SLX_20240319_0149,20240319,1710842417.0,1710842443.0,1710842503.0,86.0,151.0,648.6361151921058
SLX_20240319_0150,20240319,1710852545.0,1710852841.0,1710853415.0,870.0,331.0,353.80151737751225
SLX_20240319_0151,20240319,1710854104.0,1710854161.0,1710854354.0,250.0,199.0,344.4909511307356
SLX_20240319_0152,20240319,1710865704.0,1710865726.0,1710865771.0,67.0,134.0,353.80151737751225
SLX_20240319_0153,20240319,1710869107.0,1710869160.0,1710869271.0,164.0,466.0,1567.278651540734
SLX_20240319_0154,20240319,1710878152.0,1710878321.0,1710878363.0,211.0,332.0,484.1494448323852
SLX_20240320_0155,20240320,1710919890.0,1710920153.0,1710921984.0,2094.0,5699.0,23.294941245419245
SLX_20240320_0156,20240320,1710928323.0,1710928407.0,1710928420.0,97.0,348.0,5.714403609639765
SLX_20240320_0157,20240320,1710975235.0,1710975336.0,1710975472.0,237.0,1403.0,31.924856900793586
SLX_20240320_0158,20240320,1710976596.0,1710976601.0,1710976663.0,67.0,508.0,5.422852405066307
SLX_20240321_0159,20240321,1711020638.0,1711020737.0,1711020918.0,280.0,530.0,13.705751594623994
SLX_20240321_0160,20240321,1711044529.0,1711045010.0,1711045095.0,566.0,290.0,5.259771829671201
SLX_20240322_0161,20240322,1711084149.0,1711084515.0,1711085055.0,906.0,325.0,5.574277157507281
SLX_20240322_0162,20240322,1711113907.0,1711114025.0,1711114164.0,257.0,303.0,7.151902768122549
SLX_20240322_0163,20240322,1711114515.0,1711114556.0,1711114732.0,217.0,299.0,5.78462723892265
SLX_20240322_0164,20240322,1711115335.0,1711115898.0,1711116888.0,1553.0,440.0,5.679452198214966
SLX_20240322_0165,20240322,1711117793.0,1711118465.0,1711118865.0,1072.0,328.0,5.100989474322701
SLX_20240322_0166,20240322,1711137833.0,1711138300.0,1711138600.0,767.0,308.0,5.78462723892265
SLX_20240322_0167,20240322,1711138960.0,1711139531.0,1711143057.0,4097.0,3316.0,25.767884973382717
SLX_20240322_0168,20240322,1711147693.0,1711151884.0,1711151926.0,4233.0,497.0,15.092618341552734
SLX_20240323_0169,20240323,1711156437.0,1711157661.0,1711161813.0,5376.0,7651.0,9.564001357543084
SLX_20240323_0170,20240323,1711176838.0,1711176895.0,1711176938.0,100.0,652.0,7.286858177175683
SLX_20240323_0171,20240323,1711177686.0,1711177804.0,1711177876.0,190.0,1818.0,4.722963633354609
SLX_20240323_0172,20240323,1711179077.0,1711179434.0,1711179542.0,465.0,2238.0,5.7687627235974155
SLX_20240323_0173,20240323,1711197974.0,1711198013.0,1711198056.0,82.0,930.0,5.397672723833839
SLX_20240323_0174,20240323,1711200975.0,1711201037.0,1711201167.0,192.0,1393.0,6.527810450386549
SLX_20240323_0175,20240323,1711201868.0,1711202536.0,1711203740.0,1872.0,4167.0,17.019536807338575
SLX_20240323_0176,20240323,1711204320.0,1711204430.0,1711204730.0,410.0,1081.0,4.486815451686879
SLX_20240323_0177,20240323,1711205566.0,1711205626.0,1711205751.0,185.0,1005.0,8.5856731763482
SLX_20240323_0178,20240323,1711206324.0,1711207260.0,1711209162.0,2838.0,2860.0,11.52065771993285
SLX_20240323_0179,20240323,1711211374.0,1711212805.0,1711213540.0,2166.0,1838.0,8.265186358370565
SLX_20240323_0180,20240323,1711220191.0,1711220200.0,1711220240.0,49.0,588.0,4.857905451450455
SLX_20240323_0181,20240323,1711234741.0,1711234796.0,1711234819.0,78.0,439.0,5.465143632881762
SLX_20240323_0182,20240323,1711237508.0,1711237770.0,1711238132.0,624.0,1668.0,8.248318631108585
SLX_20240324_0183,20240324,1711245079.0,1711245107.0,1711245133.0,54.0,1459.0,6.2422622134144525
SLX_20240324_0184,20240324,1711251767.0,1711251802.0,1711251856.0,89.0,890.0,7.439054555020809
SLX_20240324_0185,20240324,1711252968.0,1711252993.0,1711253033.0,65.0,645.0,5.915081573263074
SLX_20240324_0186,20240324,1711260336.0,1711260361.0,1711260421.0,85.0,1850.0,19.200337566778245
SLX_20240324_0187,20240324,1711282671.0,1711282687.0,1711282692.0,21.0,659.0,3.9175576649704493
SLX_20240324_0188,20240324,1711296920.0,1711296947.0,1711296972.0,52.0,592.0,7.783455228864365
SLX_20240325_0189,20240325,1711326179.0,1711326516.0,1711326546.0,367.0,197.0,7.10477859531306
SLX_20240325_0190,20240325,1711328834.0,1711328932.0,1711329441.0,607.0,275.0,5.328583946484795
SLX_20240325_0191,20240325,1711368484.0,1711368566.0,1711368699.0,215.0,302.0,10.046600982434873
SLX_20240325_0192,20240325,1711369799.0,1711369905.0,1711370074.0,275.0,187.0,4.884535284277728
SLX_20240325_0193,20240325,1711377356.0,1711380583.0,1711381303.0,3947.0,443.0,8.325912416382492
SLX_20240325_0194,20240325,1711397518.0,1711397566.0,1711397637.0,119.0,181.0,8.492430664710142
SLX_20240325_0195,20240325,1711405785.0,1711405855.0,1711405960.0,175.0,273.0,12.655386872901387
SLX_20240325_0196,20240325,1711410652.0,1711410684.0,1711410767.0,115.0,197.0,7.382309009192476
SLX_20240326_0197,20240326,1711413330.0,1711413365.0,1711413458.0,128.0,1887.0,160.50926140752603
SLX_20240326_0198,20240326,1711415618.0,1711415747.0,1711415747.0,129.0,278.0,5.0173936034201585
SLX_20240326_0199,20240326,1711419962.0,1711420002.0,1711420083.0,121.0,335.0,19.170230277218533
SLX_20240326_0200,20240326,1711422202.0,1711422220.0,1711422266.0,64.0,148.0,7.194753091696832
SLX_20240326_0201,20240326,1711425183.0,1711425261.0,1711425296.0,113.0,180.0,7.810093816644587
SLX_20240326_0202,20240326,1711427827.0,1711427848.0,1711427863.0,36.0,114.0,5.443398720691682
SLX_20240326_0203,20240326,1711448149.0,1711448203.0,1711448672.0,523.0,703.0,16.850869083184683
SLX_20240326_0204,20240326,1711449637.0,1711449749.0,1711450375.0,738.0,917.0,9.798117697245027
SLX_20240326_0205,20240326,1711455242.0,1711455324.0,1711455343.0,101.0,222.0,4.591388486148636
SLX_20240326_0206,20240326,1711457225.0,1711457601.0,1711457626.0,401.0,372.0,6.768747974425309
SLX_20240326_0207,20240326,1711458033.0,1711459791.0,1711462156.0,4123.0,1374.0,12.21214669511699
SLX_20240326_0208,20240326,1711462547.0,1711462725.0,1711463145.0,598.0,389.0,6.626746268668135
SLX_20240326_0209,20240326,1711465274.0,1711465357.0,1711465462.0,188.0,316.0,6.674080170587192
SLX_20240326_0210,20240326,1711474657.0,1711474690.0,1711474728.0,71.0,175.0,5.348730916853565
SLX_20240326_0211,20240326,1711482668.0,1711482785.0,1711483071.0,403.0,408.0,7.1000852878587155
SLX_20240326_0212,20240326,1711489909.0,1711490318.0,1711491266.0,1357.0,1147.0,10.839463539464305
SLX_20240326_0213,20240326,1711497168.0,1711497589.0,1711497596.0,428.0,513.0,8.236098933916109
SLX_20240329_0214,20240329,1711717193.0,1711717430.0,1711719575.0,2382.0,468.0,73.0
SLX_20240329_0215,20240329,1711721109.0,1711721117.0,1711721301.0,192.0,182.0,59.0
SLX_20240329_0216,20240329,1711725928.0,1711725940.0,1711726168.0,240.0,165.0,48.0
SLX_20240329_0217,20240329,1711727001.0,1711729754.0,1711734095.0,7094.0,576.0,74.0
SLX_20240329_0218,20240329,1711734947.0,1711740817.0,1711746542.0,11595.0,750.0,72.0
SLX_20240329_0219,20240329,1711746941.0,1711746954.0,1711747013.0,72.0,214.0,79.0
SLX_20240329_0220,20240329,1711754556.0,1711754595.0,1711754621.0,65.0,185.0,90.0
SLX_20240331_0221,20240331,1711893933.0,1711894282.0,1711894322.0,389.0,266.0,40.5
SLX_20240401_0222,20240401,1711934369.0,1711935074.0,1711937938.0,3569.0,3329.0,36.66808852185216
SLX_20240410_0223,20240410,1712749737.0,1712749835.0,1712749921.0,184.0,239.0,34.19403620624024
SLX_20240411_0224,20240411,1712799323.0,1712799372.0,1712799408.0,85.0,117.0,6.557300644526801
SLX_20240411_0225,20240411,1712829362.0,1712829414.0,1712829535.0,173.0,184.0,7.929758918962643
SLX_20240411_0226,20240411,1712844434.0,1712844593.0,1712845456.0,1022.0,337.0,11.970886060357067
SLX_20240411_0227,20240411,1712852358.0,1712852424.0,1712852470.0,112.0,173.0,8.15850196470195
SLX_20240411_0228,20240411,1712854843.0,1712855185.0,1712855756.0,913.0,4426.0,98.51200503172822
SLX_20240411_0229,20240411,1712866853.0,1712869812.0,1712872809.0,5956.0,296.0,7.472272827484029
SLX_20240411_0230,20240411,1712873448.0,1712873448.0,1712873942.0,494.0,237.0,5.337337733917163
SLX_20240411_0231,20240411,1712877080.0,1712877252.0,1712877406.0,326.0,248.0,7.16728209983162
SLX_20240413_0232,20240413,1712984443.0,1712984548.0,1712984601.0,158.0,1775.0,183.69129693023967
SLX_20240413_0233,20240413,1713020183.0,1713020418.0,1713020652.0,469.0,285.0,8.307256454579731
SLX_20240414_0234,20240414,1713061876.0,1713061951.0,1713062380.0,504.0,3591.0,335.53733993093323
SLX_20240414_0235,20240414,1713092094.0,1713092482.0,1713092533.0,439.0,253.0,9.335918037164092
SLX_20240414_0236,20240414,1713094397.0,1713094416.0,1713094716.0,319.0,208.0,12.336748834823979
SLX_20240414_0237,20240414,1713100537.0,1713100559.0,1713100627.0,90.0,188.0,11.114188139481062
SLX_20240414_0238,20240414,1713101987.0,1713102318.0,1713102440.0,453.0,218.0,10.447336851112198
SLX_20240414_0239,20240414,1713107260.0,1713107332.0,1713107446.0,186.0,286.0,14.003877055746138
SLX_20240414_0240,20240414,1713111996.0,1713112080.0,1713112402.0,406.0,507.0,19.672113006881478
SLX_20240414_0241,20240414,1713118861.0,1713119350.0,1713120186.0,1325.0,410.0,15.337579632483864
SLX_20240414_0242,20240414,1713138746.0,1713138825.0,1713138837.0,91.0,179.0,12.447890716218788
SLX_20240415_0243,20240415,1713143676.0,1713143899.0,1713144307.0,631.0,1205.0,12.361615044430186
SLX_20240415_0244,20240415,1713156294.0,1713156337.0,1713156443.0,149.0,286.0,4.596975594647476
SLX_20240415_0245,20240415,1713159372.0,1713159460.0,1713159504.0,132.0,480.0,6.992038509505824
SLX_20240415_0246,20240415,1713166162.0,1713166353.0,1713166801.0,639.0,657.0,7.185188744575046
SLX_20240415_0247,20240415,1713170443.0,1713170548.0,1713170819.0,376.0,1792.0,26.19117187538646
SLX_20240415_0248,20240415,1713173355.0,1713173540.0,1713173930.0,575.0,788.0,9.618881706447238
SLX_20240415_0249,20240415,1713189264.0,1713190611.0,1713191788.0,2524.0,1604.0,9.580251659433394
SLX_20240415_0250,20240415,1713209407.0,1713209527.0,1713210417.0,1010.0,3132.0,42.802092091339524
SLX_20240415_0251,20240415,1713217360.0,1713217399.0,1713217438.0,78.0,270.0,5.137796252841296
SLX_20240416_0252,20240416,1713281623.0,1713281655.0,1713281755.0,132.0,275.0,13.125609164979194
SLX_20240416_0253,20240416,1713288417.0,1713288560.0,1713288956.0,539.0,273.0,4.308406061787063
SLX_20240416_0254,20240416,1713289955.0,1713290527.0,1713291288.0,1333.0,666.0,6.713097817203099
SLX_20240417_0255,20240417,1713324283.0,1713324467.0,1713325316.0,1033.0,480.0,11.721108477886816
SLX_20240417_0256,20240417,1713338967.0,1713339008.0,1713339176.0,209.0,647.0,73.03152205452555
SLX_20240417_0257,20240417,1713368832.0,1713368880.0,1713369250.0,418.0,363.0,26.884780284943187
SLX_20240417_0258,20240417,1713372411.0,1713372456.0,1713372616.0,205.0,283.0,12.704698000506689
SLX_20240417_0259,20240417,1713377939.0,1713377979.0,1713378112.0,173.0,228.0,9.589997845543758
SLX_20240417_0260,20240417,1713384218.0,1713384508.0,1713384607.0,389.0,649.0,54.01545795054134
SLX_20240417_0261,20240417,1713385176.0,1713385244.0,1713385373.0,197.0,213.0,8.52444252937223
SLX_20240417_0262,20240417,1713391399.0,1713391667.0,1713392680.0,1281.0,1063.0,23.770080129980258
SLX_20240417_0263,20240417,1713393331.0,1713394095.0,1713394958.0,1627.0,303.0,9.016237290682167
SLX_20240417_0264,20240417,1713396170.0,1713396298.0,1713396507.0,337.0,439.0,15.491534981262994
SLX_20240418_0265,20240418,1713402973.0,1713403160.0,1713403275.0,302.0,326.0,4.6517629312621045
SLX_20240418_0266,20240418,1713406730.0,1713406782.0,1713406845.0,115.0,293.0,7.796010097763341
SLX_20240418_0267,20240418,1713407981.0,1713408500.0,1713408717.0,736.0,1557.0,25.670839879927907
SLX_20240418_0268,20240418,1713409020.0,1713409020.0,1713409851.0,831.0,407.0,4.1349003833440925
SLX_20240418_0269,20240418,1713420365.0,1713420579.0,1713420897.0,532.0,417.0,5.900847422063966
SLX_20240418_0270,20240418,1713425294.0,1713425814.0,1713427753.0,2459.0,861.0,7.882153855749676
SLX_20240418_0271,20240418,1713440975.0,1713441104.0,1713441167.0,192.0,532.0,12.921563697950289
SLX_20240418_0272,20240418,1713457738.0,1713458786.0,1713459331.0,1593.0,568.0,5.2547692371664505
SLX_20240418_0273,20240418,1713469270.0,1713470219.0,1713474295.0,5025.0,1026.0,7.494506944811167
SLX_20240418_0274,20240418,1713474965.0,1713474965.0,1713475845.0,880.0,432.0,4.522547294282601
SLX_20240419_0275,20240419,1713490010.0,1713490030.0,1713490097.0,87.0,162.0,8.10321761621729
SLX_20240419_0276,20240419,1713497182.0,1713497231.0,1713497293.0,111.0,214.0,8.003177892560286
SLX_20240419_0277,20240419,1713502116.0,1713502407.0,1713503391.0,1275.0,1494.0,17.05677288351911
SLX_20240419_0278,20240419,1713525589.0,1713525621.0,1713525713.0,124.0,235.0,7.002780655990249
SLX_20240419_0279,20240419,1713531738.0,1713531963.0,1713532889.0,1151.0,547.0,7.1028203796472535
SLX_20240419_0280,20240419,1713549774.0,1713549802.0,1713549830.0,56.0,113.0,5.552204662963698
SLX_20240420_0281,20240420,1713613914.0,1713613939.0,1713613976.0,62.0,138.0,5.739716095153509
SLX_20240420_0282,20240420,1713631187.0,1713631255.0,1713631359.0,172.0,204.0,6.7196676235943515
SLX_20240420_0283,20240420,1713632412.0,1713632692.0,1713633312.0,900.0,371.0,8.39958452949294
SLX_20240420_0284,20240420,1713649753.0,1713650256.0,1713650513.0,760.0,216.0,5.879709170645057
SLX_20240421_0285,20240421,1713661692.0,1713661986.0,1713662159.0,467.0,282.0,10.356215123292271
SLX_20240421_0286,20240421,1713666192.0,1713666364.0,1713666531.0,339.0,239.0,7.139511941057551
SLX_20240421_0287,20240421,1713703640.0,1713704339.0,1713706456.0,2816.0,574.0,10.356215123292271
SLX_20240421_0288,20240421,1713708520.0,1713708556.0,1713708622.0,102.0,145.0,7.688705167292747
SLX_20240421_0289,20240421,1713712178.0,1713712469.0,1713712966.0,788.0,1536.0,41.66022901869846
SLX_20240421_0290,20240421,1713716957.0,1713717066.0,1713717084.0,127.0,217.0,9.414741021174793
SLX_20240421_0291,20240421,1713741454.0,1713741471.0,1713741493.0,39.0,144.0,6.276494014116529
SLX_20240422_0292,20240422,1713746311.0,1713746332.0,1713746423.0,112.0,304.0,4.972537609147668
SLX_20240422_0293,20240422,1713764060.0,1713764209.0,1713764344.0,284.0,511.0,9.328644936169592
SLX_20240422_0294,20240422,1713773260.0,1713773754.0,1713774461.0,1201.0,627.0,8.835500710468997
SLX_20240422_0295,20240422,1713787889.0,1713787920.0,1713787961.0,72.0,276.0,4.972537609147668
SLX_20240422_0296,20240422,1713792367.0,1713792899.0,1713796846.0,4479.0,1003.0,7.972498315492955
SLX_20240422_0297,20240422,1713797454.0,1713800962.0,1713802021.0,4567.0,1862.0,13.191608037490921
SLX_20240422_0298,20240422,1713803263.0,1713803420.0,1713803843.0,580.0,547.0,7.725926202642658
SLX_20240422_0299,20240422,1713813422.0,1713813458.0,1713813531.0,109.0,220.0,5.342395778423114
SLX_20240422_0300,20240422,1713820373.0,1713820542.0,1713821021.0,648.0,982.0,12.082033529664582
SLX_20240422_0301,20240422,1713823861.0,1713823959.0,1713824166.0,305.0,302.0,5.260205074139682
SLX_20240422_0302,20240422,1713826206.0,1713826514.0,1713826761.0,555.0,440.0,5.753349299840277
SLX_20240422_0303,20240422,1713827494.0,1713827856.0,1713830230.0,2736.0,596.0,5.136919017714533
SLX_20240423_0304,20240423,1713842095.0,1713842357.0,1713843067.0,972.0,2776.0,7.742184145265173
SLX_20240423_0305,20240423,1713843721.0,1713843784.0,1713843798.0,77.0,801.0,6.403774652067736
SLX_20240423_0306,20240423,1713860315.0,1713860458.0,1713860691.0,376.0,2342.0,11.016139674778904
SLX_20240423_0307,20240423,1713894136.0,1713894200.0,1713894405.0,269.0,1958.0,7.412729500785804
SLX_20240424_0308,20240424,1713918247.0,1713918554.0,1713921647.0,3400.0,1118.0,8.462025088862088
SLX_20240424_0309,20240424,1713926172.0,1713926361.0,1713926732.0,560.0,1254.0,25.56422316319389
SLX_20240424_0310,20240424,1713929861.0,1713929879.0,1713929948.0,87.0,210.0,5.433510846532499
SLX_20240424_0311,20240424,1713933564.0,1713933643.0,1713933983.0,419.0,389.0,7.036841916001105
SLX_20240424_0312,20240424,1713944382.0,1713944438.0,1713944650.0,268.0,359.0,7.259526786760634
SLX_20240424_0313,20240424,1713954891.0,1713954932.0,1713954947.0,56.0,269.0,4.676382285950102
SLX_20240424_0314,20240424,1713960674.0,1713960851.0,1713961233.0,559.0,967.0,11.846835124406924
SLX_20240424_0315,20240424,1713961613.0,1713961659.0,1713962317.0,704.0,596.0,6.324250329570614
SLX_20240424_0316,20240424,1713967744.0,1713967823.0,1713968303.0,559.0,529.0,8.86285785622924
SLX_20240424_0317,20240424,1713989051.0,1713989168.0,1713989592.0,541.0,415.0,6.146102432962991
SLX_20240424_0318,20240424,1713997164.0,1713997186.0,1713997296.0,132.0,373.0,6.903230993545388
SLX_20240424_0319,20240424,1713998006.0,1713999620.0,1714001341.0,3335.0,1347.0,13.272018297267907
SLX_20240424_0320,20240424,1714001740.0,1714001740.0,1714002432.0,692.0,447.0,4.720919260102008
SLX_20240425_0321,20240425,1714051233.0,1714051251.0,1714051321.0,88.0,579.0,4.280802030622771
SLX_20240425_0322,20240425,1714065116.0,1714065160.0,1714065249.0,133.0,1082.0,23.493205402508703
SLX_20240425_0323,20240425,1714068414.0,1714068464.0,1714068526.0,112.0,632.0,9.851989362342358
SLX_20240426_0324,20240426,1714090059.0,1714090133.0,1714090281.0,222.0,249.0,5.796231559023706
SLX_20240426_0325,20240426,1714113305.0,1714113338.0,1714113661.0,356.0,372.0,12.693747114261917
SLX_20240426_0326,20240426,1714159921.0,1714160124.0,1714160370.0,449.0,244.0,5.216608403121335
SLX_20240426_0327,20240426,1714161968.0,1714162740.0,1714164532.0,2564.0,293.0,5.158646087531099
SLX_20240426_0328,20240426,1714167613.0,1714167673.0,1714167850.0,237.0,217.0,6.028080821384655
SLX_20240427_0329,20240427,1714220834.0,1714221355.0,1714222370.0,1536.0,1542.0,16.9019316053722
SLX_20240427_0330,20240427,1714234901.0,1714235198.0,1714235481.0,580.0,252.0,6.364744119177817
SLX_20240427_0331,20240427,1714253479.0,1714254014.0,1714255611.0,2132.0,2294.0,26.44904778413893
SLX_20240427_0332,20240427,1714257235.0,1714257379.0,1714257430.0,195.0,203.0,5.516111569954108
SLX_20240428_0333,20240428,1714307101.0,1714307731.0,1714308768.0,1667.0,502.0,8.908272742125448
SLX_20240428_0334,20240428,1714309230.0,1714310017.0,1714310151.0,921.0,248.0,7.5720318308066314
SLX_20240428_0335,20240428,1714319827.0,1714320168.0,1714320831.0,1004.0,365.0,8.165916680281661
SLX_20240428_0336,20240428,1714335157.0,1714335555.0,1714336324.0,1167.0,541.0,11.580754564763083
SLX_20240428_0337,20240428,1714345428.0,1714345555.0,1714345936.0,508.0,457.0,12.174639414238113
SLX_20240429_0338,20240429,1714351325.0,1714353082.0,1714356120.0,4795.0,2817.0,21.116187682378026
SLX_20240429_0339,20240429,1714372253.0,1714372295.0,1714372317.0,64.0,150.0,6.260864272403189
SLX_20240429_0340,20240429,1714418548.0,1714418781.0,1714419350.0,802.0,539.0,9.334379460673844
SLX_20240430_0341,20240430,1714438566.0,1714439642.0,1714441267.0,2701.0,1089.0,28.517388626546843
SLX_20240430_0342,20240430,1714489239.0,1714489836.0,1714491699.0,2460.0,775.0,21.45113303766798
SLX_20240430_0343,20240430,1714493966.0,1714494809.0,1714496890.0,2924.0,883.0,22.71296439282492
SLX_20240430_0344,20240430,1714520368.0,1714520773.0,1714521506.0,1138.0,7234.0,183.97501158188186
SLX_20240502_0345,20240502,1714615976.0,1714616230.0,1714616659.0,683.0,656.0,22.640261630711997
SLX_20240502_0346,20240502,1714643435.0,1714643487.0,1714643565.0,130.0,193.0,11.178037123113036
SLX_20240502_0347,20240502,1714648562.0,1714648604.0,1714648626.0,64.0,110.0,9.851829328845389
SLX_20240502_0348,20240502,1714666989.0,1714667218.0,1714667275.0,286.0,185.0,9.283454559873539
SLX_20240502_0349,20240502,1714669178.0,1714669237.0,1714669313.0,135.0,385.0,43.575398954508444
SLX_20240502_0350,20240502,1714670838.0,1714671136.0,1714671260.0,422.0,570.0,45.37525238958597
SLX_20240502_0351,20240502,1714676120.0,1714676141.0,1714676299.0,179.0,240.0,17.335430453641404
SLX_20240502_0352,20240502,1714683318.0,1714683440.0,1714683628.0,310.0,2094.0,152.13497982813166
SLX_20240502_0353,20240502,1714691885.0,1714691945.0,1714692025.0,140.0,263.0,20.93513732379645
SLX_20240502_0354,20240502,1714692460.0,1714692572.0,1714692591.0,131.0,150.0,10.420204097817237
SLX_20240503_0355,20240503,1714695231.0,1714695290.0,1714695499.0,268.0,2130.0,184.3180667783616
SLX_20240503_0356,20240503,1714702578.0,1714702964.0,1714704435.0,1857.0,10645.0,274.3780762012224
SLX_20240503_0357,20240503,1714706527.0,1714706805.0,1714708323.0,1796.0,381.0,10.21789025114252
SLX_20240503_0358,20240503,1714713379.0,1714713932.0,1714714549.0,1170.0,318.0,9.188180380872344
SLX_20240503_0359,20240503,1714717997.0,1714718149.0,1714718264.0,267.0,262.0,10.5347240573795
SLX_20240503_0360,20240503,1714723618.0,1714723842.0,1714724660.0,1042.0,2915.0,72.47573317670857
SLX_20240503_0361,20240503,1714752615.0,1714752786.0,1714753587.0,972.0,453.0,12.831769152597584
SLX_20240503_0362,20240503,1714762304.0,1714762507.0,1714762811.0,507.0,404.0,9.188180380872344
SLX_20240503_0363,20240503,1714764560.0,1714764612.0,1714764618.0,58.0,96.0,6.653509930976526
SLX_20240503_0364,20240503,1714766222.0,1714766253.0,1714766277.0,55.0,115.0,7.8416367043651904
SLX_20240503_0365,20240503,1714769714.0,1714769777.0,1714769830.0,116.0,230.0,16.475357924322825
SLX_20240503_0366,20240503,1714775473.0,1714779026.0,1714780569.0,5096.0,1665.0,32.07942288149396
SLX_20240504_0367,20240504,1714803305.0,1714803649.0,1714804429.0,1124.0,6953.0,8.652650287885555
SLX_20240504_0368,20240504,1714806381.0,1714806418.0,1714806497.0,116.0,941.0,10.067342160049353
SLX_20240504_0369,20240504,1714846760.0,1714846804.0,1714846869.0,109.0,898.0,4.967871458063569
SLX_20240504_0370,20240504,1714862156.0,1714862212.0,1714862351.0,195.0,2468.0,7.484706998075907
SLX_20240504_0371,20240504,1714865925.0,1714866463.0,1714866810.0,885.0,6917.0,19.49313800597791
SLX_20240505_0372,20240505,1714888810.0,1714888867.0,1714888922.0,112.0,9867.0,7.699787008793664
SLX_20240506_0373,20240506,1714956659.0,1714957535.0,1714958166.0,1507.0,1064.0,11.994976167004847
SLX_20240506_0374,20240506,1714967258.0,1714967451.0,1714967609.0,351.0,332.0,7.338103066873553
SLX_20240506_0375,20240506,1714968777.0,1714969354.0,1714969764.0,987.0,535.0,10.630841622521942
SLX_20240506_0376,20240506,1714972415.0,1714977255.0,1714985467.0,13052.0,20493.0,63.690971490684554
SLX_20240506_0377,20240506,1714985886.0,1714986132.0,1714986743.0,857.0,461.0,6.115085889061294
SLX_20240506_0378,20240506,1714989303.0,1714989553.0,1714990686.0,1383.0,1011.0,17.968944689395496
SLX_20240506_0379,20240506,1714998669.0,1714998962.0,1714999756.0,1087.0,362.0,5.456538177931616
SLX_20240506_0380,20240506,1715000110.0,1715000189.0,1715000400.0,290.0,581.0,17.075201367148075
SLX_20240506_0381,20240506,1715005773.0,1715005789.0,1715005871.0,98.0,230.0,6.914750966861617
SLX_20240506_0382,20240506,1715009350.0,1715009737.0,1715009821.0,471.0,382.0,7.0558683335322625
SLX_20240506_0383,20240506,1715015263.0,1715015331.0,1715015402.0,139.0,256.0,12.935758611475814
SLX_20240506_0384,20240506,1715019663.0,1715019706.0,1715019777.0,114.0,211.0,11.00715460031033
SLX_20240506_0385,20240506,1715023009.0,1715023123.0,1715023968.0,959.0,620.0,12.559445633687426
SLX_20240506_0386,20240506,1715026071.0,1715026095.0,1715026129.0,58.0,137.0,5.1743034445903255
SLX_20240506_0387,20240506,1715030427.0,1715030446.0,1715030473.0,46.0,175.0,7.0558683335322625
SLX_20240506_0388,20240506,1715031853.0,1715034319.0,1715039944.0,8091.0,3269.0,16.36961453379485
SLX_20240507_0389,20240507,1715062512.0,1715062512.0,1715062612.0,100.0,3802.0,5.197653120744058
SLX_20240507_0390,20240507,1715086406.0,1715086456.0,1715086478.0,72.0,1089.0,5.125748828559852
SLX_20240507_0391,20240507,1715099372.0,1715099428.0,1715099534.0,162.0,6659.0,27.559887990032227
SLX_20240508_0392,20240508,1715132330.0,1715132476.0,1715133017.0,687.0,8086.0,38.55062997858644
SLX_20240508_0393,20240508,1715134946.0,1715135252.0,1715135334.0,388.0,2595.0,8.821744982272731
SLX_20240508_0394,20240508,1715138670.0,1715138780.0,1715138886.0,216.0,1277.0,4.806466436529762
SLX_20240508_0395,20240508,1715139637.0,1715139710.0,1715139770.0,133.0,1340.0,6.329503126294337
SLX_20240508_0396,20240508,1715142453.0,1715145006.0,1715148441.0,5988.0,7715.0,11.195308654633108
SLX_20240508_0397,20240508,1715150832.0,1715151210.0,1715152263.0,1431.0,5552.0,13.450194143375464
SLX_20240508_0398,20240508,1715153719.0,1715154102.0,1715154857.0,1138.0,3154.0,8.94042316589075
SLX_20240508_0399,20240508,1715155192.0,1715155295.0,1715155679.0,487.0,1931.0,4.074617637551979
SLX_20240508_0400,20240508,1715157343.0,1715157449.0,1715158253.0,910.0,2343.0,6.349282823564006
SLX_20240508_0401,20240508,1715160939.0,1715161012.0,1715161064.0,125.0,1167.0,5.5778746300468836
SLX_20240508_0402,20240508,1715161547.0,1715161663.0,1715161731.0,184.0,1383.0,5.99324827270995
SLX_20240508_0403,20240508,1715162406.0,1715162468.0,1715162566.0,160.0,1432.0,7.753641329710562
SLX_20240508_0404,20240508,1715167155.0,1715169848.0,1715172030.0,4875.0,6437.0,10.06786591026193
SLX_20240508_0405,20240508,1715172345.0,1715172520.0,1715173123.0,778.0,1996.0,4.114177032091319
SLX_20240508_0406,20240508,1715190389.0,1715190743.0,1715191336.0,947.0,5714.0,10.562358342003673
SLX_20240508_0407,20240508,1715193151.0,1715193340.0,1715193960.0,809.0,2028.0,5.617434024586223
SLX_20240508_0408,20240508,1715196014.0,1715196099.0,1715196197.0,183.0,1358.0,5.4987558409682045
SLX_20240508_0409,20240508,1715200374.0,1715200455.0,1715200487.0,113.0,1099.0,6.072367061788629
SLX_20240508_0410,20240508,1715203289.0,1715204501.0,1715211406.0,8117.0,7688.0,13.667770813341832
SLX_20240508_0411,20240508,1715211860.0,1715211860.0,1715212604.0,744.0,1899.0,5.656993419125563
SLX_20240509_0412,20240509,1715224570.0,1715224595.0,1715224661.0,91.0,3220.0,7.73047554673308
SLX_20240509_0413,20240509,1715245992.0,1715246039.0,1715246142.0,150.0,14555.0,6.014656855671331
SLX_20240509_0414,20240509,1715255730.0,1715255749.0,1715255799.0,69.0,2169.0,6.113765516526883
SLX_20240509_0415,20240509,1715260952.0,1715260982.0,1715261008.0,56.0,2742.0,4.168758047236669
SLX_20240510_0416,20240510,1715300235.0,1715300242.0,1715300306.0,71.0,889.0,5.1476265717978205
SLX_20240510_0417,20240510,1715308020.0,1715308057.0,1715308092.0,72.0,585.0,7.453644255695688
SLX_20240510_0418,20240510,1715322787.0,1715323845.0,1715327221.0,4434.0,19937.0,16.900877992954694
SLX_20240510_0419,20240510,1715329016.0,1715329093.0,1715329152.0,136.0,2269.0,5.6237076420218965
SLX_20240510_0420,20240510,1715336008.0,1715336068.0,1715336120.0,112.0,1578.0,8.346296262365831
SLX_20240510_0421,20240510,1715350052.0,1715350279.0,1715350542.0,490.0,4459.0,8.390928862699338
SLX_20240510_0422,20240510,1715363750.0,1715363789.0,1715363841.0,91.0,685.0,7.4685217891401905
SLX_20240510_0423,20240510,1715375218.0,1715375287.0,1715375356.0,138.0,2940.0,16.722347591620665
SLX_20240511_0424,20240511,1715390039.0,1715390369.0,1715394953.0,4914.0,22152.0,41.87151708749483
SLX_20240511_0425,20240511,1715399928.0,1715399942.0,1715400058.0,130.0,586.0,5.362117749470001
SLX_20240511_0426,20240511,1715402312.0,1715402399.0,1715402465.0,153.0,852.0,5.896193222524782
SLX_20240511_0427,20240511,1715418833.0,1715418873.0,1715419294.0,461.0,1024.0,8.07522115258829
SLX_20240511_0428,20240511,1715419832.0,1715419832.0,1715420177.0,345.0,737.0,4.507596992582352
SLX_20240511_0429,20240511,1715421925.0,1715422676.0,1715424002.0,2077.0,2075.0,7.8829539822885675
SLX_20240511_0430,20240511,1715424898.0,1715425010.0,1715425071.0,173.0,1032.0,15.958175134876857
SLX_20240511_0431,20240511,1715426593.0,1715427807.0,1715432803.0,6210.0,10526.0,24.11884836315391
SLX_20240511_0432,20240511,1715435291.0,1715435367.0,1715436394.0,1103.0,1043.0,10.126070969118647
SLX_20240511_0433,20240511,1715437080.0,1715437166.0,1715437215.0,135.0,672.0,5.319391711625618
SLX_20240511_0434,20240511,1715439780.0,1715441168.0,1715448442.0,8662.0,6535.0,29.48096611262391
SLX_20240511_0435,20240511,1715460000.0,1715460069.0,1715460117.0,117.0,755.0,6.900255111867771
SLX_20240512_0436,20240512,1715474562.0,1715474726.0,1715475242.0,680.0,2466.0,20.427522621253953
SLX_20240512_0437,20240512,1715492605.0,1715493042.0,1715494270.0,1665.0,1545.0,7.353908143651423
SLX_20240512_0438,20240512,1715517427.0,1715517664.0,1715518516.0,1089.0,1067.0,6.5368072388012655
SLX_20240512_0439,20240512,1715521572.0,1715522173.0,1715522982.0,1410.0,1021.0,5.531144586677994
SLX_20240512_0440,20240512,1715523486.0,1715523577.0,1715524067.0,581.0,815.0,6.253964617891595
SLX_20240512_0441,20240512,1715524497.0,1715524594.0,1715524628.0,131.0,477.0,4.965459344858654
SLX_20240512_0442,20240512,1715527828.0,1715527855.0,1715527910.0,82.0,378.0,6.159683744255038
SLX_20240512_0443,20240512,1715528634.0,1715528667.0,1715528747.0,113.0,368.0,6.725368986074378
SLX_20240512_0444,20240512,1715530522.0,1715531117.0,1715532540.0,2018.0,8064.0,23.570218409139176
SLX_20240512_0445,20240512,1715533732.0,1715533810.0,1715533837.0,105.0,589.0,6.0968298284973335
SLX_20240512_0446,20240512,1715534335.0,1715534475.0,1715534573.0,238.0,621.0,5.782560249708811
SLX_20240512_0447,20240512,1715535708.0,1715535729.0,1715535744.0,36.0,431.0,4.5883358503124265
SLX_20240512_0448,20240512,1715537461.0,1715537472.0,1715537528.0,67.0,373.0,4.431201060918165
SLX_20240512_0449,20240512,1715543177.0,1715543215.0,1715543281.0,104.0,370.0,6.788222901832083
SLX_20240512_0450,20240512,1715545486.0,1715545904.0,1715547471.0,1985.0,3846.0,16.02774851821464
SLX_20240512_0451,20240512,1715548197.0,1715548221.0,1715548878.0,681.0,768.0,9.490941279413375
SLX_20240512_0452,20240512,1715551475.0,1715551543.0,1715551606.0,131.0,667.0,6.411099407285856
SLX_20240512_0453,20240512,1715552232.0,1715552294.0,1715552495.0,263.0,687.0,6.851076817589788
SLX_20240512_0454,20240512,1715555361.0,1715555414.0,1715555474.0,113.0,628.0,19.484713884888386
SLX_20240512_0455,20240512,1715557051.0,1715557141.0,1715557387.0,336.0,537.0,4.274066271523904
SLX_20240513_0456,20240513,1715558949.0,1715558980.0,1715558996.0,47.0,310.0,5.058335683019578
SLX_20240513_0457,20240513,1715562529.0,1715562557.0,1715562631.0,102.0,530.0,4.925221586098011
SLX_20240513_0458,20240513,1715563954.0,1715564034.0,1715564087.0,133.0,872.0,10.84879889910778
SLX_20240513_0459,20240513,1715588678.0,1715588817.0,1715588973.0,295.0,978.0,6.478219383516302
SLX_20240513_0460,20240513,1715591220.0,1715593463.0,1715599931.0,8711.0,5238.0,24.04928017716326
SLX_20240513_0461,20240513,1715600373.0,1715600478.0,1715600825.0,452.0,1376.0,4.74773612353592
SLX_20240513_0462,20240513,1715605410.0,1715605802.0,1715606659.0,1249.0,2917.0,8.031217180934593
SLX_20240513_0463,20240513,1715608272.0,1715608296.0,1715608329.0,57.0,732.0,6.322919603774474
SLX_20240513_0464,20240513,1715609662.0,1715609704.0,1715609749.0,87.0,866.0,5.612977753526112
SLX_20240513_0465,20240513,1715637404.0,1715637516.0,1715637701.0,297.0,1143.0,7.8537317183725035
SLX_20240514_0466,20240514,1715649925.0,1715652528.0,1715656877.0,6952.0,12875.0,75.58665722397666
SLX_20240514_0467,20240514,1715675242.0,1715675242.0,1715675946.0,704.0,456.0,4.792237633796791
SLX_20240514_0468,20240514,1715679339.0,1715680155.0,1715680156.0,817.0,497.0,4.5744086504423915
SLX_20240514_0469,20240514,1715680523.0,1715681224.0,1715682740.0,2217.0,673.0,7.47879509516772
SLX_20240514_0470,20240514,1715690647.0,1715691321.0,1715693479.0,2832.0,10418.0,43.674711162557124
SLX_20240514_0471,20240514,1715700116.0,1715700554.0,1715700659.0,543.0,579.0,4.501798989324258
SLX_20240514_0472,20240514,1715705183.0,1715705370.0,1715715347.0,10164.0,29568.0,275.4447494516383
SLX_20240514_0473,20240514,1715716005.0,1715716826.0,1715717419.0,1414.0,676.0,5.373114922741856
SLX_20240515_0474,20240515,1715760941.0,1715760993.0,1715761026.0,85.0,636.0,7.564938317380329
SLX_20240515_0475,20240515,1715761477.0,1715762188.0,1715773780.0,12303.0,20022.0,43.498395324936894
SLX_20240515_0476,20240515,1715781617.0,1715783894.0,1715788738.0,7121.0,17078.0,20.636002625259
SLX_20240516_0477,20240516,1715835949.0,1715836002.0,1715836049.0,100.0,169.0,5.856595577208986
SLX_20240516_0478,20240516,1715846219.0,1715846641.0,1715846927.0,708.0,668.0,13.797742122577102
SLX_20240517_0479,20240517,1715910051.0,1715910368.0,1715910895.0,844.0,500.0,980.839451900975
SLX_20240517_0480,20240517,1715922466.0,1715922466.0,1715922567.0,101.0,128.0,379.2579214017103
SLX_20240517_0481,20240517,1715949996.0,1715950070.0,1715950110.0,114.0,222.0,518.7550878942934
SLX_20240517_0482,20240517,1715976878.0,1715976896.0,1715976933.0,55.0,100.0,414.13221302485607
SLX_20240517_0483,20240517,1715978977.0,1715980098.0,1715987778.0,8801.0,5319.0,2724.554033058264
SLX_20240517_0484,20240517,1715988520.0,1715988563.0,1715988758.0,238.0,232.0,453.3657911008951
SLX_20240518_0485,20240518,1716010562.0,1716010663.0,1716010758.0,196.0,406.0,6.5465178395246735
SLX_20240518_0486,20240518,1716061038.0,1716061061.0,1716061147.0,109.0,211.0,7.500315140647473
SLX_20240519_0487,20240519,1716126127.0,1716126245.0,1716126500.0,373.0,1336.0,121.4191639865254
SLX_20240519_0488,20240519,1716141297.0,1716141361.0,1716141720.0,423.0,2025.0,162.03294554251895
SLX_20240519_0489,20240519,1716155734.0,1716155985.0,1716156194.0,460.0,1073.0,41.20483451003088
SLX_20240520_0490,20240520,1716184247.0,1716184539.0,1716185640.0,1393.0,349.0,8.088556716919205
SLX_20240520_0491,20240520,1716201336.0,1716201342.0,1716201390.0,54.0,114.0,7.783328161563763
SLX_20240521_0492,20240521,1716276554.0,1716276746.0,1716276850.0,296.0,236.0,41.0
SLX_20240521_0493,20240521,1716298435.0,1716298585.0,1716298638.0,203.0,425.0,86.5
SLX_20240521_0494,20240521,1716299429.0,1716299438.0,1716299479.0,50.0,93.0,52.0
SLX_20240521_0495,20240521,1716300528.0,1716300617.0,1716301409.0,881.0,362.0,73.5
SLX_20240521_0496,20240521,1716307327.0,1716307478.0,1716308041.0,714.0,424.0,92.0
SLX_20240521_0497,20240521,1716319694.0,1716319920.0,1716320734.0,1040.0,1352.0,203.0
SLX_20240521_0498,20240521,1716330994.0,1716331143.0,1716331413.0,419.0,176.0,32.0
SLX_20240522_0499,20240522,1716347361.0,1716347598.0,1716348397.0,1036.0,1045.0,25.956799680658385
SLX_20240522_0500,20240522,1716349410.0,1716350591.0,1716352828.0,3418.0,1437.0,16.023610976048893
SLX_20240522_0501,20240522,1716386200.0,1716386670.0,1716387522.0,1322.0,821.0,19.06882211176859
SLX_20240522_0502,20240522,1716388384.0,1716389363.0,1716389887.0,1503.0,236.0,5.437877028070891
SLX_20240522_0503,20240522,1716404096.0,1716404231.0,1716404803.0,707.0,417.0,10.875754056141782
SLX_20240522_0504,20240522,1716409052.0,1716409614.0,1716409901.0,849.0,217.0,5.510382055111836
SLX_20240522_0505,20240522,1716410295.0,1716411602.0,1716413603.0,3308.0,419.0,7.540522812258303
SLX_20240522_0506,20240522,1716414610.0,1716414820.0,1716415388.0,778.0,259.0,8.265573082667755
SLX_20240523_0507,20240523,1716428945.0,1716430544.0,1716434771.0,5826.0,3145.0,34.15814511937349
SLX_20240523_0508,20240523,1716437020.0,1716438485.0,1716441381.0,4361.0,1099.0,12.399874598128735
SLX_20240523_0509,20240523,1716441708.0,1716441835.0,1716442066.0,358.0,302.0,5.264097706752764
SLX_20240523_0510,20240523,1716444411.0,1716444484.0,1716444545.0,134.0,221.0,10.060275617349728
SLX_20240523_0511,20240523,1716446439.0,1716446531.0,1716447711.0,1272.0,603.0,11.931954801972934
SLX_20240523_0512,20240523,1716448618.0,1716448690.0,1716448759.0,141.0,259.0,9.007456075999174
SLX_20240523_0513,20240523,1716451704.0,1716451756.0,1716451912.0,208.0,269.0,13.218734241401387
SLX_20240523_0514,20240523,1716455945.0,1716456111.0,1716456376.0,431.0,505.0,19.652631438543654
SLX_20240523_0515,20240523,1716456814.0,1716456847.0,1716457429.0,615.0,513.0,26.671428380880673
SLX_20240523_0516,20240523,1716458417.0,1716458882.0,1716459860.0,1443.0,584.0,15.675313171219344
SLX_20240523_0517,20240523,1716460766.0,1716460870.0,1716461205.0,439.0,434.0,11.054605184180806
SLX_20240523_0518,20240523,1716462565.0,1716462643.0,1716462706.0,141.0,330.0,11.756484878414508
SLX_20240523_0519,20240523,1716466026.0,1716466052.0,1716466119.0,93.0,181.0,5.264097706752764
SLX_20240523_0520,20240523,1716467009.0,1716467082.0,1716467132.0,123.0,206.0,5.264097706752764
SLX_20240523_0521,20240523,1716467543.0,1716467750.0,1716468235.0,692.0,299.0,6.375407222622792
SLX_20240523_0522,20240523,1716468774.0,1716470364.0,1716473401.0,4627.0,1752.0,14.037593884674038
SLX_20240523_0523,20240523,1716474442.0,1716474649.0,1716474912.0,470.0,286.0,6.901816993298069
SLX_20240523_0524,20240523,1716477419.0,1716477455.0,1716477518.0,99.0,190.0,6.433897197142268
SLX_20240523_0525,20240523,1716479242.0,1716479863.0,1716480050.0,808.0,673.0,17.4300124068036
SLX_20240523_0526,20240523,1716481669.0,1716481775.0,1716481840.0,171.0,261.0,5.615037553869615
SLX_20240523_0527,20240523,1716482303.0,1716482570.0,1716482817.0,514.0,233.0,4.562218012519063
SLX_20240523_0528,20240523,1716484162.0,1716484267.0,1716484579.0,417.0,261.0,5.498057604830665
SLX_20240523_0529,20240523,1716493517.0,1716493573.0,1716493698.0,181.0,340.0,13.16024426688191
SLX_20240523_0530,20240523,1716496248.0,1716496451.0,1716496799.0,551.0,382.0,15.499843247660918
SLX_20240523_0531,20240523,1716505071.0,1716505125.0,1716505261.0,190.0,342.0,19.067731693348904
SLX_20240523_0532,20240523,1716505733.0,1716505773.0,1716505966.0,233.0,295.0,15.441353273141443
SLX_20240523_0533,20240523,1716506645.0,1716506828.0,1716507257.0,612.0,252.0,5.498057604830665
SLX_20240523_0534,20240523,1716507819.0,1716508141.0,1716508278.0,459.0,216.0,5.147117757713814
SLX_20240524_0535,20240524,1716533389.0,1716534231.0,1716535039.0,1650.0,838.0,7.8679535799859535
SLX_20240524_0536,20240524,1716537608.0,1716537683.0,1716537801.0,193.0,639.0,14.516928436312112
SLX_20240524_0537,20240524,1716538657.0,1716539168.0,1716539626.0,969.0,794.0,7.831014830784142
SLX_20240524_0538,20240524,1716540342.0,1716540380.0,1716540513.0,171.0,388.0,6.242648615106226
SLX_20240524_0539,20240524,1716541133.0,1716541235.0,1716541282.0,149.0,520.0,6.68591360552797
SLX_20240524_0540,20240524,1716541812.0,1716541854.0,1716541917.0,105.0,526.0,7.313872341958774
SLX_20240524_0541,20240524,1716547831.0,1716547888.0,1716547930.0,99.0,298.0,7.0183623483442785
SLX_20240524_0542,20240524,1716581836.0,1716582274.0,1716582576.0,740.0,901.0,6.796729853133407
SLX_20240525_0543,20240525,1716657873.0,1716657961.0,1716658013.0,140.0,337.0,8.016263185045624
SLX_20240526_0544,20240526,1716715973.0,1716716189.0,1716716310.0,337.0,278.0,8.379725994099845
SLX_20240526_0545,20240526,1716732761.0,1716732767.0,1716733080.0,319.0,281.0,7.393875877146922
SLX_20240526_0546,20240526,1716741549.0,1716741726.0,1716742166.0,617.0,299.0,7.722492582797896
SLX_20240526_0547,20240526,1716742599.0,1716743079.0,1716744609.0,2010.0,392.0,10.433580404418434
SLX_20240527_0548,20240527,1716774362.0,1716774634.0,1716774830.0,468.0,225.0,9.363505586477046
SLX_20240527_0549,20240527,1716778387.0,1716780046.0,1716781785.0,3398.0,375.0,13.185344601365637
SLX_20240527_0550,20240527,1716783541.0,1716783892.0,1716784298.0,757.0,266.0,7.643678029777181
SLX_20240527_0551,20240527,1716792997.0,1716793688.0,1716808943.0,15946.0,17141.0,83.98491235217678
SLX_20240527_0552,20240527,1716809414.0,1716809459.0,1716810106.0,692.0,260.0,8.4080458327549
SLX_20240528_0553,20240528,1716858236.0,1716858285.0,1716858345.0,109.0,232.0,553.127053045963
SLX_20240528_0554,20240528,1716859805.0,1716859926.0,1716860666.0,861.0,446.0,702.1732649445757
SLX_20240528_0555,20240528,1716867712.0,1716868067.0,1716868393.0,681.0,457.0,529.9420867506232
SLX_20240528_0556,20240528,1716872753.0,1716872972.0,1716873083.0,330.0,208.0,351.0866324722879
SLX_20240528_0557,20240528,1716878549.0,1716878549.0,1716878670.0,121.0,183.0,337.8380803035223
SLX_20240528_0558,20240528,1716888625.0,1716888938.0,1716889372.0,747.0,266.0,377.583736809819
SLX_20240528_0559,20240528,1716889896.0,1716889910.0,1716890036.0,140.0,219.0,271.5953194596944
SLX_20240528_0560,20240528,1716891674.0,1716891901.0,1716892267.0,593.0,422.0,496.82070632870926
SLX_20240528_0561,20240528,1716892917.0,1716893156.0,1716893610.0,693.0,469.0,430.57794548488135
SLX_20240528_0562,20240528,1716897578.0,1716897705.0,1716897817.0,239.0,260.0,258.3467672909288
SLX_20240528_0563,20240528,1716898856.0,1716899438.0,1716899438.0,582.0,262.0,278.2195955440772
SLX_20240528_0564,20240528,1716904699.0,1716904762.0,1716905017.0,318.0,231.0,291.4681477128428
SLX_20240528_0565,20240528,1716908085.0,1716908130.0,1716908181.0,96.0,297.0,861.1558909697627
SLX_20240528_0566,20240528,1716909682.0,1716909854.0,1716910113.0,431.0,217.0,331.2138042191395
SLX_20240528_0567,20240528,1716916967.0,1716917160.0,1716917194.0,227.0,200.0,271.5953194596944
SLX_20240528_0568,20240528,1716919481.0,1716919570.0,1716919736.0,255.0,184.0,344.46235638790506
SLX_20240528_0569,20240528,1716921561.0,1716921690.0,1716922434.0,873.0,544.0,784.9767159993606
SLX_20240528_0570,20240528,1716925602.0,1716925760.0,1716926204.0,602.0,402.0,609.4333997632167
SLX_20240528_0571,20240528,1716934862.0,1716934991.0,1716934991.0,129.0,182.0,337.8380803035223
SLX_20240528_0572,20240528,1716939179.0,1716939407.0,1716940099.0,920.0,454.0,705.4854029867671
SLX_20240529_0573,20240529,1716941809.0,1716941850.0,1716941894.0,85.0,332.0,4.412700116950674
SLX_20240529_0574,20240529,1716944637.0,1716944749.0,1716944853.0,216.0,782.0,9.857402680607555
SLX_20240529_0575,20240529,1716958788.0,1716958876.0,1716959053.0,265.0,435.0,5.373529981125418
SLX_20240529_0576,20240529,1716964800.0,1716965117.0,1716965554.0,754.0,908.0,7.935742952258067
SLX_20240529_0577,20240529,1716975083.0,1716975161.0,1716975224.0,141.0,453.0,6.192014680237237
SLX_20240529_0578,20240529,1716981473.0,1716981672.0,1716981776.0,303.0,1132.0,10.640301088453642
SLX_20240529_0579,20240529,1716987200.0,1716987315.0,1716988226.0,1026.0,1726.0,22.277018332347758
SLX_20240529_0580,20240529,1716991446.0,1716993939.0,1717006034.0,14588.0,10193.0,32.63262909067555
SLX_20240529_0581,20240529,1717006728.0,1717008083.0,1717009261.0,2533.0,3715.0,55.65695953960366
SLX_20240530_0582,20240530,1717039911.0,1717040130.0,1717040446.0,535.0,218.0,5.147910723132419
SLX_20240530_0583,20240530,1717052427.0,1717052968.0,1717055243.0,2816.0,542.0,9.184340721952157
SLX_20240530_0584,20240530,1717094611.0,1717094708.0,1717094998.0,387.0,368.0,9.067342750971875
SLX_20240530_0585,20240530,1717095911.0,1717095956.0,1717095980.0,69.0,120.0,5.674401592543689
SLX_20240531_0586,20240531,1717122780.0,1717122929.0,1717123479.0,699.0,420.0,14.194324680377129
SLX_20240531_0587,20240531,1717126417.0,1717126581.0,1717127381.0,964.0,585.0,18.50652458327651
SLX_20240531_0588,20240531,1717154140.0,1717154425.0,1717155154.0,1014.0,634.0,19.225224567093072
SLX_20240531_0589,20240531,1717159195.0,1717159271.0,1717159327.0,132.0,264.0,13.116274704652284
SLX_20240531_0590,20240531,1717171844.0,1717171911.0,1717172309.0,465.0,491.0,41.68459906136068
SLX_20240531_0591,20240531,1717173666.0,1717173689.0,1717173743.0,77.0,145.0,7.726024826028057
SLX_20240531_0592,20240531,1717176010.0,1717176274.0,1717176568.0,558.0,278.0,9.522774785569466
SLX_20240531_0593,20240531,1717192818.0,1717192984.0,1717195736.0,2918.0,8990.0,272.8364813563629
SLX_20260507_0594,20260507,1778164383.0,1778166777.0,1778172153.0,7770.0,1746.0,50.34113254659104
SLX_20260507_0595,20260507,1778176366.0,1778176693.0,1778176875.0,509.0,278.0,14.632024684822309
SLX_20260508_0596,20260508,1778255294.0,1778255512.0,1778255629.0,335.0,202.0,63.25771464049631
SLX_20260508_0597,20260508,1778267213.0,1778267240.0,1778267273.0,60.0,81.0,69.45945136995672
SLX_20260510_0598,20260510,1778405925.0,1778405972.0,1778406014.0,89.0,166.0,9.907690553044349
SLX_20260510_0599,20260510,1778419747.0,1778420294.0,1778424737.0,4990.0,3812.0,34.72321455506197
SLX_20260510_0600,20260510,1778426370.0,1778426424.0,1778426554.0,184.0,201.0,11.481809612873825
SLX_20260511_0601,20260511,1778508935.0,1778508948.0,1778508968.0,33.0,84.0,11.490111264380655
SLX_20260514_0602,20260514,1778740831.0,1778740960.0,1778741228.0,397.0,326.0,37.7980662150312
SLX_20260514_0603,20260514,1778758487.0,1778758626.0,1778758653.0,166.0,172.0,15.680420482218183
SLX_20260514_0604,20260514,1778778772.0,1778778785.0,1778778804.0,32.0,121.0,18.4863904632467
SLX_20260514_0605,20260514,1778779647.0,1778780224.0,1778780467.0,820.0,252.0,16.67076282846354
SLX_20260515_0606,20260515,1778845787.0,1778845829.0,1778845892.0,105.0,230.0,12.312009480250948
SLX_20260515_0607,20260515,1778850769.0,1778850821.0,1778850900.0,131.0,399.0,29.88902301455658
SLX_20260515_0608,20260515,1778861627.0,1778861714.0,1778861891.0,264.0,596.0,31.91402457380838
SLX_20260516_0609,20260516,1778944317.0,1778944363.0,1778944433.0,116.0,180.0,46.676309021560606
SLX_20260516_0610,20260516,1778947395.0,1778947928.0,1778950846.0,3451.0,1099.0,54.4153861650318
SLX_20260516_0611,20260516,1778953248.0,1778953305.0,1778953573.0,325.0,1422.0,333.2640094907281
SLX_20260516_0612,20260516,1778961766.0,1778961810.0,1778961902.0,136.0,143.0,17.896615894277126
SLX_20260516_0613,20260516,1778973911.0,1778974148.0,1778974537.0,626.0,300.0,26.11938535921526
SLX_20260517_0614,20260517,1778988933.0,1778989140.0,1778989403.0,470.0,978.0,80.03938186022526
SLX_20260521_0615,20260521,1779369599.0,1779369651.0,1779369764.0,165.0,306.0,43.81909875653314
SLX_20260521_0616,20260521,1779387151.0,1779387946.0,1779388404.0,1253.0,545.0,26.25735878796149
SLX_20260523_0617,20260523,1779515232.0,1779515321.0,1779515366.0,134.0,169.0,10.479406155144982
SLX_20260523_0618,20260523,1779536588.0,1779536637.0,1779536687.0,99.0,134.0,13.038330913959454
SLX_20260523_0619,20260523,1779573806.0,1779573882.0,1779573957.0,151.0,285.0,30.95080422566076
SLX_20260523_0620,20260523,1779580537.0,1779580753.0,1779580778.0,241.0,241.0,9.748284795483704
SLX_20260525_0621,20260525,1779748275.0,1779748975.0,1779749450.0,1175.0,233.0,13.242841535836694
SLX_20260526_0622,20260526,1779798999.0,1779799099.0,1779799456.0,457.0,576.0,16.0782943862262
SLX_20260526_0623,20260526,1779839266.0,1779839319.0,1779839460.0,194.0,217.0,7.581634751228615
SLX_20260527_0624,20260527,1779884149.0,1779884176.0,1779884265.0,116.0,130.0,8.463703986449985
SLX_20260527_0625,20260527,1779888171.0,1779888192.0,1779888253.0,82.0,103.0,7.665241346218854
SLX_20260528_0626,20260528,1779981353.0,1779981385.0,1779981422.0,69.0,133.0,52.247472808608514
SLX_20260529_0627,20260529,1780031083.0,1780031358.0,1780032063.0,980.0,272.0,15.33527244630904
SLX_20260529_0628,20260529,1780032530.0,1780033212.0,1780034242.0,1712.0,363.0,19.1690905578863
SLX_20260529_0629,20260529,1780037022.0,1780038196.0,1780040151.0,3129.0,638.0,23.8742309675493
SLX_20260530_0630,20260530,1780141952.0,1780142000.0,1780142088.0,136.0,204.0,48.460248119964064
SLX_20260602_0631,20260602,1780375465.0,1780375498.0,1780375608.0,143.0,737.0,245.54210345802005
SLX_20260602_0632,20260602,1780394445.0,1780394684.0,1780395504.0,1059.0,743.0,46.80493189668845
SLX_20260602_0633,20260602,1780398070.0,1780398129.0,1780398173.0,103.0,174.0,30.876551931846834
SLX_20260602_0634,20260602,1780418576.0,1780418955.0,1780419609.0,1033.0,2043.0,76.45622383123977
SLX_20260603_0635,20260603,1780450017.0,1780450506.0,1780451688.0,1671.0,6580.0,96.79961056605708
SLX_20260603_0636,20260603,1780469840.0,1780470027.0,1780470938.0,1098.0,5343.0,213.34578933603166
SLX_20260603_0637,20260603,1780485729.0,1780486083.0,1780487769.0,2040.0,7190.0,139.6068563228013
SLX_20260605_0638,20260605,1780672375.0,1780672430.0,1780672476.0,101.0,160.0,12.595347928662262
SLX_20260606_0639,20260606,1780751705.0,1780751859.0,1780752543.0,838.0,458.0,31.841167128601644
SLX_20260606_0640,20260606,1780753450.0,1780754643.0,1780757026.0,3576.0,1019.0,31.41661823355362
SLX_20260607_0641,20260607,1780805945.0,1780805987.0,1780806015.0,70.0,119.0,15.244727502119387
SLX_20260608_0642,20260608,1780886726.0,1780886994.0,1780887369.0,643.0,362.0,19.70858432289167
SLX_20260608_0643,20260608,1780895346.0,1780895414.0,1780895493.0,147.0,225.0,19.41442634792314
SLX_20260610_0644,20260610,1781053125.0,1781053164.0,1781053221.0,96.0,98.0,19.465582359471473
SLX_20260610_0645,20260610,1781135239.0,1781135779.0,1781135993.0,754.0,288.0,15.000999249500952
SLX_20260611_0646,20260611,1781166434.0,1781166489.0,1781166546.0,112.0,507.0,8.908296864402564
SLX_20260612_0647,20260612,1781230388.0,1781230405.0,1781230570.0,182.0,217.0,11.511001197552446
SLX_20260615_0648,20260615,1781529303.0,1781529326.0,1781529358.0,55.0,95.0,39.66112078625957
SLX_20260615_0649,20260615,1781549429.0,1781549479.0,1781549524.0,95.0,91.0,33.85705432973378
SLX_20260619_0650,20260619,1781897826.0,1781897866.0,1781897994.0,168.0,217.0,31.77828780377364
SLX_20260620_0651,20260620,1781919785.0,1781920332.0,1781921503.0,1718.0,885.0,43.178759634409275
SLX_20260620_0652,20260620,1781967551.0,1781967629.0,1781968388.0,837.0,709.0,76.24357557066864
SLX_20260620_0653,20260620,1781991497.0,1781991799.0,1781992167.0,670.0,258.0,17.11590471994602
SLX_20260621_0654,20260621,1782009548.0,1782009976.0,1782012779.0,3231.0,1886.0,71.30431035747843
SLX_20260621_0655,20260621,1782065897.0,1782065931.0,1782065959.0,62.0,115.0,15.125156742495426
SLX_20260621_0656,20260621,1782069918.0,1782070120.0,1782072017.0,2099.0,4931.0,187.80402955265154
SLX_20260623_0657,20260623,1782256010.0,1782257130.0,1782257698.0,1688.0,500.0,23.545682087491947
SLX_20260624_0658,20260624,1782284985.0,1782285031.0,1782285127.0,142.0,163.0,6.288101276122514
SLX_20260624_0659,20260624,1782317656.0,1782317673.0,1782317779.0,123.0,130.0,7.452564475404461
SLX_20260625_0660,20260625,1782346828.0,1782346969.0,1782347210.0,382.0,189.0,4.740872287500728
SLX_20260625_0661,20260625,1782399746.0,1782399787.0,1782399994.0,248.0,350.0,10.726223550470396
SLX_20260625_0662,20260625,1782431131.0,1782431296.0,1782431365.0,234.0,242.0,7.703917467188682
SLX_20260626_0663,20260626,1782477655.0,1782478014.0,1782478629.0,974.0,275.0,11.042800502455258
SLX_20260627_0664,20260627,1782538849.0,1782538866.0,1782538903.0,54.0,79.0,7.429299261470104
SLX_20260627_0665,20260627,1782557548.0,1782557568.0,1782557615.0,67.0,119.0,9.502592078624552
SLX_20260627_0666,20260627,1782593986.0,1782594713.0,1782594933.0,947.0,318.0,10.88478729006085
SLX_20260628_0667,20260628,1782611585.0,1782611740.0,1782611802.0,217.0,174.0,6.890923404616513
SLX_20260628_0668,20260628,1782682336.0,1782682963.0,1782683293.0,957.0,463.0,10.192824202661924
SLX_20260628_0669,20260628,1782683821.0,1782683947.0,1782684418.0,597.0,389.0,10.910628723976146
SLX_20260629_0670,20260629,1782693558.0,1782693651.0,1782693762.0,204.0,206.0,10.021221619841642
SLX_20260629_0671,20260629,1782702968.0,1782702968.0,1782703094.0,126.0,181.0,10.414210702972687
SLX_20260629_0672,20260629,1782719327.0,1782721577.0,1782722124.0,2797.0,322.0,9.82472707827612
SLX_20260629_0673,20260629,1782723987.0,1782724028.0,1782724118.0,131.0,327.0,28.589955797783507
SLX_20260629_0674,20260629,1782754158.0,1782754182.0,1782754226.0,68.0,139.0,10.217716161407164
SLX_20260629_0675,20260629,1782754715.0,1782754831.0,1782755565.0,850.0,255.0,8.25277074575194
SLX_20260629_0676,20260629,1782757114.0,1782757171.0,1782757230.0,116.0,266.0,20.631926864379853
SLX_20260629_0677,20260629,1782762377.0,1782762413.0,1782762486.0,109.0,201.0,21.024915947510895
SLX_20260629_0678,20260629,1782766750.0,1782766837.0,1782766954.0,204.0,236.0,13.852865180369328
SLX_20260629_0679,20260629,1782768344.0,1782769149.0,1782770213.0,1869.0,748.0,16.996777845417686
SLX_20260629_0680,20260629,1782771977.0,1782771999.0,1782772052.0,75.0,172.0,11.101941598452015
SLX_20260630_0681,20260630,1782780874.0,1782782103.0,1782783295.0,2421.0,705.0,12.800267175565464
SLX_20260630_0682,20260630,1782784174.0,1782784208.0,1782784388.0,214.0,204.0,8.173664581987586
SLX_20260630_0683,20260630,1782823369.0,1782824260.0,1782827674.0,4305.0,3778.0,58.295192679081275
SLX_20260630_0684,20260630,1782833617.0,1782833641.0,1782833706.0,89.0,130.0,11.720726570397293
SLX_20260630_0685,20260630,1782837908.0,1782838082.0,1782838171.0,263.0,254.0,10.486965878776525
SLX_20260630_0686,20260630,1782840315.0,1782840368.0,1782840494.0,179.0,228.0,12.337606916207678
SLX_20260630_0687,20260630,1782849217.0,1782849507.0,1782849707.0,490.0,458.0,15.499118688485895
SLX_20260630_0688,20260630,1782852085.0,1782852606.0,1782856524.0,4439.0,7566.0,58.37230272230757
SLX_20260630_0689,20260630,1782861415.0,1782861504.0,1782861704.0,289.0,210.0,7.402564149724606
SLX_20260701_0690,20260701,1782881314.0,1782881715.0,1782882474.0,1160.0,395.0,8.100102873973363
SLX_20260701_0691,20260701,1782887111.0,1782887219.0,1782887491.0,380.0,685.0,21.51174861612598
SLX_20260701_0692,20260701,1782887965.0,1782888157.0,1782888425.0,460.0,608.0,18.45761146692291
SLX_20260701_0693,20260701,1782891217.0,1782891327.0,1782891606.0,389.0,952.0,38.375897222595114
SLX_20260701_0694,20260701,1782893735.0,1782893862.0,1782894113.0,378.0,1723.0,64.00409156156002
SLX_20260701_0695,20260701,1782895917.0,1782896011.0,1782896232.0,315.0,209.0,6.108274298406143
SLX_20260701_0696,20260701,1782900371.0,1782900475.0,1782900862.0,491.0,861.0,46.343211524863996
SLX_20260701_0697,20260701,1782904227.0,1782909819.0,1782914335.0,10108.0,606.0,15.53626288942432
SLX_20260701_0698,20260701,1782915764.0,1782917686.0,1782920584.0,4820.0,1615.0,15.801840032833283
SLX_20260701_0699,20260701,1782925890.0,1782925929.0,1782926148.0,258.0,421.0,22.44126861805735
SLX_20260701_0700,20260701,1782930996.0,1782931034.0,1782931064.0,68.0,127.0,6.705822871076309
SLX_20260701_0701,20260701,1782932284.0,1782934995.0,1782938664.0,6380.0,2177.0,28.815120059872456
SLX_20260701_0702,20260701,1782943237.0,1782943471.0,1782943499.0,262.0,216.0,8.83044001834801
SLX_20260701_0703,20260701,1782946890.0,1782947329.0,1782947976.0,1086.0,6128.0,136.9050174273203
SLX_20260701_0704,20260701,1782950194.0,1782950393.0,1782950398.0,204.0,544.0,13.411645742152619
SLX_20260702_0705,20260702,1782957299.0,1782957366.0,1782957464.0,165.0,2726.0,6.61666678565001
SLX_20260702_0706,20260702,1782987944.0,1782987987.0,1782988064.0,120.0,1945.0,30.751746584735287
SLX_20260702_0707,20260702,1783033916.0,1783033935.0,1783033980.0,64.0,684.0,4.764000085668007
SLX_20260703_0708,20260703,1783039618.0,1783039659.0,1783039683.0,65.0,174.0,5.721874716972756
SLX_20260703_0709,20260703,1783071400.0,1783071702.0,1783071759.0,359.0,397.0,4.649023207540365
SLX_20260703_0710,20260703,1783072145.0,1783072198.0,1783072629.0,484.0,448.0,5.721874716972756
SLX_20260703_0711,20260703,1783073991.0,1783074088.0,1783074088.0,97.0,330.0,5.27485325470926
SLX_20260703_0712,20260703,1783075514.0,1783076863.0,1783077317.0,1803.0,471.0,6.347704764141652
SLX_20260703_0713,20260703,1783079006.0,1783079036.0,1783079097.0,91.0,258.0,8.359301344327386
SLX_20260703_0714,20260703,1783084253.0,1783084431.0,1783084747.0,494.0,974.0,35.67231268862703
SLX_20260703_0715,20260703,1783089188.0,1783089212.0,1783089268.0,80.0,294.0,7.733471297158491
SLX_20260703_0716,20260703,1783100130.0,1783100163.0,1783100202.0,72.0,313.0,6.034789740557204
SLX_20260703_0717,20260703,1783101321.0,1783102227.0,1783108327.0,7006.0,4693.0,27.134202759394245
SLX_20260703_0718,20260703,1783109102.0,1783109322.0,1783110787.0,1685.0,917.0,10.147387193381373
SLX_20260703_0719,20260703,1783117908.0,1783118099.0,1783118231.0,323.0,419.0,6.1688961792362536
SLX_20260703_0720,20260703,1783123041.0,1783123199.0,1783123199.0,158.0,1291.0,37.460398537681016
SLX_20260704_0721,20260704,1783136498.0,1783136556.0,1783136593.0,95.0,2875.0,6.629791874487036
SLX_20260704_0722,20260704,1783197644.0,1783197690.0,1783197777.0,133.0,9687.0,33.275460171427994
SLX_20260705_0723,20260705,1783211422.0,1783211510.0,1783211613.0,191.0,890.0,9.879495816199597
SLX_20260705_0724,20260705,1783216712.0,1783216806.0,1783217101.0,389.0,307934.0,15403.709694509402
SLX_20260705_0725,20260705,1783225862.0,1783225913.0,1783225984.0,122.0,828.0,5.102321889885362
SLX_20260705_0726,20260705,1783229401.0,1783229989.0,1783230330.0,929.0,1905.0,10.629837270594503
SLX_20260705_0727,20260705,1783235671.0,1783235740.0,1783235797.0,126.0,454.0,9.704416143507451
SLX_20260705_0728,20260705,1783236319.0,1783236373.0,1783236463.0,144.0,645.0,10.004552725265414
SLX_20260705_0729,20260705,1783249146.0,1783249186.0,1783249275.0,129.0,977.0,20.134162359596647
SLX_20260705_0730,20260705,1783250078.0,1783250152.0,1783250493.0,415.0,1102.0,6.552982035048847
SLX_20260705_0731,20260705,1783256256.0,1783256295.0,1783256326.0,70.0,440.0,4.026832471919329
SLX_20260705_0732,20260705,1783258017.0,1783258062.0,1783258062.0,45.0,223.0,4.752162544501072
SLX_20260705_0733,20260705,1783269075.0,1783269136.0,1783269202.0,127.0,860.0,6.302868216917211
SLX_20260705_0734,20260705,1783269839.0,1783269911.0,1783269991.0,152.0,843.0,5.352435708016997
SLX_20260705_0735,20260705,1783274113.0,1783274255.0,1783274594.0,481.0,4058.0,37.44203857430581
SLX_20260705_0736,20260705,1783278367.0,1783278400.0,1783278491.0,124.0,950.0,10.904962470539301
SLX_20260706_0737,20260706,1783298622.0,1783298681.0,1783298748.0,126.0,311.0,9.369212708412109
SLX_20260706_0738,20260706,1783299123.0,1783299186.0,1783299244.0,121.0,237.0,6.084603655463035
SLX_20260706_0739,20260706,1783303609.0,1783304261.0,1783305141.0,1532.0,523.0,5.815373405221308
SLX_20260706_0740,20260706,1783305982.0,1783306828.0,1783307485.0,1503.0,387.0,7.6461391068650535
SLX_20260706_0741,20260706,1783314535.0,1783314668.0,1783315250.0,715.0,314.0,7.21537070647829
SLX_20260706_0742,20260706,1783322773.0,1783323866.0,1783324556.0,1783.0,353.0,6.03075760541469
SLX_20260707_0743,20260707,1783433848.0,1783433982.0,1783434400.0,552.0,2964.0,212.5366628671309
SLX_20260708_0744,20260708,1783533232.0,1783533401.0,1783533803.0,571.0,921.0,96.9633926158403
SLX_20260709_0745,20260709,1783563961.0,1783564042.0,1783564197.0,236.0,653.0,151.86522637368202
SLX_20260710_0746,20260710,1783695007.0,1783695666.0,1783695719.0,712.0,290.0,24.035443544322938
SLX_20260712_0747,20260712,1783817446.0,1783817821.0,1783818708.0,1262.0,312.0,25.523221251448955
SLX_20260712_0748,20260712,1783842046.0,1783843802.0,1783845556.0,3510.0,646.0,29.16939571594166
SLX_20260715_0749,20260715,1784150122.0,1784152329.0,1784154145.0,4023.0,458.0,34.67760026570685
SLX_20260716_0750,20260716,1784237612.0,1784237702.0,1784237811.0,199.0,286.0,15.096074261747225
SLX_20260720_0751,20260720,1784558107.0,1784558217.0,1784558975.0,868.0,1919.0,139.00163952092058
SLX_20260720_0752,20260720,1784560723.0,1784560810.0,1784560971.0,248.0,442.0,21.3610537348408
SLX_20260720_0753,20260720,1784575104.0,1784575210.0,1784575717.0,613.0,713.0,33.64107979496667
SLX_20260720_0754,20260720,1784586091.0,1784586299.0,1784587461.0,1370.0,2492.0,58.923486389343466
SLX_20260720_0755,20260720,1784589748.0,1784589863.0,1784590423.0,675.0,459.0,22.496182194180168
SLX_20260721_0756,20260721,1784594742.0,1784595028.0,1784595483.0,741.0,385.0,10.67635986128274
SLX_20260721_0757,20260721,1784606628.0,1784606705.0,1784606781.0,153.0,238.0,9.998495743106059
SLX_20260721_0758,20260721,1784627325.0,1784627530.0,1784628062.0,737.0,391.0,10.845825890826912
SLX_20260721_0759,20260721,1784634060.0,1784634107.0,1784634184.0,124.0,230.0,13.218350304445298
SLX_20260721_0760,20260721,1784643214.0,1784643265.0,1784643317.0,103.0,270.0,25.419904431625575
SLX_20260721_0761,20260721,1784647970.0,1784647991.0,1784648096.0,126.0,158.0,9.659563684017717
SLX_20260721_0762,20260721,1784650067.0,1784650114.0,1784650321.0,254.0,289.0,26.18250156457434
SLX_20260721_0763,20260721,1784654580.0,1784654769.0,1784655390.0,810.0,1284.0,28.809225022508983
SLX_20260721_0764,20260721,1784656474.0,1784656727.0,1784656946.0,472.0,278.0,11.862622068091934
SLX_20260721_0765,20260721,1784657309.0,1784657393.0,1784657639.0,330.0,247.0,9.151165595385207
SLX_20260721_0766,20260721,1784661801.0,1784661838.0,1784661858.0,57.0,122.0,8.981699565841037
SLX_20260722_0767,20260722,1784682366.0,1784682382.0,1784682450.0,84.0,119.0,18.04329620985567
SLX_20260722_0768,20260722,1784691421.0,1784691486.0,1784691673.0,252.0,360.0,16.168668032208327
SLX_20260722_0769,20260722,1784701993.0,1784702079.0,1784702484.0,491.0,2659.0,265.25988713709893
SLX_20260722_0770,20260722,1784706428.0,1784706436.0,1784706463.0,35.0,86.0,15.231353943384654
SLX_20260722_0771,20260722,1784722681.0,1784722719.0,1784722787.0,106.0,128.0,13.239561504634354
SLX_20260722_0772,20260722,1784735566.0,1784735610.0,1784735695.0,129.0,169.0,20.386581431914845
SLX_20260722_0773,20260722,1784746223.0,1784746268.0,1784746398.0,175.0,270.0,30.697036408975226
SLX_20260723_0774,20260723,1784777173.0,1784777208.0,1784777301.0,128.0,310.0,52.30492468769474
SLX_20260726_0775,20260726,1785051028.0,1785051071.0,1785051159.0,131.0,201.0,39.670309751327466
SLX_20260726_0776,20260726,1785079535.0,1785079677.0,1785080403.0,868.0,2151.0,140.1567771831041
SLX_20260727_0777,20260727,1785119998.0,1785120139.0,1785120606.0,608.0,579.0,36.63976063126429
SLX_20260728_0778,20260728,1785208672.0,1785208733.0,1785208823.0,151.0,251.0,21.57380038209981
SLX_20260730_0779,20260730,1785427548.0,1785430556.0,1785438183.0,10635.0,1082.0,30.831908435810114
SLX_20260731_0780,20260731,1785498424.0,1785498433.0,1785498632.0,208.0,189.0,13.172100170917941
SLX_20260802_0781,20260802,1785648844.0,1785648916.0,1785649219.0,375.0,323.0,23.93352291499191
SLX_20260814_0782,20260814,1786690589.0,1786690707.0,1786691099.0,510.0,185.0,17.947306723426323
SLX_20260814_0783,20260814,1786744476.0,1786744557.0,1786744625.0,149.0,204.0,29.70588699049874
SLX_20260815_0784,20260815,1786781853.0,1786781892.0,1786781971.0,118.0,147.0,44.9068443520325
SLX_20260815_0785,20260815,1786801115.0,1786801154.0,1786801199.0,84.0,94.0,35.925475481626
SLX_20260815_0786,20260815,1786805219.0,1786805300.0,1786805389.0,170.0,156.0,31.306485776845516
SLX_20260818_0787,20260818,1787035346.0,1787035384.0,1787035443.0,97.0,198.0,1203.1630609985293
SLX_20260818_0788,20260818,1787086903.0,1787086953.0,1787086995.0,92.0,139.0,592.8629575934782
SLX_20260818_0789,20260818,1787093001.0,1787093005.0,1787093043.0,42.0,103.0,427.21007238353576
SLX_20260819_0790,20260819,1787108132.0,1787108214.0,1787108252.0,120.0,215.0,20.99380633444681
SLX_20260819_0791,20260819,1787115027.0,1787115259.0,1787115297.0,270.0,285.0,8.126634710108442
SLX_20260819_0792,20260819,1787146700.0,1787146778.0,1787147010.0,310.0,283.0,11.51273250598696
SLX_20260819_0793,20260819,1787148364.0,1787148406.0,1787148488.0,124.0,194.0,14.560220522277627
SLX_20260819_0794,20260819,1787152555.0,1787152584.0,1787152759.0,204.0,358.0,24.97247124460407
SLX_20260819_0795,20260819,1787157355.0,1787157494.0,1787157575.0,220.0,163.0,6.687543146860072
SLX_20260819_0796,20260819,1787164402.0,1787165351.0,1787166893.0,2491.0,599.0,11.343427616193035
SLX_20260820_0797,20260820,1787198841.0,1787198868.0,1787198944.0,103.0,153.0,9.934019369539856
SLX_20260820_0798,20260820,1787211975.0,1787213135.0,1787214158.0,2183.0,1344.0,18.237080335125405
SLX_20260820_0799,20260820,1787225250.0,1787226088.0,1787228776.0,3526.0,6219.0,55.304316788632335
SLX_20260820_0800,20260820,1787229525.0,1787229743.0,1787229906.0,381.0,315.0,9.785750423725828
SLX_20260820_0801,20260820,1787241658.0,1787242302.0,1787244027.0,2369.0,2204.0,31.5812854583879
SLX_20260820_0802,20260820,1787269374.0,1787269427.0,1787269493.0,119.0,158.0,8.896136748841663
SLX_20260821_0803,20260821,1787278507.0,1787278789.0,1787279511.0,1004.0,362.0,10.885840210219982
SLX_20260821_0804,20260821,1787293948.0,1787294092.0,1787294465.0,517.0,327.0,12.950396112158256
SLX_20260821_0805,20260821,1787304218.0,1787307444.0,1787317038.0,12820.0,1039.0,23.93007977246634
SLX_20260821_0806,20260821,1787317921.0,1787318176.0,1787318623.0,702.0,229.0,8.25822360775309
SLX_20260821_0807,20260821,1787345895.0,1787345978.0,1787346151.0,256.0,190.0,7.882849807400677
