sample_id,observation_date,fold_number
0,20260612,1
1,20260612,1
2,20260612,1
3,20260612,1
4,20260612,1
5,20260612,1
6,20260612,1
7,20260612,1
8,20260612,1
9,20260612,1
10,20260612,1
11,20260612,1
12,20240529,3
13,20240529,3
14,20240529,3
15,20240529,3
16,20240529,3
17,20240529,3
18,20240529,3
19,20240529,3
20,20240529,3
21,20240529,3
22,20240529,3
23,20240529,3
24,20240528,2
25,20240528,2
26,20240528,2
27,20240528,2
28,20240528,2
29,20240528,2
30,20240528,2
31,20240528,2
32,20240528,2
33,20240528,2
34,20240528,2
35,20240528,2
36,20260518,3
37,20260518,3
38,20260518,3
39,20260518,3
40,20260518,3
41,20260518,3
42,20260518,3
43,20260518,3
44,20260518,3
45,20260518,3
46,20260518,3
47,20260518,3
48,20260618,5
49,20260618,5
50,20260618,5
51,20260618,5
52,20260618,5
53,20260618,5
54,20260618,5
55,20260618,5
56,20260618,5
57,20260618,5
58,20260618,5
59,20260618,5
60,20260603,3
61,20260603,3
62,20260603,3
63,20260603,3
64,20260603,3
65,20260603,3
66,20260603,3
67,20260603,3
68,20260603,3
69,20260603,3
70,20260603,3
71,20260603,3
72,20240531,5
73,20240531,5
74,20240531,5
75,20240531,5
76,20240531,5
77,20240531,5
78,20240531,5
79,20240531,5
80,20240531,5
81,20240531,5
82,20240531,5
83,20240531,5
84,20260629,5
85,20260629,5
86,20260629,5
87,20260629,5
88,20260629,5
89,20260629,5
90,20260629,5
91,20260629,5
92,20260629,5
93,20260629,5
94,20260629,5
95,20260629,5
96,20260529,3
97,20260529,3
98,20260529,3
99,20260529,3
100,20260529,3
101,20260529,3
102,20260529,3
103,20260529,3
104,20260529,3
105,20260529,3
106,20260529,3
107,20260529,3
108,20260514,2
109,20260514,2
110,20260514,2
111,20260514,2
112,20260514,2
113,20260514,2
114,20260514,2
115,20260514,2
116,20260514,2
117,20260514,2
118,20260514,2
119,20260514,2
120,20240518,1
121,20240518,1
122,20240518,1
123,20240518,1
124,20240518,1
125,20240518,1
126,20240518,1
127,20240518,1
128,20240518,1
129,20240518,1
130,20240518,1
131,20240518,1
132,20260627,2
133,20260627,2
134,20260627,2
135,20260627,2
136,20260627,2
137,20260627,2
138,20260627,2
139,20260627,2
140,20260627,2
141,20260627,2
142,20260627,2
143,20260627,2
144,20260701,1
145,20260701,1
146,20260701,1
147,20260701,1
148,20260701,1
149,20260701,1
150,20260701,1
151,20260701,1
152,20260701,1
153,20260701,1
154,20260701,1
155,20260701,1
156,20260702,2
157,20260702,2
158,20260702,2
159,20260702,2
160,20260702,2
161,20260702,2
162,20260702,2
163,20260702,2
164,20260702,2
165,20260702,2
166,20260702,2
167,20260702,2
168,20260511,3
169,20260511,3
170,20260511,3
171,20260511,3
172,20260511,3
173,20260511,3
174,20260511,3
175,20260511,3
176,20260511,3
177,20260511,3
178,20260511,3
179,20260511,3
180,20240520,3
181,20240520,3
182,20240520,3
183,20240520,3
184,20240520,3
185,20240520,3
186,20240520,3
187,20240520,3
188,20240520,3
189,20240520,3
190,20240520,3
191,20240520,3
192,20260508,4
193,20260508,4
194,20260508,4
195,20260508,4
196,20260508,4
197,20260508,4
198,20260508,4
199,20260508,4
200,20260508,4
201,20260508,4
202,20260508,4
203,20260508,4
204,20260613,5
205,20260613,5
206,20260613,5
207,20260613,5
208,20260613,5
209,20260613,5
210,20260613,5
211,20260613,5
212,20260613,5
213,20260613,5
214,20260613,5
215,20260613,5
216,20260512,1
217,20260512,1
218,20260512,1
219,20260512,1
220,20260512,1
221,20260512,1
222,20260512,1
223,20260512,1
224,20260512,1
225,20260512,1
226,20260512,1
227,20260512,1
228,20260519,2
229,20260519,2
230,20260519,2
231,20260519,2
232,20260519,2
233,20260519,2
234,20260519,2
235,20260519,2
236,20260519,2
237,20260519,2
238,20260519,2
239,20260519,2
240,20260620,3
241,20260620,3
242,20260620,3
243,20260620,3
244,20260620,3
245,20260620,3
246,20260620,3
247,20260620,3
248,20260620,3
249,20260620,3
250,20260620,3
251,20260620,3
252,20240523,4
253,20240523,4
254,20240523,4
255,20240523,4
256,20240523,4
257,20240523,4
258,20240523,4
259,20240523,4
260,20240523,4
261,20240523,4
262,20240523,4
263,20240523,4
264,20260703,2
265,20260703,2
266,20260703,2
267,20260703,2
268,20260703,2
269,20260703,2
270,20260703,2
271,20260703,2
272,20260703,2
273,20260703,2
274,20260703,2
275,20260703,2
276,20260525,1
277,20260525,1
278,20260525,1
279,20260525,1
280,20260525,1
281,20260525,1
282,20260525,1
283,20260525,1
284,20260525,1
285,20260525,1
286,20260525,1
287,20260525,1
288,20260521,3
289,20260521,3
290,20260521,3
291,20260521,3
292,20260521,3
293,20260521,3
294,20260521,3
295,20260521,3
296,20260521,3
297,20260521,3
298,20260521,3
299,20260521,3
300,20260610,5
301,20260610,5
302,20260610,5
303,20260610,5
304,20260610,5
305,20260610,5
306,20260610,5
307,20260610,5
308,20260610,5
309,20260610,5
310,20260610,5
311,20260610,5
312,20260515,4
313,20260515,4
314,20260515,4
315,20260515,4
316,20260515,4
317,20260515,4
318,20260515,4
319,20260515,4
320,20260515,4
321,20260515,4
322,20260515,4
323,20260515,4
324,20260611,4
325,20260611,4
326,20260611,4
327,20260611,4
328,20260611,4
329,20260611,4
330,20260611,4
331,20260611,4
332,20260611,4
333,20260611,4
334,20260611,4
335,20260611,4
336,20260607,5
337,20260607,5
338,20260607,5
339,20260607,5
340,20260607,5
341,20260607,5
342,20260607,5
343,20260607,5
344,20260607,5
345,20260607,5
346,20260607,5
347,20260607,5
348,20240519,2
349,20240519,2
350,20240519,2
351,20240519,2
352,20240519,2
353,20240519,2
354,20240519,2
355,20240519,2
356,20240519,2
357,20240519,2
358,20240519,2
359,20240519,2
360,20260704,4
361,20260704,4
362,20260704,4
363,20260704,4
364,20260704,4
365,20260704,4
366,20260704,4
367,20260704,4
368,20260704,4
369,20260704,4
370,20260704,4
371,20260704,4
372,20240517,5
373,20240517,5
374,20240517,5
375,20240517,5
376,20240517,5
377,20240517,5
378,20240517,5
379,20240517,5
380,20240517,5
381,20240517,5
382,20240517,5
383,20240517,5
384,20240530,4
385,20240530,4
386,20240530,4
387,20240530,4
388,20240530,4
389,20240530,4
390,20240530,4
391,20240530,4
392,20240530,4
393,20240530,4
394,20240530,4
395,20240530,4
396,20240521,3
397,20240521,3
398,20240521,3
399,20240521,3
400,20240521,3
401,20240521,3
402,20240521,3
403,20240521,3
404,20240521,3
405,20240521,3
406,20240521,3
407,20240521,3
408,20260530,2
409,20260530,2
410,20260530,2
411,20260530,2
412,20260530,2
413,20260530,2
414,20260530,2
415,20260530,2
416,20260530,2
417,20260530,2
418,20260530,2
419,20260530,2
420,20260516,5
421,20260516,5
422,20260516,5
423,20260516,5
424,20260516,5
425,20260516,5
426,20260516,5
427,20260516,5
428,20260516,5
429,20260516,5
430,20260516,5
431,20260516,5
432,20240524,3
433,20240524,3
434,20240524,3
435,20240524,3
436,20240524,3
437,20240524,3
438,20240524,3
439,20240524,3
440,20240524,3
441,20240524,3
442,20240524,3
443,20240524,3
444,20240526,1
445,20240526,1
446,20240526,1
447,20240526,1
448,20240526,1
449,20240526,1
450,20240526,1
451,20240526,1
452,20240526,1
453,20240526,1
454,20240526,1
455,20240526,1
456,20240514,1
457,20240514,1
458,20240514,1
459,20240514,1
460,20240514,1
461,20240514,1
462,20240514,1
463,20240514,1
464,20240514,1
465,20240514,1
466,20240514,1
467,20240514,1
468,20260520,4
469,20260520,4
470,20260520,4
471,20260520,4
472,20260520,4
473,20260520,4
474,20260520,4
475,20260520,4
476,20260520,4
477,20260520,4
478,20260520,4
479,20260520,4
480,20260602,2
481,20260602,2
482,20260602,2
483,20260602,2
484,20260602,2
485,20260602,2
486,20260602,2
487,20260602,2
488,20260602,2
489,20260602,2
490,20260602,2
491,20260602,2
492,20260524,5
493,20260524,5
494,20260524,5
495,20260524,5
496,20260524,5
497,20260524,5
498,20260524,5
499,20260524,5
500,20260524,5
501,20260524,5
502,20260524,5
503,20260524,5
504,20260616,2
505,20260616,2
506,20260616,2
507,20260616,2
508,20260616,2
509,20260616,2
510,20260616,2
511,20260616,2
512,20260616,2
513,20260616,2
514,20260616,2
515,20260616,2
516,20260513,5
517,20260513,5
518,20260513,5
519,20260513,5
520,20260513,5
521,20260513,5
522,20260513,5
523,20260513,5
524,20260513,5
525,20260513,5
526,20260513,5
527,20260513,5
528,20260523,4
529,20260523,4
530,20260523,4
531,20260523,4
532,20260523,4
533,20260523,4
534,20260523,4
535,20260523,4
536,20260523,4
537,20260523,4
538,20260523,4
539,20260523,4
540,20260624,5
541,20260624,5
542,20260624,5
543,20260624,5
544,20260624,5
545,20260624,5
546,20260624,5
547,20260624,5
548,20260624,5
549,20260624,5
550,20260624,5
551,20260624,5
552,20260625,1
553,20260625,1
554,20260625,1
555,20260625,1
556,20260625,1
557,20260625,1
558,20260625,1
559,20260625,1
560,20260625,1
561,20260625,1
562,20260625,1
563,20260625,1
564,20260507,2
565,20260507,2
566,20260507,2
567,20260507,2
568,20260507,2
569,20260507,2
570,20260507,2
571,20260507,2
572,20260507,2
573,20260507,2
574,20260507,2
575,20260507,2
576,20240515,2
577,20240515,2
578,20240515,2
579,20240515,2
580,20240515,2
581,20240515,2
582,20240515,2
583,20240515,2
584,20240515,2
585,20240515,2
586,20240515,2
587,20240515,2
588,20260510,5
589,20260510,5
590,20260510,5
591,20260510,5
592,20260510,5
593,20260510,5
594,20260510,5
595,20260510,5
596,20260510,5
597,20260510,5
598,20260510,5
599,20260510,5
600,20260615,1
601,20260615,1
602,20260615,1
603,20260615,1
604,20260615,1
605,20260615,1
606,20260615,1
607,20260615,1
608,20260615,1
609,20260615,1
610,20260615,1
611,20260615,1
612,20260608,3
613,20260608,3
614,20260608,3
615,20260608,3
616,20260608,3
617,20260608,3
618,20260608,3
619,20260608,3
620,20260608,3
621,20260608,3
622,20260608,3
623,20260608,3
624,20260621,3
625,20260621,3
626,20260621,3
627,20260621,3
628,20260621,3
629,20260621,3
630,20260621,3
631,20260621,3
632,20260621,3
633,20260621,3
634,20260621,3
635,20260621,3
636,20240527,4
637,20240527,4
638,20240527,4
639,20240527,4
640,20240527,4
641,20240527,4
642,20240527,4
643,20240527,4
644,20240527,4
645,20240527,4
646,20240527,4
647,20240527,4
648,20240525,5
649,20240525,5
650,20240525,5
651,20240525,5
652,20240525,5
653,20240525,5
654,20240525,5
655,20240525,5
656,20240525,5
657,20240525,5
658,20240525,5
659,20240525,5
660,20260606,4
661,20260606,4
662,20260606,4
663,20260606,4
664,20260606,4
665,20260606,4
666,20260606,4
667,20260606,4
668,20260606,4
669,20260606,4
670,20260606,4
671,20260606,4
672,20240522,2
673,20240522,2
674,20240522,2
675,20240522,2
676,20240522,2
677,20240522,2
678,20240522,2
679,20240522,2
680,20240522,2
681,20240522,2
682,20240522,2
683,20240522,2
684,20260630,3
685,20260630,3
686,20260630,3
687,20260630,3
688,20260630,3
689,20260630,3
690,20260630,3
691,20260630,3
692,20260630,3
693,20260630,3
694,20260630,3
695,20260630,3
696,20260626,3
697,20260626,3
698,20260626,3
699,20260626,3
700,20260626,3
701,20260626,3
702,20260626,3
703,20260626,3
704,20260626,3
705,20260626,3
706,20260626,3
707,20260626,3
708,20260628,1
709,20260628,1
710,20260628,1
711,20260628,1
712,20260628,1
713,20260628,1
714,20260628,1
715,20260628,1
716,20260628,1
717,20260628,1
718,20260628,1
719,20260628,1
720,20240516,4
721,20240516,4
722,20240516,4
723,20240516,4
724,20240516,4
725,20240516,4
726,20240516,4
727,20240516,4
728,20240516,4
729,20240516,4
730,20240516,4
731,20240516,4
732,20260705,5
733,20260705,5
734,20260705,5
735,20260705,5
736,20260705,5
737,20260705,5
738,20260705,5
739,20260705,5
740,20260705,5
741,20260705,5
742,20260705,5
743,20260705,5
744,20260619,2
745,20260619,2
746,20260619,2
747,20260619,2
748,20260619,2
749,20260619,2
750,20260619,2
751,20260619,2
752,20260619,2
753,20260619,2
754,20260619,2
755,20260619,2
756,20260527,2
757,20260527,2
758,20260527,2
759,20260527,2
760,20260527,2
761,20260527,2
762,20260527,2
763,20260527,2
764,20260527,2
765,20260527,2
766,20260527,2
767,20260527,2
768,20260531,1
769,20260531,1
770,20260531,1
771,20260531,1
772,20260531,1
773,20260531,1
774,20260531,1
775,20260531,1
776,20260531,1
777,20260531,1
778,20260531,1
779,20260531,1
780,20260506,1
781,20260506,1
782,20260506,1
783,20260506,1
784,20260506,1
785,20260506,1
786,20260506,1
787,20260506,1
788,20260506,1
789,20260506,1
790,20260506,1
791,20260506,1
792,20260509,2
793,20260509,2
794,20260509,2
795,20260509,2
796,20260509,2
797,20260509,2
798,20260509,2
799,20260509,2
800,20260509,2
801,20260509,2
802,20260509,2
803,20260509,2
804,20260623,4
805,20260623,4
806,20260623,4
807,20260623,4
808,20260623,4
809,20260623,4
810,20260623,4
811,20260623,4
812,20260623,4
813,20260623,4
814,20260623,4
815,20260623,4
816,20260601,4
817,20260601,4
818,20260601,4
819,20260601,4
820,20260601,4
821,20260601,4
822,20260601,4
823,20260601,4
824,20260601,4
825,20260601,4
826,20260601,4
827,20260601,4
828,20260614,4
829,20260614,4
830,20260614,4
831,20260614,4
832,20260614,4
833,20260614,4
834,20260614,4
835,20260614,4
836,20260614,4
837,20260614,4
838,20260614,4
839,20260614,4
840,20260622,4
841,20260622,4
842,20260622,4
843,20260622,4
844,20260622,4
845,20260622,4
846,20260622,4
847,20260622,4
848,20260622,4
849,20260622,4
850,20260622,4
851,20260622,4
852,20260517,1
853,20260517,1
854,20260517,1
855,20260517,1
856,20260517,1
857,20260517,1
858,20260517,1
859,20260517,1
860,20260517,1
861,20260517,1
862,20260517,1
863,20260517,1
864,20260526,5
865,20260526,5
866,20260526,5
867,20260526,5
868,20260526,5
869,20260526,5
870,20260526,5
871,20260526,5
872,20260526,5
873,20260526,5
874,20260526,5
875,20260526,5
876,20260528,1
877,20260528,1
878,20260528,1
879,20260528,1
880,20260528,1
881,20260528,1
882,20260528,1
883,20260528,1
884,20260528,1
885,20260528,1
886,20260528,1
887,20260528,1
888,20260605,3
889,20260605,3
890,20260605,3
891,20260605,3
892,20260605,3
893,20260605,3
894,20260605,3
895,20260605,3
896,20260605,3
897,20260605,3
898,20260605,3
899,20260605,3
900,20260915,3
901,20260915,3
902,20260915,3
903,20260915,3
904,20260915,3
905,20260915,3
906,20260915,3
907,20260915,3
908,20260915,3
909,20260915,3
910,20260915,3
911,20260915,3
912,20260916,4
913,20260916,4
914,20260916,4
915,20260916,4
916,20260916,4
917,20260916,4
918,20260916,4
919,20260916,4
920,20260916,4
921,20260916,4
922,20260916,4
923,20260916,4
924,20260917,4
925,20260917,4
926,20260917,4
927,20260917,4
928,20260917,4
929,20260917,4
930,20260917,4
931,20260917,4
932,20260917,4
933,20260917,4
934,20260917,4
935,20260917,4
936,20260918,5
937,20260918,5
938,20260918,5
939,20260918,5
940,20260918,5
941,20260918,5
942,20260918,5
943,20260918,5
944,20260918,5
945,20260918,5
946,20260918,5
947,20260918,5
948,20260919,1
949,20260919,1
950,20260919,1
951,20260919,1
952,20260919,1
953,20260919,1
954,20260919,1
955,20260919,1
956,20260919,1
957,20260919,1
958,20260919,1
959,20260919,1
960,20260920,2
961,20260920,2
962,20260920,2
963,20260920,2
964,20260920,2
965,20260920,2
966,20260920,2
967,20260920,2
968,20260920,2
969,20260920,2
970,20260920,2
971,20260920,2
972,20260921,3
973,20260921,3
974,20260921,3
975,20260921,3
976,20260921,3
977,20260921,3
978,20260921,3
979,20260921,3
980,20260921,3
981,20260921,3
982,20260921,3
983,20260921,3
984,20260922,4
985,20260922,4
986,20260922,4
987,20260922,4
988,20260922,4
989,20260922,4
990,20260922,4
991,20260922,4
992,20260922,4
993,20260922,4
994,20260922,4
995,20260922,4
996,20260923,1
997,20260923,1
998,20260923,1
999,20260923,1
1000,20260923,1
1001,20260923,1
1002,20260923,1
1003,20260923,1
1004,20260923,1
1005,20260923,1
1006,20260923,1
1007,20260923,1
1008,20260924,3
1009,20260924,3
1010,20260924,3
1011,20260924,3
1012,20260924,3
1013,20260924,3
1014,20260924,3
1015,20260924,3
1016,20260924,3
1017,20260924,3
1018,20260924,3
1019,20260924,3
1020,20260925,5
1021,20260925,5
1022,20260925,5
1023,20260925,5
1024,20260925,5
1025,20260925,5
1026,20260925,5
1027,20260925,5
1028,20260925,5
1029,20260925,5
1030,20260925,5
1031,20260925,5
1032,20260926,1
1033,20260926,1
1034,20260926,1
1035,20260926,1
1036,20260926,1
1037,20260926,1
1038,20260926,1
1039,20260926,1
1040,20260926,1
1041,20260926,1
1042,20260926,1
1043,20260926,1
1044,20260927,1
1045,20260927,1
1046,20260927,1
1047,20260927,1
1048,20260927,1
1049,20260927,1
1050,20260927,1
1051,20260927,1
1052,20260927,1
1053,20260927,1
1054,20260927,1
1055,20260927,1
1056,20260928,2
1057,20260928,2
1058,20260928,2
1059,20260928,2
1060,20260928,2
1061,20260928,2
1062,20260928,2
1063,20260928,2
1064,20260928,2
1065,20260928,2
1066,20260928,2
1067,20260928,2
1068,20260929,5
1069,20260929,5
1070,20260929,5
1071,20260929,5
1072,20260929,5
1073,20260929,5
1074,20260929,5
1075,20260929,5
1076,20260929,5
1077,20260929,5
1078,20260929,5
1079,20260929,5
1080,20260930,1
1081,20260930,1
1082,20260930,1
1083,20260930,1
1084,20260930,1
1085,20260930,1
1086,20260930,1
1087,20260930,1
1088,20260930,1
1089,20260930,1
1090,20260930,1
1091,20260930,1
