date,url,file_name,file_path,file_size_bytes,status,download_time_sec,error_message
20260628,https://pradan1.issdc.gov.in/al1/protected/downloadData/hel1os/level1/2026/06/28/N00_0000/HLS_20260628_000009_43177sec_lev1_V111.zip?hel1os,HLS_20260628_000009_43177sec_lev1_V111.zip,data/hel1os/raw/20260628/N00_0000/HLS_20260628_000009_43177sec_lev1_V111.zip,47576385,SKIPPED,0.0,
20260627,https://pradan1.issdc.gov.in/al1/protected/downloadData/hel1os/level1/2026/06/27/N00_0000/HLS_20260627_120007_43185sec_lev1_V111.zip?hel1os,HLS_20260627_120007_43185sec_lev1_V111.zip,data/hel1os/raw/20260627/N00_0000/HLS_20260627_120007_43185sec_lev1_V111.zip,48080044,SUCCESS,30.53,
20260627,https://pradan1.issdc.gov.in/al1/protected/downloadData/hel1os/level1/2026/06/27/N00_0000/HLS_20260627_000007_43182sec_lev1_V111.zip?hel1os,HLS_20260627_000007_43182sec_lev1_V111.zip,data/hel1os/raw/20260627/N00_0000/HLS_20260627_000007_43182sec_lev1_V111.zip,47452055,SUCCESS,26.71,
20260626,https://pradan1.issdc.gov.in/al1/protected/downloadData/hel1os/level1/2026/06/26/N00_0000/HLS_20260626_120003_43188sec_lev1_V111.zip?hel1os,HLS_20260626_120003_43188sec_lev1_V111.zip,data/hel1os/raw/20260626/N00_0000/HLS_20260626_120003_43188sec_lev1_V111.zip,47462352,SUCCESS,25.14,
20260626,https://pradan1.issdc.gov.in/al1/protected/downloadData/hel1os/level1/2026/06/26/N00_0000/HLS_20260626_000008_43180sec_lev1_V111.zip?hel1os,HLS_20260626_000008_43180sec_lev1_V111.zip,data/hel1os/raw/20260626/N00_0000/HLS_20260626_000008_43180sec_lev1_V111.zip,46961038,SUCCESS,27.6,
20260625,https://pradan1.issdc.gov.in/al1/protected/downloadData/hel1os/level1/2026/06/25/N00_0000/HLS_20260625_000011_43179sec_lev1_V111.zip?hel1os,HLS_20260625_000011_43179sec_lev1_V111.zip,data/hel1os/raw/20260625/N00_0000/HLS_20260625_000011_43179sec_lev1_V111.zip,47605836,SUCCESS,25.5,
20260624,https://pradan1.issdc.gov.in/al1/protected/downloadData/hel1os/level1/2026/06/24/N00_0000/HLS_20260624_120001_43196sec_lev1_V111.zip?hel1os,HLS_20260624_120001_43196sec_lev1_V111.zip,data/hel1os/raw/20260624/N00_0000/HLS_20260624_120001_43196sec_lev1_V111.zip,47690107,SUCCESS,25.22,
20260624,https://pradan1.issdc.gov.in/al1/protected/downloadData/hel1os/level1/2026/06/24/N00_0000/HLS_20260624_000009_43175sec_lev1_V111.zip?hel1os,HLS_20260624_000009_43175sec_lev1_V111.zip,data/hel1os/raw/20260624/N00_0000/HLS_20260624_000009_43175sec_lev1_V111.zip,48009186,SUCCESS,26.96,
20260623,https://pradan1.issdc.gov.in/al1/protected/downloadData/hel1os/level1/2026/06/23/N00_0000/HLS_20260623_121027_42566sec_lev1_V111.zip?hel1os,HLS_20260623_121027_42566sec_lev1_V111.zip,data/hel1os/raw/20260623/N00_0000/HLS_20260623_121027_42566sec_lev1_V111.zip,48570372,SUCCESS,26.84,
20260623,https://pradan1.issdc.gov.in/al1/protected/downloadData/hel1os/level1/2026/06/23/N00_0000/HLS_20260623_000007_43181sec_lev1_V111.zip?hel1os,HLS_20260623_000007_43181sec_lev1_V111.zip,data/hel1os/raw/20260623/N00_0000/HLS_20260623_000007_43181sec_lev1_V111.zip,47345292,SUCCESS,24.87,
20240629,https://pradan1.issdc.gov.in/al1/protected/downloadData/hel1os/level1/2024/06/29/N00_0000/HLS_20240629_161229_28046sec_lev1_V111.zip?hel1os,HLS_20240629_161229_28046sec_lev1_V111.zip,data/hel1os/raw/20240629/N00_0000/HLS_20240629_161229_28046sec_lev1_V111.zip,28904373,SUCCESS,14.82,
20240629,https://pradan1.issdc.gov.in/al1/protected/downloadData/hel1os/level1/2024/06/29/N00_0000/HLS_20240629_114950_15744sec_lev1_V111.zip?hel1os,HLS_20240629_114950_15744sec_lev1_V111.zip,data/hel1os/raw/20240629/N00_0000/HLS_20240629_114950_15744sec_lev1_V111.zip,15743604,SUCCESS,9.08,
20240629,https://pradan1.issdc.gov.in/al1/protected/downloadData/hel1os/level1/2024/06/29/N00_0000/HLS_20240629_012527_38061sec_lev1_V111.zip?hel1os,HLS_20240629_012527_38061sec_lev1_V111.zip,data/hel1os/raw/20240629/N00_0000/HLS_20240629_012527_38061sec_lev1_V111.zip,38439993,SUCCESS,13.77,
20240629,https://pradan1.issdc.gov.in/al1/protected/downloadData/hel1os/level1/2024/06/29/N00_0000/HLS_20240629_000010_5102sec_lev1_V111.zip?hel1os,HLS_20240629_000010_5102sec_lev1_V111.zip,data/hel1os/raw/20240629/N00_0000/HLS_20240629_000010_5102sec_lev1_V111.zip,5250587,SUCCESS,1.54,
20240629,https://pradan1.issdc.gov.in/al1/protected/downloadData/hel1os/level1/2024/06/29/N00_0000/HLS_20240629_114950_43805sec_lev1_V111.zip?hel1os,HLS_20240629_114950_43805sec_lev1_V111.zip,data/hel1os/raw/20240629/N00_0000/HLS_20240629_114950_43805sec_lev1_V111.zip,44578816,SUCCESS,12.5,
20240629,https://pradan1.issdc.gov.in/al1/protected/downloadData/hel1os/level1/2024/06/29/N00_0000/HLS_20240629_000010_43178sec_lev1_V111.zip?hel1os,HLS_20240629_000010_43178sec_lev1_V111.zip,data/hel1os/raw/20240629/N00_0000/HLS_20240629_000010_43178sec_lev1_V111.zip,43554089,SUCCESS,12.65,
20240628,https://pradan1.issdc.gov.in/al1/protected/downloadData/hel1os/level1/2024/06/28/N00_0000/HLS_20240628_161235_28040sec_lev1_V111.zip?hel1os,HLS_20240628_161235_28040sec_lev1_V111.zip,data/hel1os/raw/20240628/N00_0000/HLS_20240628_161235_28040sec_lev1_V111.zip,28316769,SUCCESS,8.01,
20240628,https://pradan1.issdc.gov.in/al1/protected/downloadData/hel1os/level1/2024/06/28/N00_0000/HLS_20240628_120004_15137sec_lev1_V111.zip?hel1os,HLS_20240628_120004_15137sec_lev1_V111.zip,data/hel1os/raw/20240628/N00_0000/HLS_20240628_120004_15137sec_lev1_V111.zip,15420659,SUCCESS,4.38,
20240628,https://pradan1.issdc.gov.in/al1/protected/downloadData/hel1os/level1/2024/06/28/N00_0000/HLS_20240628_012537_38051sec_lev1_V111.zip?hel1os,HLS_20240628_012537_38051sec_lev1_V111.zip,data/hel1os/raw/20240628/N00_0000/HLS_20240628_012537_38051sec_lev1_V111.zip,39065233,SUCCESS,10.87,
20240628,https://pradan1.issdc.gov.in/al1/protected/downloadData/hel1os/level1/2024/06/28/N00_0000/HLS_20240628_000007_5113sec_lev1_V111.zip?hel1os,HLS_20240628_000007_5113sec_lev1_V111.zip,data/hel1os/raw/20240628/N00_0000/HLS_20240628_000007_5113sec_lev1_V111.zip,5274261,SUCCESS,1.48,
20240627,https://pradan1.issdc.gov.in/al1/protected/downloadData/hel1os/level1/2024/06/27/N00_0000/HLS_20240627_161258_28012sec_lev1_V111.zip?hel1os,HLS_20240627_161258_28012sec_lev1_V111.zip,data/hel1os/raw/20240627/N00_0000/HLS_20240627_161258_28012sec_lev1_V111.zip,28813619,SUCCESS,8.14,
20240627,https://pradan1.issdc.gov.in/al1/protected/downloadData/hel1os/level1/2024/06/27/N00_0000/HLS_20240627_115952_15173sec_lev1_V111.zip?hel1os,HLS_20240627_115952_15173sec_lev1_V111.zip,data/hel1os/raw/20240627/N00_0000/HLS_20240627_115952_15173sec_lev1_V111.zip,15557467,SUCCESS,4.63,
20240626,https://pradan1.issdc.gov.in/al1/protected/downloadData/hel1os/level1/2024/06/27/N00_0000/HLS_20240626_235954_5147sec_lev1_V211.zip?hel1os,HLS_20240626_235954_5147sec_lev1_V211.zip,data/hel1os/raw/20240626/N00_0000/HLS_20240626_235954_5147sec_lev1_V211.zip,5347473,SUCCESS,1.67,
20240628,https://pradan1.issdc.gov.in/al1/protected/downloadData/hel1os/level1/2024/06/28/N00_0000/HLS_20240628_120004_43191sec_lev1_V111.zip?hel1os,HLS_20240628_120004_43191sec_lev1_V111.zip,data/hel1os/raw/20240628/N00_0000/HLS_20240628_120004_43191sec_lev1_V111.zip,43669701,SUCCESS,12.22,
20240627,https://pradan1.issdc.gov.in/al1/protected/downloadData/hel1os/level1/2024/06/27/N00_0000/HLS_20240627_115952_43198sec_lev1_V111.zip?hel1os,HLS_20240627_115952_43198sec_lev1_V111.zip,data/hel1os/raw/20240627/N00_0000/HLS_20240627_115952_43198sec_lev1_V111.zip,44301734,SUCCESS,12.57,
20240627,https://pradan1.issdc.gov.in/al1/protected/downloadData/hel1os/level1/2024/06/27/N00_0000/HLS_20240627_012556_38034sec_lev1_V111.zip?hel1os,HLS_20240627_012556_38034sec_lev1_V111.zip,data/hel1os/raw/20240627/N00_0000/HLS_20240627_012556_38034sec_lev1_V111.zip,38723496,SUCCESS,10.82,
20240626,https://pradan1.issdc.gov.in/al1/protected/downloadData/hel1os/level1/2024/06/26/N00_0000/HLS_20240626_112959_44995sec_lev1_V211.zip?hel1os,HLS_20240626_112959_44995sec_lev1_V211.zip,data/hel1os/raw/20240626/N00_0000/HLS_20240626_112959_44995sec_lev1_V211.zip,44593061,SUCCESS,12.82,
20240625,https://pradan1.issdc.gov.in/al1/protected/downloadData/hel1os/level1/2024/06/25/N00_0000/HLS_20240625_161249_28020sec_lev1_V111.zip?hel1os,HLS_20240625_161249_28020sec_lev1_V111.zip,data/hel1os/raw/20240625/N00_0000/HLS_20240625_161249_28020sec_lev1_V111.zip,29152108,SUCCESS,8.34,
20240625,https://pradan1.issdc.gov.in/al1/protected/downloadData/hel1os/level1/2024/06/25/N00_0000/HLS_20240625_012549_38041sec_lev1_V111.zip?hel1os,HLS_20240625_012549_38041sec_lev1_V111.zip,data/hel1os/raw/20240625/N00_0000/HLS_20240625_012549_38041sec_lev1_V111.zip,39328069,SUCCESS,11.36,
20240624,https://pradan1.issdc.gov.in/al1/protected/downloadData/hel1os/level1/2024/06/24/N00_0000/HLS_20240624_161205_28063sec_lev1_V111.zip?hel1os,HLS_20240624_161205_28063sec_lev1_V111.zip,data/hel1os/raw/20240624/N00_0000/HLS_20240624_161205_28063sec_lev1_V111.zip,29644432,SUCCESS,8.26,
20240624,https://pradan1.issdc.gov.in/al1/protected/downloadData/hel1os/level1/2024/06/24/N00_0000/HLS_20240624_115954_15118sec_lev1_V111.zip?hel1os,HLS_20240624_115954_15118sec_lev1_V111.zip,data/hel1os/raw/20240624/N00_0000/HLS_20240624_115954_15118sec_lev1_V111.zip,16187256,SUCCESS,4.86,
20240624,https://pradan1.issdc.gov.in/al1/protected/downloadData/hel1os/level1/2024/06/24/N00_0000/HLS_20240624_012528_38058sec_lev1_V111.zip?hel1os,HLS_20240624_012528_38058sec_lev1_V111.zip,data/hel1os/raw/20240624/N00_0000/HLS_20240624_012528_38058sec_lev1_V111.zip,42735313,SUCCESS,11.9,
20240624,https://pradan1.issdc.gov.in/al1/protected/downloadData/hel1os/level1/2024/06/24/N00_0000/HLS_20240624_000006_5107sec_lev1_V111.zip?hel1os,HLS_20240624_000006_5107sec_lev1_V111.zip,data/hel1os/raw/20240624/N00_0000/HLS_20240624_000006_5107sec_lev1_V111.zip,5536328,SUCCESS,1.57,
20240626,https://pradan1.issdc.gov.in/al1/protected/downloadData/hel1os/level1/2024/06/27/N00_0000/HLS_20240626_235954_43196sec_lev1_V111.zip?hel1os,HLS_20240626_235954_43196sec_lev1_V111.zip,data/hel1os/raw/20240626/N00_0000/HLS_20240626_235954_43196sec_lev1_V111.zip,44013151,SUCCESS,12.59,
20240626,https://pradan1.issdc.gov.in/al1/protected/downloadData/hel1os/level1/2024/06/26/N00_0000/HLS_20240626_000006_43180sec_lev1_V111.zip?hel1os,HLS_20240626_000006_43180sec_lev1_V111.zip,data/hel1os/raw/20240626/N00_0000/HLS_20240626_000006_43180sec_lev1_V111.zip,44453464,SUCCESS,12.47,
20240625,https://pradan1.issdc.gov.in/al1/protected/downloadData/hel1os/level1/2024/06/25/N00_0000/HLS_20240625_120005_43184sec_lev1_V111.zip?hel1os,HLS_20240625_120005_43184sec_lev1_V111.zip,data/hel1os/raw/20240625/N00_0000/HLS_20240625_120005_43184sec_lev1_V111.zip,45150822,SUCCESS,14.65,
20240624,https://pradan1.issdc.gov.in/al1/protected/downloadData/hel1os/level1/2024/06/24/N00_0000/HLS_20240624_115954_43194sec_lev1_V111.zip?hel1os,HLS_20240624_115954_43194sec_lev1_V111.zip,data/hel1os/raw/20240624/N00_0000/HLS_20240624_115954_43194sec_lev1_V111.zip,45593880,SUCCESS,14.29,
20240625,https://pradan1.issdc.gov.in/al1/protected/downloadData/hel1os/level1/2024/06/25/N00_0000/HLS_20240625_120005_4892sec_lev1_V111.zip?hel1os,HLS_20240625_120005_4892sec_lev1_V111.zip,data/hel1os/raw/20240625/N00_0000/HLS_20240625_120005_4892sec_lev1_V111.zip,5413890,SUCCESS,1.61,
20240624,https://pradan1.issdc.gov.in/al1/protected/downloadData/hel1os/level1/2024/06/25/N00_0000/HLS_20240624_235950_43200sec_lev1_V111.zip?hel1os,HLS_20240624_235950_43200sec_lev1_V111.zip,data/hel1os/raw/20240624/N00_0000/HLS_20240624_235950_43200sec_lev1_V111.zip,44673444,SUCCESS,12.52,
20240623,https://pradan1.issdc.gov.in/al1/protected/downloadData/hel1os/level1/2024/06/23/N00_0000/HLS_20240623_154653_29581sec_lev1_V211.zip?hel1os,HLS_20240623_154653_29581sec_lev1_V211.zip,data/hel1os/raw/20240623/N00_0000/HLS_20240623_154653_29581sec_lev1_V211.zip,31026825,SUCCESS,8.9,
20240623,https://pradan1.issdc.gov.in/al1/protected/downloadData/hel1os/level1/2024/06/23/N00_0000/HLS_20240623_120004_13591sec_lev1_V211.zip?hel1os,HLS_20240623_120004_13591sec_lev1_V211.zip,data/hel1os/raw/20240623/N00_0000/HLS_20240623_120004_13591sec_lev1_V211.zip,22756469,SUCCESS,6.61,
20240623,https://pradan1.issdc.gov.in/al1/protected/downloadData/hel1os/level1/2024/06/23/N00_0000/HLS_20240623_012315_38194sec_lev1_V211.zip?hel1os,HLS_20240623_012315_38194sec_lev1_V211.zip,data/hel1os/raw/20240623/N00_0000/HLS_20240623_012315_38194sec_lev1_V211.zip,42082243,SUCCESS,12.35,
20240623,https://pradan1.issdc.gov.in/al1/protected/downloadData/hel1os/level1/2024/06/23/N00_0000/HLS_20240623_000011_4968sec_lev1_V211.zip?hel1os,HLS_20240623_000011_4968sec_lev1_V211.zip,data/hel1os/raw/20240623/N00_0000/HLS_20240623_000011_4968sec_lev1_V211.zip,5385335,SUCCESS,1.67,
20240622,https://pradan1.issdc.gov.in/al1/protected/downloadData/hel1os/level1/2024/06/22/N00_0000/HLS_20240622_154859_29451sec_lev1_V211.zip?hel1os,HLS_20240622_154859_29451sec_lev1_V211.zip,data/hel1os/raw/20240622/N00_0000/HLS_20240622_154859_29451sec_lev1_V211.zip,32055121,SUCCESS,9.42,
20240622,https://pradan1.issdc.gov.in/al1/protected/downloadData/hel1os/level1/2024/06/22/N00_0000/HLS_20240622_120000_13723sec_lev1_V211.zip?hel1os,HLS_20240622_120000_13723sec_lev1_V211.zip,data/hel1os/raw/20240622/N00_0000/HLS_20240622_120000_13723sec_lev1_V211.zip,14444182,SUCCESS,4.13,
20240622,https://pradan1.issdc.gov.in/al1/protected/downloadData/hel1os/level1/2024/06/22/N00_0000/HLS_20240622_012327_38178sec_lev1_V211.zip?hel1os,HLS_20240622_012327_38178sec_lev1_V211.zip,data/hel1os/raw/20240622/N00_0000/HLS_20240622_012327_38178sec_lev1_V211.zip,42527970,SUCCESS,12.33,
20240622,https://pradan1.issdc.gov.in/al1/protected/downloadData/hel1os/level1/2024/06/22/N00_0000/HLS_20240622_000010_4991sec_lev1_V211.zip?hel1os,HLS_20240622_000010_4991sec_lev1_V211.zip,data/hel1os/raw/20240622/N00_0000/HLS_20240622_000010_4991sec_lev1_V211.zip,5379065,SUCCESS,1.56,
20240621,https://pradan1.issdc.gov.in/al1/protected/downloadData/hel1os/level1/2024/06/21/N00_0000/HLS_20240621_162817_27096sec_lev1_V211.zip?hel1os,HLS_20240621_162817_27096sec_lev1_V211.zip,data/hel1os/raw/20240621/N00_0000/HLS_20240621_162817_27096sec_lev1_V211.zip,28422932,SUCCESS,8.09,
20240621,https://pradan1.issdc.gov.in/al1/protected/downloadData/hel1os/level1/2024/06/21/N00_0000/HLS_20240621_120001_16082sec_lev1_V211.zip?hel1os,HLS_20240621_120001_16082sec_lev1_V211.zip,data/hel1os/raw/20240621/N00_0000/HLS_20240621_120001_16082sec_lev1_V211.zip,17113991,SUCCESS,5.09,
20240621,https://pradan1.issdc.gov.in/al1/protected/downloadData/hel1os/level1/2024/06/21/N00_0000/HLS_20240621_012324_38179sec_lev1_V211.zip?hel1os,HLS_20240621_012324_38179sec_lev1_V211.zip,data/hel1os/raw/20240621/N00_0000/HLS_20240621_012324_38179sec_lev1_V211.zip,39693075,SUCCESS,11.63,
20240621,https://pradan1.issdc.gov.in/al1/protected/downloadData/hel1os/level1/2024/06/21/N00_0000/HLS_20240621_000009_4982sec_lev1_V211.zip?hel1os,HLS_20240621_000009_4982sec_lev1_V211.zip,data/hel1os/raw/20240621/N00_0000/HLS_20240621_000009_4982sec_lev1_V211.zip,5221569,SUCCESS,1.93,
20240620,https://pradan1.issdc.gov.in/al1/protected/downloadData/hel1os/level1/2024/06/20/N00_0000/HLS_20240620_122329_41786sec_lev1_V111.zip?hel1os,HLS_20240620_122329_41786sec_lev1_V111.zip,data/hel1os/raw/20240620/N00_0000/HLS_20240620_122329_41786sec_lev1_V111.zip,38162550,SUCCESS,11.24,
20240621,https://pradan1.issdc.gov.in/al1/protected/downloadData/hel1os/level1/2024/06/21/N00_0000/HLS_20240621_115948_43206sec_lev1_V111.zip?hel1os,HLS_20240621_115948_43206sec_lev1_V111.zip,data/hel1os/raw/20240621/N00_0000/HLS_20240621_115948_43206sec_lev1_V111.zip,45470498,SUCCESS,13.12,
20240621,https://pradan1.issdc.gov.in/al1/protected/downloadData/hel1os/level1/2024/06/21/N00_0000/HLS_20240621_000009_43175sec_lev1_V111.zip?hel1os,HLS_20240621_000009_43175sec_lev1_V111.zip,data/hel1os/raw/20240621/N00_0000/HLS_20240621_000009_43175sec_lev1_V111.zip,44854575,SUCCESS,13.16,
20240624,https://pradan1.issdc.gov.in/al1/protected/downloadData/hel1os/level1/2024/06/24/N00_0000/HLS_20240624_000136_43090sec_lev1_V111.zip?hel1os,HLS_20240624_000136_43090sec_lev1_V111.zip,data/hel1os/raw/20240624/N00_0000/HLS_20240624_000136_43090sec_lev1_V111.zip,47776056,SUCCESS,14.01,
20240623,https://pradan1.issdc.gov.in/al1/protected/downloadData/hel1os/level1/2024/06/23/N00_0000/HLS_20240623_120004_43190sec_lev1_V211.zip?hel1os,HLS_20240623_120004_43190sec_lev1_V211.zip,data/hel1os/raw/20240623/N00_0000/HLS_20240623_120004_43190sec_lev1_V211.zip,53723231,SUCCESS,15.42,
20240620,https://pradan1.issdc.gov.in/al1/protected/downloadData/hel1os/level1/2024/06/20/N00_0000/HLS_20240620_000006_43188sec_lev1_V111.zip?hel1os,HLS_20240620_000006_43188sec_lev1_V111.zip,data/hel1os/raw/20240620/N00_0000/HLS_20240620_000006_43188sec_lev1_V111.zip,43386333,SUCCESS,12.35,
20240619,https://pradan1.issdc.gov.in/al1/protected/downloadData/hel1os/level1/2024/06/19/UNP_9999/HLS_20240619_154924_29424sec_lev1_V111.zip?hel1os,HLS_20240619_154924_29424sec_lev1_V111.zip,data/hel1os/raw/20240619/HLS_20240619_154924_29424sec_lev1_V111.zip,30825870,SUCCESS,8.88,
20240619,https://pradan1.issdc.gov.in/al1/protected/downloadData/hel1os/level1/2024/06/19/UNP_9999/HLS_20240619_120002_13749sec_lev1_V111.zip?hel1os,HLS_20240619_120002_13749sec_lev1_V111.zip,data/hel1os/raw/20240619/HLS_20240619_120002_13749sec_lev1_V111.zip,14177831,SUCCESS,4.31,
20240619,https://pradan1.issdc.gov.in/al1/protected/downloadData/hel1os/level1/2024/06/19/UNP_9999/HLS_20240619_012330_38177sec_lev1_V111.zip?hel1os,HLS_20240619_012330_38177sec_lev1_V111.zip,data/hel1os/raw/20240619/HLS_20240619_012330_38177sec_lev1_V111.zip,39445294,SUCCESS,11.52,
20240619,https://pradan1.issdc.gov.in/al1/protected/downloadData/hel1os/level1/2024/06/19/UNP_9999/HLS_20240619_000009_4988sec_lev1_V111.zip?hel1os,HLS_20240619_000009_4988sec_lev1_V111.zip,data/hel1os/raw/20240619/HLS_20240619_000009_4988sec_lev1_V111.zip,5183398,SUCCESS,1.77,
20240618,https://pradan1.issdc.gov.in/al1/protected/downloadData/hel1os/level1/2024/06/18/N00_0000/HLS_20240618_152916_30637sec_lev1_V111.zip?hel1os,HLS_20240618_152916_30637sec_lev1_V111.zip,data/hel1os/raw/20240618/N00_0000/HLS_20240618_152916_30637sec_lev1_V111.zip,30671423,SUCCESS,8.86,
20240618,https://pradan1.issdc.gov.in/al1/protected/downloadData/hel1os/level1/2024/06/18/N00_0000/HLS_20240618_115947_13733sec_lev1_V311.zip?hel1os,HLS_20240618_115947_13733sec_lev1_V311.zip,data/hel1os/raw/20240618/N00_0000/HLS_20240618_115947_13733sec_lev1_V311.zip,14560007,SUCCESS,4.27,
20240618,https://pradan1.issdc.gov.in/al1/protected/downloadData/hel1os/level1/2024/06/18/N00_0000/HLS_20240618_012323_38183sec_lev1_V111.zip?hel1os,HLS_20240618_012323_38183sec_lev1_V111.zip,data/hel1os/raw/20240618/N00_0000/HLS_20240618_012323_38183sec_lev1_V111.zip,41110162,SUCCESS,11.42,
20240618,https://pradan1.issdc.gov.in/al1/protected/downloadData/hel1os/level1/2024/06/18/N00_0000/HLS_20240618_000010_4977sec_lev1_V211.zip?hel1os,HLS_20240618_000010_4977sec_lev1_V211.zip,data/hel1os/raw/20240618/N00_0000/HLS_20240618_000010_4977sec_lev1_V211.zip,5104332,SUCCESS,1.62,
20240617,https://pradan1.issdc.gov.in/al1/protected/downloadData/hel1os/level1/2024/06/17/N00_0000/HLS_20240617_154930_29425sec_lev1_V111.zip?hel1os,HLS_20240617_154930_29425sec_lev1_V111.zip,data/hel1os/raw/20240617/N00_0000/HLS_20240617_154930_29425sec_lev1_V111.zip,30389607,SUCCESS,8.5,
20240618,https://pradan1.issdc.gov.in/al1/protected/downloadData/hel1os/level1/2024/06/18/N00_0000/HLS_20240618_115947_43206sec_lev1_V111.zip?hel1os,HLS_20240618_115947_43206sec_lev1_V111.zip,data/hel1os/raw/20240618/N00_0000/HLS_20240618_115947_43206sec_lev1_V111.zip,44948158,SUCCESS,12.78,
20240618,https://pradan1.issdc.gov.in/al1/protected/downloadData/hel1os/level1/2024/06/18/N00_0000/HLS_20240618_000010_43176sec_lev1_V111.zip?hel1os,HLS_20240618_000010_43176sec_lev1_V111.zip,data/hel1os/raw/20240618/N00_0000/HLS_20240618_000010_43176sec_lev1_V111.zip,46157322,SUCCESS,13.43,
20240617,https://pradan1.issdc.gov.in/al1/protected/downloadData/hel1os/level1/2024/06/17/N00_0000/HLS_20240617_121027_13127sec_lev1_V111.zip?hel1os,HLS_20240617_121027_13127sec_lev1_V111.zip,data/hel1os/raw/20240617/N00_0000/HLS_20240617_121027_13127sec_lev1_V111.zip,13929404,SUCCESS,3.96,
20240617,https://pradan1.issdc.gov.in/al1/protected/downloadData/hel1os/level1/2024/06/17/N00_0000/HLS_20240617_012352_38156sec_lev1_V111.zip?hel1os,HLS_20240617_012352_38156sec_lev1_V111.zip,data/hel1os/raw/20240617/N00_0000/HLS_20240617_012352_38156sec_lev1_V111.zip,40755550,SUCCESS,11.76,
20240617,https://pradan1.issdc.gov.in/al1/protected/downloadData/hel1os/level1/2024/06/17/N00_0000/HLS_20240617_000013_5002sec_lev1_V111.zip?hel1os,HLS_20240617_000013_5002sec_lev1_V111.zip,data/hel1os/raw/20240617/N00_0000/HLS_20240617_000013_5002sec_lev1_V111.zip,5536697,SUCCESS,1.67,
20240616,https://pradan1.issdc.gov.in/al1/protected/downloadData/hel1os/level1/2024/06/16/N00_0000/HLS_20240616_152018_31171sec_lev1_V111.zip?hel1os,HLS_20240616_152018_31171sec_lev1_V111.zip,data/hel1os/raw/20240616/N00_0000/HLS_20240616_152018_31171sec_lev1_V111.zip,31054726,SUCCESS,9.06,
20240616,https://pradan1.issdc.gov.in/al1/protected/downloadData/hel1os/level1/2024/06/16/N00_0000/HLS_20240616_121027_13127sec_lev1_V111.zip?hel1os,HLS_20240616_121027_13127sec_lev1_V111.zip,data/hel1os/raw/20240616/N00_0000/HLS_20240616_121027_13127sec_lev1_V111.zip,14553136,SUCCESS,4.18,
20240616,https://pradan1.issdc.gov.in/al1/protected/downloadData/hel1os/level1/2024/06/16/N00_0000/HLS_20240616_012341_38164sec_lev1_V111.zip?hel1os,HLS_20240616_012341_38164sec_lev1_V111.zip,data/hel1os/raw/20240616/N00_0000/HLS_20240616_012341_38164sec_lev1_V111.zip,40065568,SUCCESS,11.19,
20240616,https://pradan1.issdc.gov.in/al1/protected/downloadData/hel1os/level1/2024/06/16/N00_0000/HLS_20240616_000009_4997sec_lev1_V111.zip?hel1os,HLS_20240616_000009_4997sec_lev1_V111.zip,data/hel1os/raw/20240616/N00_0000/HLS_20240616_000009_4997sec_lev1_V111.zip,5277352,SUCCESS,1.55,
20240617,https://pradan1.issdc.gov.in/al1/protected/downloadData/hel1os/level1/2024/06/17/N00_0000/HLS_20240617_121027_42567sec_lev1_V111.zip?hel1os,HLS_20240617_121027_42567sec_lev1_V111.zip,data/hel1os/raw/20240617/N00_0000/HLS_20240617_121027_42567sec_lev1_V111.zip,44258142,SUCCESS,12.63,
20240617,https://pradan1.issdc.gov.in/al1/protected/downloadData/hel1os/level1/2024/06/17/N00_0000/HLS_20240617_000109_43119sec_lev1_V111.zip?hel1os,HLS_20240617_000109_43119sec_lev1_V111.zip,data/hel1os/raw/20240617/N00_0000/HLS_20240617_000109_43119sec_lev1_V111.zip,46159756,SUCCESS,13.34,
20240615,https://pradan1.issdc.gov.in/al1/protected/downloadData/hel1os/level1/2024/06/15/N00_0000/HLS_20240615_154914_29442sec_lev1_V111.zip?hel1os,HLS_20240615_154914_29442sec_lev1_V111.zip,data/hel1os/raw/20240615/N00_0000/HLS_20240615_154914_29442sec_lev1_V111.zip,31531559,SUCCESS,9.34,
20240615,https://pradan1.issdc.gov.in/al1/protected/downloadData/hel1os/level1/2024/06/15/N00_0000/HLS_20240615_121901_12600sec_lev1_V111.zip?hel1os,HLS_20240615_121901_12600sec_lev1_V111.zip,data/hel1os/raw/20240615/N00_0000/HLS_20240615_121901_12600sec_lev1_V111.zip,14709395,SUCCESS,4.26,
20240615,https://pradan1.issdc.gov.in/al1/protected/downloadData/hel1os/level1/2024/06/15/N00_0000/HLS_20240615_012344_38167sec_lev1_V111.zip?hel1os,HLS_20240615_012344_38167sec_lev1_V111.zip,data/hel1os/raw/20240615/N00_0000/HLS_20240615_012344_38167sec_lev1_V111.zip,42459971,SUCCESS,12.37,
20240615,https://pradan1.issdc.gov.in/al1/protected/downloadData/hel1os/level1/2024/06/15/N00_0000/HLS_20240615_000010_4999sec_lev1_V111.zip?hel1os,HLS_20240615_000010_4999sec_lev1_V111.zip,data/hel1os/raw/20240615/N00_0000/HLS_20240615_000010_4999sec_lev1_V111.zip,5535338,SUCCESS,1.62,
20240616,https://pradan1.issdc.gov.in/al1/protected/downloadData/hel1os/level1/2024/06/16/N00_0000/HLS_20240616_120000_43189sec_lev1_V111.zip?hel1os,HLS_20240616_120000_43189sec_lev1_V111.zip,data/hel1os/raw/20240616/N00_0000/HLS_20240616_120000_43189sec_lev1_V111.zip,45346578,SUCCESS,13.05,
20240616,https://pradan1.issdc.gov.in/al1/protected/downloadData/hel1os/level1/2024/06/16/N00_0000/HLS_20240616_000129_43096sec_lev1_V111.zip?hel1os,HLS_20240616_000129_43096sec_lev1_V111.zip,data/hel1os/raw/20240616/N00_0000/HLS_20240616_000129_43096sec_lev1_V111.zip,45164826,SUCCESS,12.86,
20240615,https://pradan1.issdc.gov.in/al1/protected/downloadData/hel1os/level1/2024/06/15/N00_0000/HLS_20240615_120006_43190sec_lev1_V111.zip?hel1os,HLS_20240615_120006_43190sec_lev1_V111.zip,data/hel1os/raw/20240615/N00_0000/HLS_20240615_120006_43190sec_lev1_V111.zip,46419220,SUCCESS,12.98,
20240614,https://pradan1.issdc.gov.in/al1/protected/downloadData/hel1os/level1/2024/06/14/N00_0000/HLS_20240614_155058_29337sec_lev1_V111.zip?hel1os,HLS_20240614_155058_29337sec_lev1_V111.zip,data/hel1os/raw/20240614/N00_0000/HLS_20240614_155058_29337sec_lev1_V111.zip,32305809,SUCCESS,9.26,
20240614,https://pradan1.issdc.gov.in/al1/protected/downloadData/hel1os/level1/2024/06/14/N00_0000/HLS_20240614_114952_14453sec_lev1_V111.zip?hel1os,HLS_20240614_114952_14453sec_lev1_V111.zip,data/hel1os/raw/20240614/N00_0000/HLS_20240614_114952_14453sec_lev1_V111.zip,15461316,SUCCESS,4.42,
20240614,https://pradan1.issdc.gov.in/al1/protected/downloadData/hel1os/level1/2024/06/14/N00_0000/HLS_20240614_012551_38037sec_lev1_V111.zip?hel1os,HLS_20240614_012551_38037sec_lev1_V111.zip,data/hel1os/raw/20240614/N00_0000/HLS_20240614_012551_38037sec_lev1_V111.zip,46080107,SUCCESS,13.44,
20240614,https://pradan1.issdc.gov.in/al1/protected/downloadData/hel1os/level1/2024/06/14/N00_0000/HLS_20240614_000008_5126sec_lev1_V111.zip?hel1os,HLS_20240614_000008_5126sec_lev1_V111.zip,data/hel1os/raw/20240614/N00_0000/HLS_20240614_000008_5126sec_lev1_V111.zip,6036969,SUCCESS,1.77,
20240613,https://pradan1.issdc.gov.in/al1/protected/downloadData/hel1os/level1/2024/06/13/N00_0000/HLS_20240613_155721_28954sec_lev1_V111.zip?hel1os,HLS_20240613_155721_28954sec_lev1_V111.zip,data/hel1os/raw/20240613/N00_0000/HLS_20240613_155721_28954sec_lev1_V111.zip,36602484,SUCCESS,10.85,
20240615,https://pradan1.issdc.gov.in/al1/protected/downloadData/hel1os/level1/2024/06/15/N00_0000/HLS_20240615_000010_43181sec_lev1_V111.zip?hel1os,HLS_20240615_000010_43181sec_lev1_V111.zip,data/hel1os/raw/20240615/N00_0000/HLS_20240615_000010_43181sec_lev1_V111.zip,47937065,SUCCESS,14.25,
20240614,https://pradan1.issdc.gov.in/al1/protected/downloadData/hel1os/level1/2024/06/14/N00_0000/HLS_20240614_120001_43194sec_lev1_V111.zip?hel1os,HLS_20240614_120001_43194sec_lev1_V111.zip,data/hel1os/raw/20240614/N00_0000/HLS_20240614_120001_43194sec_lev1_V111.zip,47577811,SUCCESS,13.74,
20240614,https://pradan1.issdc.gov.in/al1/protected/downloadData/hel1os/level1/2024/06/14/N00_0000/HLS_20240614_000008_43180sec_lev1_V111.zip?hel1os,HLS_20240614_000008_43180sec_lev1_V111.zip,data/hel1os/raw/20240614/N00_0000/HLS_20240614_000008_43180sec_lev1_V111.zip,52055428,SUCCESS,15.06,
20240613,https://pradan1.issdc.gov.in/al1/protected/downloadData/hel1os/level1/2024/06/13/N00_0000/HLS_20240613_120002_14227sec_lev1_V111.zip?hel1os,HLS_20240613_120002_14227sec_lev1_V111.zip,data/hel1os/raw/20240613/N00_0000/HLS_20240613_120002_14227sec_lev1_V111.zip,18169068,SUCCESS,5.75,
20240613,https://pradan1.issdc.gov.in/al1/protected/downloadData/hel1os/level1/2024/06/13/N00_0000/HLS_20240613_012516_38074sec_lev1_V111.zip?hel1os,HLS_20240613_012516_38074sec_lev1_V111.zip,data/hel1os/raw/20240613/N00_0000/HLS_20240613_012516_38074sec_lev1_V111.zip,52725249,SUCCESS,15.91,
20240613,https://pradan1.issdc.gov.in/al1/protected/downloadData/hel1os/level1/2024/06/13/N00_0000/HLS_20240613_000008_5096sec_lev1_V111.zip?hel1os,HLS_20240613_000008_5096sec_lev1_V111.zip,data/hel1os/raw/20240613/N00_0000/HLS_20240613_000008_5096sec_lev1_V111.zip,7457719,SUCCESS,2.36,
20240612,https://pradan1.issdc.gov.in/al1/protected/downloadData/hel1os/level1/2024/06/12/N00_0000/HLS_20240612_160511_28485sec_lev1_V111.zip?hel1os,HLS_20240612_160511_28485sec_lev1_V111.zip,data/hel1os/raw/20240612/N00_0000/HLS_20240612_160511_28485sec_lev1_V111.zip,45594465,SUCCESS,13.55,
20240612,https://pradan1.issdc.gov.in/al1/protected/downloadData/hel1os/level1/2024/06/12/N00_0000/HLS_20240612_120000_14885sec_lev1_V111.zip?hel1os,HLS_20240612_120000_14885sec_lev1_V111.zip,data/hel1os/raw/20240612/N00_0000/HLS_20240612_120000_14885sec_lev1_V111.zip,26135441,SUCCESS,7.94,
20240612,https://pradan1.issdc.gov.in/al1/protected/downloadData/hel1os/level1/2024/06/12/N00_0000/HLS_20240612_012520_38071sec_lev1_V111.zip?hel1os,HLS_20240612_012520_38071sec_lev1_V111.zip,data/hel1os/raw/20240612/N00_0000/HLS_20240612_012520_38071sec_lev1_V111.zip,64475655,SUCCESS,18.99,
20240612,https://pradan1.issdc.gov.in/al1/protected/downloadData/hel1os/level1/2024/06/12/N00_0000/HLS_20240612_000009_5097sec_lev1_V111.zip?hel1os,HLS_20240612_000009_5097sec_lev1_V111.zip,data/hel1os/raw/20240612/N00_0000/HLS_20240612_000009_5097sec_lev1_V111.zip,6378465,SUCCESS,2.28,
20240612,https://pradan1.issdc.gov.in/al1/protected/downloadData/hel1os/level1/2024/06/12/N00_0000/HLS_20240612_120000_43196sec_lev1_V111.zip?hel1os,HLS_20240612_120000_43196sec_lev1_V111.zip,data/hel1os/raw/20240612/N00_0000/HLS_20240612_120000_43196sec_lev1_V111.zip,71620270,SUCCESS,22.37,
20260823,https://pradan1.issdc.gov.in/al1/protected/downloadData/hel1os/level1/2026/08/23/N00_0000/HLS_20260823_120000_43189sec_lev1_V111.zip?hel1os,HLS_20260823_120000_43189sec_lev1_V111.zip,data/hel1os/raw/20260823/N00_0000/HLS_20260823_120000_43189sec_lev1_V111.zip,54888084,SKIPPED,0.0,
20260823,https://pradan1.issdc.gov.in/al1/protected/downloadData/hel1os/level1/2026/08/23/N00_0000/HLS_20260823_000007_43178sec_lev1_V111.zip?hel1os,HLS_20260823_000007_43178sec_lev1_V111.zip,data/hel1os/raw/20260823/N00_0000/HLS_20260823_000007_43178sec_lev1_V111.zip,55081030,SKIPPED,0.0,
20260822,https://pradan1.issdc.gov.in/al1/protected/downloadData/hel1os/level1/2026/08/22/N00_0000/HLS_20260822_121027_42563sec_lev1_V111.zip?hel1os,HLS_20260822_121027_42563sec_lev1_V111.zip,data/hel1os/raw/20260822/N00_0000/HLS_20260822_121027_42563sec_lev1_V111.zip,54505310,SKIPPED,0.0,
20260822,https://pradan1.issdc.gov.in/al1/protected/downloadData/hel1os/level1/2026/08/22/N00_0000/HLS_20260822_000010_43182sec_lev1_V111.zip?hel1os,HLS_20260822_000010_43182sec_lev1_V111.zip,data/hel1os/raw/20260822/N00_0000/HLS_20260822_000010_43182sec_lev1_V111.zip,55505996,SKIPPED,0.0,
20260821,https://pradan1.issdc.gov.in/al1/protected/downloadData/hel1os/level1/2026/08/21/N00_0000/HLS_20260821_121027_42566sec_lev1_V111.zip?hel1os,HLS_20260821_121027_42566sec_lev1_V111.zip,data/hel1os/raw/20260821/N00_0000/HLS_20260821_121027_42566sec_lev1_V111.zip,52350866,SKIPPED,0.0,
20260821,https://pradan1.issdc.gov.in/al1/protected/downloadData/hel1os/level1/2026/08/21/N00_0000/HLS_20260821_000005_43183sec_lev1_V111.zip?hel1os,HLS_20260821_000005_43183sec_lev1_V111.zip,data/hel1os/raw/20260821/N00_0000/HLS_20260821_000005_43183sec_lev1_V111.zip,57083410,SKIPPED,0.0,
20260820,https://pradan1.issdc.gov.in/al1/protected/downloadData/hel1os/level1/2026/08/20/N00_0000/HLS_20260820_120001_43189sec_lev1_V111.zip?hel1os,HLS_20260820_120001_43189sec_lev1_V111.zip,data/hel1os/raw/20260820/N00_0000/HLS_20260820_120001_43189sec_lev1_V111.zip,59935907,SKIPPED,0.0,
20260820,https://pradan1.issdc.gov.in/al1/protected/downloadData/hel1os/level1/2026/08/20/N00_0000/HLS_20260820_000011_43183sec_lev1_V111.zip?hel1os,HLS_20260820_000011_43183sec_lev1_V111.zip,data/hel1os/raw/20260820/N00_0000/HLS_20260820_000011_43183sec_lev1_V111.zip,67700053,SKIPPED,0.0,
20260819,https://pradan1.issdc.gov.in/al1/protected/downloadData/hel1os/level1/2026/08/19/N00_0000/HLS_20260819_120007_43193sec_lev1_V111.zip?hel1os,HLS_20260819_120007_43193sec_lev1_V111.zip,data/hel1os/raw/20260819/N00_0000/HLS_20260819_120007_43193sec_lev1_V111.zip,50761684,SKIPPED,0.0,
20260819,https://pradan1.issdc.gov.in/al1/protected/downloadData/hel1os/level1/2026/08/19/N00_0000/HLS_20260819_000009_43182sec_lev1_V111.zip?hel1os,HLS_20260819_000009_43182sec_lev1_V111.zip,data/hel1os/raw/20260819/N00_0000/HLS_20260819_000009_43182sec_lev1_V111.zip,49758884,SKIPPED,0.0,
20260818,https://pradan1.issdc.gov.in/al1/protected/downloadData/hel1os/level1/2026/08/18/N00_0000/HLS_20260818_114956_43797sec_lev1_V111.zip?hel1os,HLS_20260818_114956_43797sec_lev1_V111.zip,data/hel1os/raw/20260818/N00_0000/HLS_20260818_114956_43797sec_lev1_V111.zip,49199336,SKIPPED,0.0,
20260818,https://pradan1.issdc.gov.in/al1/protected/downloadData/hel1os/level1/2026/08/18/N00_0000/HLS_20260818_000009_43182sec_lev1_V111.zip?hel1os,HLS_20260818_000009_43182sec_lev1_V111.zip,data/hel1os/raw/20260818/N00_0000/HLS_20260818_000009_43182sec_lev1_V111.zip,48746631,SKIPPED,0.0,
20260817,https://pradan1.issdc.gov.in/al1/protected/downloadData/hel1os/level1/2026/08/17/N00_0000/HLS_20260817_120001_43195sec_lev1_V111.zip?hel1os,HLS_20260817_120001_43195sec_lev1_V111.zip,data/hel1os/raw/20260817/N00_0000/HLS_20260817_120001_43195sec_lev1_V111.zip,48874849,SKIPPED,0.0,
20260817,https://pradan1.issdc.gov.in/al1/protected/downloadData/hel1os/level1/2026/08/17/N00_0000/HLS_20260817_000012_43173sec_lev1_V111.zip?hel1os,HLS_20260817_000012_43173sec_lev1_V111.zip,data/hel1os/raw/20260817/N00_0000/HLS_20260817_000012_43173sec_lev1_V111.zip,49120146,SKIPPED,0.0,
20260811,https://pradan1.issdc.gov.in/al1/protected/downloadData/hel1os/level1/2026/08/11/N00_0000/HLS_20260811_120004_43187sec_lev1_V312.zip?hel1os,HLS_20260811_120004_43187sec_lev1_V312.zip,data/hel1os/raw/20260811/N00_0000/HLS_20260811_120004_43187sec_lev1_V312.zip,48606055,SKIPPED,0.0,
20260811,https://pradan1.issdc.gov.in/al1/protected/downloadData/hel1os/level1/2026/08/11/N00_0000/HLS_20260811_000041_19342sec_lev1_V212.zip?hel1os,HLS_20260811_000041_19342sec_lev1_V212.zip,data/hel1os/raw/20260811/N00_0000/HLS_20260811_000041_19342sec_lev1_V212.zip,21834876,SKIPPED,0.0,
20260810,https://pradan1.issdc.gov.in/al1/protected/downloadData/hel1os/level1/2026/08/10/N00_0000/HLS_20260810_120000_43194sec_lev1_V212.zip?hel1os,HLS_20260810_120000_43194sec_lev1_V212.zip,data/hel1os/raw/20260810/N00_0000/HLS_20260810_120000_43194sec_lev1_V212.zip,48726854,SKIPPED,0.0,
20260810,https://pradan1.issdc.gov.in/al1/protected/downloadData/hel1os/level1/2026/08/10/N00_0000/HLS_20260810_000010_43174sec_lev1_V212.zip?hel1os,HLS_20260810_000010_43174sec_lev1_V212.zip,data/hel1os/raw/20260810/N00_0000/HLS_20260810_000010_43174sec_lev1_V212.zip,48391183,SKIPPED,0.0,
20260811,https://pradan1.issdc.gov.in/al1/protected/downloadData/hel1os/level1/2026/08/11/N00_0000/HLS_20260811_120004_43187sec_lev1_V311.zip?hel1os,HLS_20260811_120004_43187sec_lev1_V311.zip,data/hel1os/raw/20260811/N00_0000/HLS_20260811_120004_43187sec_lev1_V311.zip,48606000,SKIPPED,0.0,
20260811,https://pradan1.issdc.gov.in/al1/protected/downloadData/hel1os/level1/2026/08/11/N00_0000/HLS_20260811_000041_19342sec_lev1_V211.zip?hel1os,HLS_20260811_000041_19342sec_lev1_V211.zip,data/hel1os/raw/20260811/N00_0000/HLS_20260811_000041_19342sec_lev1_V211.zip,21834895,SKIPPED,0.0,
20260810,https://pradan1.issdc.gov.in/al1/protected/downloadData/hel1os/level1/2026/08/10/N00_0000/HLS_20260810_120000_43194sec_lev1_V211.zip?hel1os,HLS_20260810_120000_43194sec_lev1_V211.zip,data/hel1os/raw/20260810/N00_0000/HLS_20260810_120000_43194sec_lev1_V211.zip,48726822,SKIPPED,0.0,
20260810,https://pradan1.issdc.gov.in/al1/protected/downloadData/hel1os/level1/2026/08/10/N00_0000/HLS_20260810_000010_43174sec_lev1_V211.zip?hel1os,HLS_20260810_000010_43174sec_lev1_V211.zip,data/hel1os/raw/20260810/N00_0000/HLS_20260810_000010_43174sec_lev1_V211.zip,48391186,SKIPPED,0.0,
20260815,https://pradan1.issdc.gov.in/al1/protected/downloadData/hel1os/level1/2026/08/15/N00_0000/HLS_20260815_120005_43191sec_lev1_V111.zip?hel1os,HLS_20260815_120005_43191sec_lev1_V111.zip,data/hel1os/raw/20260815/N00_0000/HLS_20260815_120005_43191sec_lev1_V111.zip,48973029,SKIPPED,0.0,
20260815,https://pradan1.issdc.gov.in/al1/protected/downloadData/hel1os/level1/2026/08/15/N00_0000/HLS_20260815_000006_43182sec_lev1_V111.zip?hel1os,HLS_20260815_000006_43182sec_lev1_V111.zip,data/hel1os/raw/20260815/N00_0000/HLS_20260815_000006_43182sec_lev1_V111.zip,48755255,SKIPPED,0.0,
20260814,https://pradan1.issdc.gov.in/al1/protected/downloadData/hel1os/level1/2026/08/14/N00_0000/HLS_20260814_120004_43186sec_lev1_V111.zip?hel1os,HLS_20260814_120004_43186sec_lev1_V111.zip,data/hel1os/raw/20260814/N00_0000/HLS_20260814_120004_43186sec_lev1_V111.zip,49003904,SKIPPED,0.0,
20260814,https://pradan1.issdc.gov.in/al1/protected/downloadData/hel1os/level1/2026/08/14/N00_0000/HLS_20260814_000010_43178sec_lev1_V111.zip?hel1os,HLS_20260814_000010_43178sec_lev1_V111.zip,data/hel1os/raw/20260814/N00_0000/HLS_20260814_000010_43178sec_lev1_V111.zip,49302990,SKIPPED,0.0,
20260811,https://pradan1.issdc.gov.in/al1/protected/downloadData/hel1os/level1/2026/08/11/N00_0000/HLS_20260811_000009_43179sec_lev1_V111.zip?hel1os,HLS_20260811_000009_43179sec_lev1_V111.zip,data/hel1os/raw/20260811/N00_0000/HLS_20260811_000009_43179sec_lev1_V111.zip,48632965,SKIPPED,0.0,
20260813,https://pradan1.issdc.gov.in/al1/protected/downloadData/hel1os/level1/2026/08/13/N00_0000/HLS_20260813_000005_43179sec_lev1_V111.zip?hel1os,HLS_20260813_000005_43179sec_lev1_V111.zip,data/hel1os/raw/20260813/N00_0000/HLS_20260813_000005_43179sec_lev1_V111.zip,48716509,SKIPPED,0.0,
20260812,https://pradan1.issdc.gov.in/al1/protected/downloadData/hel1os/level1/2026/08/12/N00_0000/HLS_20260812_120001_43188sec_lev1_V111.zip?hel1os,HLS_20260812_120001_43188sec_lev1_V111.zip,data/hel1os/raw/20260812/N00_0000/HLS_20260812_120001_43188sec_lev1_V111.zip,48379572,SKIPPED,0.0,
20260812,https://pradan1.issdc.gov.in/al1/protected/downloadData/hel1os/level1/2026/08/12/N00_0000/HLS_20260812_000012_43177sec_lev1_V111.zip?hel1os,HLS_20260812_000012_43177sec_lev1_V111.zip,data/hel1os/raw/20260812/N00_0000/HLS_20260812_000012_43177sec_lev1_V111.zip,48400987,SKIPPED,0.0,
20260809,https://pradan1.issdc.gov.in/al1/protected/downloadData/hel1os/level1/2026/08/09/N00_0000/HLS_20260809_120004_43190sec_lev1_V111.zip?hel1os,HLS_20260809_120004_43190sec_lev1_V111.zip,data/hel1os/raw/20260809/N00_0000/HLS_20260809_120004_43190sec_lev1_V111.zip,48547868,SKIPPED,0.0,
20260809,https://pradan1.issdc.gov.in/al1/protected/downloadData/hel1os/level1/2026/08/09/N00_0000/HLS_20260809_000008_43183sec_lev1_V111.zip?hel1os,HLS_20260809_000008_43183sec_lev1_V111.zip,data/hel1os/raw/20260809/N00_0000/HLS_20260809_000008_43183sec_lev1_V111.zip,48118799,SKIPPED,0.0,
20260808,https://pradan1.issdc.gov.in/al1/protected/downloadData/hel1os/level1/2026/08/08/N00_0000/HLS_20260808_120005_43188sec_lev1_V111.zip?hel1os,HLS_20260808_120005_43188sec_lev1_V111.zip,data/hel1os/raw/20260808/N00_0000/HLS_20260808_120005_43188sec_lev1_V111.zip,48122315,SKIPPED,0.0,
20260808,https://pradan1.issdc.gov.in/al1/protected/downloadData/hel1os/level1/2026/08/08/N00_0000/HLS_20260808_000006_43183sec_lev1_V111.zip?hel1os,HLS_20260808_000006_43183sec_lev1_V111.zip,data/hel1os/raw/20260808/N00_0000/HLS_20260808_000006_43183sec_lev1_V111.zip,48185624,SKIPPED,0.0,
20260807,https://pradan1.issdc.gov.in/al1/protected/downloadData/hel1os/level1/2026/08/07/N00_0000/HLS_20260807_121027_42564sec_lev1_V111.zip?hel1os,HLS_20260807_121027_42564sec_lev1_V111.zip,data/hel1os/raw/20260807/N00_0000/HLS_20260807_121027_42564sec_lev1_V111.zip,47911556,SKIPPED,0.0,
20260807,https://pradan1.issdc.gov.in/al1/protected/downloadData/hel1os/level1/2026/08/07/N00_0000/HLS_20260807_000006_43178sec_lev1_V111.zip?hel1os,HLS_20260807_000006_43178sec_lev1_V111.zip,data/hel1os/raw/20260807/N00_0000/HLS_20260807_000006_43178sec_lev1_V111.zip,47974704,SKIPPED,0.0,
20260806,https://pradan1.issdc.gov.in/al1/protected/downloadData/hel1os/level1/2026/08/06/N00_0000/HLS_20260806_121028_42567sec_lev1_V111.zip?hel1os,HLS_20260806_121028_42567sec_lev1_V111.zip,data/hel1os/raw/20260806/N00_0000/HLS_20260806_121028_42567sec_lev1_V111.zip,47628600,SKIPPED,0.0,
20260806,https://pradan1.issdc.gov.in/al1/protected/downloadData/hel1os/level1/2026/08/06/N00_0000/HLS_20260806_000011_43176sec_lev1_V111.zip?hel1os,HLS_20260806_000011_43176sec_lev1_V111.zip,data/hel1os/raw/20260806/N00_0000/HLS_20260806_000011_43176sec_lev1_V111.zip,47497057,SKIPPED,0.0,
20260805,https://pradan1.issdc.gov.in/al1/protected/downloadData/hel1os/level1/2026/08/05/N00_0000/HLS_20260805_114953_43802sec_lev1_V111.zip?hel1os,HLS_20260805_114953_43802sec_lev1_V111.zip,data/hel1os/raw/20260805/N00_0000/HLS_20260805_114953_43802sec_lev1_V111.zip,47262766,SKIPPED,0.0,
20260805,https://pradan1.issdc.gov.in/al1/protected/downloadData/hel1os/level1/2026/08/05/N00_0000/HLS_20260805_000011_43178sec_lev1_V111.zip?hel1os,HLS_20260805_000011_43178sec_lev1_V111.zip,data/hel1os/raw/20260805/N00_0000/HLS_20260805_000011_43178sec_lev1_V111.zip,47278698,SKIPPED,0.0,
20260804,https://pradan1.issdc.gov.in/al1/protected/downloadData/hel1os/level1/2026/08/04/N00_0000/HLS_20260804_114956_43801sec_lev1_V111.zip?hel1os,HLS_20260804_114956_43801sec_lev1_V111.zip,data/hel1os/raw/20260804/N00_0000/HLS_20260804_114956_43801sec_lev1_V111.zip,47310534,SKIPPED,0.0,
20260804,https://pradan1.issdc.gov.in/al1/protected/downloadData/hel1os/level1/2026/08/04/N00_0000/HLS_20260804_000005_43184sec_lev1_V111.zip?hel1os,HLS_20260804_000005_43184sec_lev1_V111.zip,data/hel1os/raw/20260804/N00_0000/HLS_20260804_000005_43184sec_lev1_V111.zip,47048209,SKIPPED,0.0,
20260803,https://pradan1.issdc.gov.in/al1/protected/downloadData/hel1os/level1/2026/08/03/N00_0000/HLS_20260803_120001_43188sec_lev1_V111.zip?hel1os,HLS_20260803_120001_43188sec_lev1_V111.zip,data/hel1os/raw/20260803/N00_0000/HLS_20260803_120001_43188sec_lev1_V111.zip,46980470,SKIPPED,0.0,
20260803,https://pradan1.issdc.gov.in/al1/protected/downloadData/hel1os/level1/2026/08/03/N00_0000/HLS_20260803_000011_43174sec_lev1_V111.zip?hel1os,HLS_20260803_000011_43174sec_lev1_V111.zip,data/hel1os/raw/20260803/N00_0000/HLS_20260803_000011_43174sec_lev1_V111.zip,47512968,SKIPPED,0.0,
20260802,https://pradan1.issdc.gov.in/al1/protected/downloadData/hel1os/level1/2026/08/02/N00_0000/HLS_20260802_120007_43188sec_lev1_V111.zip?hel1os,HLS_20260802_120007_43188sec_lev1_V111.zip,data/hel1os/raw/20260802/N00_0000/HLS_20260802_120007_43188sec_lev1_V111.zip,47945370,SKIPPED,0.0,
20260802,https://pradan1.issdc.gov.in/al1/protected/downloadData/hel1os/level1/2026/08/02/N00_0000/HLS_20260802_000007_43186sec_lev1_V111.zip?hel1os,HLS_20260802_000007_43186sec_lev1_V111.zip,data/hel1os/raw/20260802/N00_0000/HLS_20260802_000007_43186sec_lev1_V111.zip,48964225,SKIPPED,0.0,
20260801,https://pradan1.issdc.gov.in/al1/protected/downloadData/hel1os/level1/2026/08/01/N00_0000/HLS_20260801_115959_43195sec_lev1_V111.zip?hel1os,HLS_20260801_115959_43195sec_lev1_V111.zip,data/hel1os/raw/20260801/N00_0000/HLS_20260801_115959_43195sec_lev1_V111.zip,49404142,SKIPPED,0.0,
20260801,https://pradan1.issdc.gov.in/al1/protected/downloadData/hel1os/level1/2026/08/01/N00_0000/HLS_20260801_000009_43175sec_lev1_V111.zip?hel1os,HLS_20260801_000009_43175sec_lev1_V111.zip,data/hel1os/raw/20260801/N00_0000/HLS_20260801_000009_43175sec_lev1_V111.zip,52310680,SKIPPED,0.0,
20260731,https://pradan1.issdc.gov.in/al1/protected/downloadData/hel1os/level1/2026/07/31/N00_0000/HLS_20260731_120005_43190sec_lev1_V111.zip?hel1os,HLS_20260731_120005_43190sec_lev1_V111.zip,data/hel1os/raw/20260731/N00_0000/HLS_20260731_120005_43190sec_lev1_V111.zip,53147230,SKIPPED,0.0,
20260731,https://pradan1.issdc.gov.in/al1/protected/downloadData/hel1os/level1/2026/07/31/N00_0000/HLS_20260731_000008_43181sec_lev1_V111.zip?hel1os,HLS_20260731_000008_43181sec_lev1_V111.zip,data/hel1os/raw/20260731/N00_0000/HLS_20260731_000008_43181sec_lev1_V111.zip,58500740,SKIPPED,0.0,
20260730,https://pradan1.issdc.gov.in/al1/protected/downloadData/hel1os/level1/2026/07/30/N00_0000/HLS_20260730_115959_43199sec_lev1_V111.zip?hel1os,HLS_20260730_115959_43199sec_lev1_V111.zip,data/hel1os/raw/20260730/N00_0000/HLS_20260730_115959_43199sec_lev1_V111.zip,80260800,SKIPPED,0.0,
20260730,https://pradan1.issdc.gov.in/al1/protected/downloadData/hel1os/level1/2026/07/30/N00_0000/HLS_20260730_000007_43178sec_lev1_V111.zip?hel1os,HLS_20260730_000007_43178sec_lev1_V111.zip,data/hel1os/raw/20260730/N00_0000/HLS_20260730_000007_43178sec_lev1_V111.zip,49039088,SKIPPED,0.0,
20260729,https://pradan1.issdc.gov.in/al1/protected/downloadData/hel1os/level1/2026/07/29/N00_0000/HLS_20260729_114949_43803sec_lev1_V111.zip?hel1os,HLS_20260729_114949_43803sec_lev1_V111.zip,data/hel1os/raw/20260729/N00_0000/HLS_20260729_114949_43803sec_lev1_V111.zip,48511487,SKIPPED,0.0,
20260729,https://pradan1.issdc.gov.in/al1/protected/downloadData/hel1os/level1/2026/07/29/N00_0000/HLS_20260729_000010_43176sec_lev1_V111.zip?hel1os,HLS_20260729_000010_43176sec_lev1_V111.zip,data/hel1os/raw/20260729/N00_0000/HLS_20260729_000010_43176sec_lev1_V111.zip,48346902,SKIPPED,0.0,
20260728,https://pradan1.issdc.gov.in/al1/protected/downloadData/hel1os/level1/2026/07/28/N00_0000/HLS_20260728_000011_43176sec_lev1_V111.zip?hel1os,HLS_20260728_000011_43176sec_lev1_V111.zip,data/hel1os/raw/20260728/N00_0000/HLS_20260728_000011_43176sec_lev1_V111.zip,48268907,SKIPPED,0.0,
20260728,https://pradan1.issdc.gov.in/al1/protected/downloadData/hel1os/level1/2026/07/28/N00_0000/HLS_20260728_120003_43194sec_lev1_V111.zip?hel1os,HLS_20260728_120003_43194sec_lev1_V111.zip,data/hel1os/raw/20260728/N00_0000/HLS_20260728_120003_43194sec_lev1_V111.zip,48037926,SKIPPED,0.0,
20260727,https://pradan1.issdc.gov.in/al1/protected/downloadData/hel1os/level1/2026/07/27/N00_0000/HLS_20260727_120004_43192sec_lev1_V111.zip?hel1os,HLS_20260727_120004_43192sec_lev1_V111.zip,data/hel1os/raw/20260727/N00_0000/HLS_20260727_120004_43192sec_lev1_V111.zip,48344192,SKIPPED,0.0,
20260727,https://pradan1.issdc.gov.in/al1/protected/downloadData/hel1os/level1/2026/07/27/N00_0000/HLS_20260727_000009_43178sec_lev1_V111.zip?hel1os,HLS_20260727_000009_43178sec_lev1_V111.zip,data/hel1os/raw/20260727/N00_0000/HLS_20260727_000009_43178sec_lev1_V111.zip,49014937,SKIPPED,0.0,
20260726,https://pradan1.issdc.gov.in/al1/protected/downloadData/hel1os/level1/2026/07/26/N00_0000/HLS_20260726_121027_42564sec_lev1_V111.zip?hel1os,HLS_20260726_121027_42564sec_lev1_V111.zip,data/hel1os/raw/20260726/N00_0000/HLS_20260726_121027_42564sec_lev1_V111.zip,51537405,SKIPPED,0.0,
20260726,https://pradan1.issdc.gov.in/al1/protected/downloadData/hel1os/level1/2026/07/26/N00_0000/HLS_20260726_000010_43179sec_lev1_V111.zip?hel1os,HLS_20260726_000010_43179sec_lev1_V111.zip,data/hel1os/raw/20260726/N00_0000/HLS_20260726_000010_43179sec_lev1_V111.zip,48289892,SKIPPED,0.0,
20260725,https://pradan1.issdc.gov.in/al1/protected/downloadData/hel1os/level1/2026/07/25/N00_0000/HLS_20260725_120001_43195sec_lev1_V111.zip?hel1os,HLS_20260725_120001_43195sec_lev1_V111.zip,data/hel1os/raw/20260725/N00_0000/HLS_20260725_120001_43195sec_lev1_V111.zip,48094029,SKIPPED,0.0,
20260725,https://pradan1.issdc.gov.in/al1/protected/downloadData/hel1os/level1/2026/07/25/N00_0000/HLS_20260725_000008_43178sec_lev1_V111.zip?hel1os,HLS_20260725_000008_43178sec_lev1_V111.zip,data/hel1os/raw/20260725/N00_0000/HLS_20260725_000008_43178sec_lev1_V111.zip,47876026,SKIPPED,0.0,
20260724,https://pradan1.issdc.gov.in/al1/protected/downloadData/hel1os/level1/2026/07/24/N00_0000/HLS_20260724_120004_43189sec_lev1_V111.zip?hel1os,HLS_20260724_120004_43189sec_lev1_V111.zip,data/hel1os/raw/20260724/N00_0000/HLS_20260724_120004_43189sec_lev1_V111.zip,47842510,SKIPPED,0.0,
20260723,https://pradan1.issdc.gov.in/al1/protected/downloadData/hel1os/level1/2026/07/23/N00_0000/HLS_20260723_120005_43185sec_lev1_V111.zip?hel1os,HLS_20260723_120005_43185sec_lev1_V111.zip,data/hel1os/raw/20260723/N00_0000/HLS_20260723_120005_43185sec_lev1_V111.zip,47956657,SKIPPED,0.0,
20260723,https://pradan1.issdc.gov.in/al1/protected/downloadData/hel1os/level1/2026/07/23/N00_0000/HLS_20260723_000007_43181sec_lev1_V111.zip?hel1os,HLS_20260723_000007_43181sec_lev1_V111.zip,data/hel1os/raw/20260723/N00_0000/HLS_20260723_000007_43181sec_lev1_V111.zip,48456764,SKIPPED,0.0,
20260722,https://pradan1.issdc.gov.in/al1/protected/downloadData/hel1os/level1/2026/07/22/N00_0000/HLS_20260722_121027_42566sec_lev1_V111.zip?hel1os,HLS_20260722_121027_42566sec_lev1_V111.zip,data/hel1os/raw/20260722/N00_0000/HLS_20260722_121027_42566sec_lev1_V111.zip,48853327,SKIPPED,0.0,
20260722,https://pradan1.issdc.gov.in/al1/protected/downloadData/hel1os/level1/2026/07/22/N00_0000/HLS_20260722_000006_43184sec_lev1_V111.zip?hel1os,HLS_20260722_000006_43184sec_lev1_V111.zip,data/hel1os/raw/20260722/N00_0000/HLS_20260722_000006_43184sec_lev1_V111.zip,52767856,SKIPPED,0.0,
20260721,https://pradan1.issdc.gov.in/al1/protected/downloadData/hel1os/level1/2026/07/21/N00_0000/HLS_20260721_120003_43189sec_lev1_V111.zip?hel1os,HLS_20260721_120003_43189sec_lev1_V111.zip,data/hel1os/raw/20260721/N00_0000/HLS_20260721_120003_43189sec_lev1_V111.zip,51170168,SKIPPED,0.0,
20260721,https://pradan1.issdc.gov.in/al1/protected/downloadData/hel1os/level1/2026/07/21/N00_0000/HLS_20260721_000009_43178sec_lev1_V111.zip?hel1os,HLS_20260721_000009_43178sec_lev1_V111.zip,data/hel1os/raw/20260721/N00_0000/HLS_20260721_000009_43178sec_lev1_V111.zip,49933812,SKIPPED,0.0,
20260720,https://pradan1.issdc.gov.in/al1/protected/downloadData/hel1os/level1/2026/07/20/N00_0000/HLS_20260720_114956_43798sec_lev1_V111.zip?hel1os,HLS_20260720_114956_43798sec_lev1_V111.zip,data/hel1os/raw/20260720/N00_0000/HLS_20260720_114956_43798sec_lev1_V111.zip,56429849,SKIPPED,0.0,
20260720,https://pradan1.issdc.gov.in/al1/protected/downloadData/hel1os/level1/2026/07/20/N00_0000/HLS_20260720_000012_43177sec_lev1_V111.zip?hel1os,HLS_20260720_000012_43177sec_lev1_V111.zip,data/hel1os/raw/20260720/N00_0000/HLS_20260720_000012_43177sec_lev1_V111.zip,47678655,SKIPPED,0.0,
20260719,https://pradan1.issdc.gov.in/al1/protected/downloadData/hel1os/level1/2026/07/19/N00_0000/HLS_20260719_000005_43179sec_lev1_V111.zip?hel1os,HLS_20260719_000005_43179sec_lev1_V111.zip,data/hel1os/raw/20260719/N00_0000/HLS_20260719_000005_43179sec_lev1_V111.zip,47217017,SKIPPED,0.0,
20260718,https://pradan1.issdc.gov.in/al1/protected/downloadData/hel1os/level1/2026/07/18/N00_0000/HLS_20260718_120001_43189sec_lev1_V111.zip?hel1os,HLS_20260718_120001_43189sec_lev1_V111.zip,data/hel1os/raw/20260718/N00_0000/HLS_20260718_120001_43189sec_lev1_V111.zip,47256874,SKIPPED,0.0,
20260718,https://pradan1.issdc.gov.in/al1/protected/downloadData/hel1os/level1/2026/07/18/N00_0000/HLS_20260718_000010_43175sec_lev1_V111.zip?hel1os,HLS_20260718_000010_43175sec_lev1_V111.zip,data/hel1os/raw/20260718/N00_0000/HLS_20260718_000010_43175sec_lev1_V111.zip,47182600,SKIPPED,0.0,
20260717,https://pradan1.issdc.gov.in/al1/protected/downloadData/hel1os/level1/2026/07/17/N00_0000/HLS_20260717_120006_43190sec_lev1_V111.zip?hel1os,HLS_20260717_120006_43190sec_lev1_V111.zip,data/hel1os/raw/20260717/N00_0000/HLS_20260717_120006_43190sec_lev1_V111.zip,47157458,SKIPPED,0.0,
20260717,https://pradan1.issdc.gov.in/al1/protected/downloadData/hel1os/level1/2026/07/17/N00_0000/HLS_20260717_000009_43182sec_lev1_V111.zip?hel1os,HLS_20260717_000009_43182sec_lev1_V111.zip,data/hel1os/raw/20260717/N00_0000/HLS_20260717_000009_43182sec_lev1_V111.zip,47175293,SKIPPED,0.0,
20260716,https://pradan1.issdc.gov.in/al1/protected/downloadData/hel1os/level1/2026/07/16/N00_0000/HLS_20260716_121027_42565sec_lev1_V111.zip?hel1os,HLS_20260716_121027_42565sec_lev1_V111.zip,data/hel1os/raw/20260716/N00_0000/HLS_20260716_121027_42565sec_lev1_V111.zip,47003611,SKIPPED,0.0,
20260716,https://pradan1.issdc.gov.in/al1/protected/downloadData/hel1os/level1/2026/07/16/N00_0000/HLS_20260716_000012_43175sec_lev1_V111.zip?hel1os,HLS_20260716_000012_43175sec_lev1_V111.zip,data/hel1os/raw/20260716/N00_0000/HLS_20260716_000012_43175sec_lev1_V111.zip,46824904,SKIPPED,0.0,
20260704,https://pradan1.issdc.gov.in/al1/protected/downloadData/hel1os/level1/2026/07/04/N00_0000/HLS_20260704_120001_43194sec_lev1_V211.zip?hel1os,HLS_20260704_120001_43194sec_lev1_V211.zip,data/hel1os/raw/20260704/N00_0000/HLS_20260704_120001_43194sec_lev1_V211.zip,76382077,SKIPPED,0.0,
20260704,https://pradan1.issdc.gov.in/al1/protected/downloadData/hel1os/level1/2026/07/04/N00_0000/HLS_20260704_000005_43180sec_lev1_V211.zip?hel1os,HLS_20260704_000005_43180sec_lev1_V211.zip,data/hel1os/raw/20260704/N00_0000/HLS_20260704_000005_43180sec_lev1_V211.zip,65240347,SKIPPED,0.0,
20260715,https://pradan1.issdc.gov.in/al1/protected/downloadData/hel1os/level1/2026/07/15/N00_0000/HLS_20260715_120002_43194sec_lev1_V111.zip?hel1os,HLS_20260715_120002_43194sec_lev1_V111.zip,data/hel1os/raw/20260715/N00_0000/HLS_20260715_120002_43194sec_lev1_V111.zip,47639723,SKIPPED,0.0,
20260715,https://pradan1.issdc.gov.in/al1/protected/downloadData/hel1os/level1/2026/07/15/N00_0000/HLS_20260715_000011_43174sec_lev1_V111.zip?hel1os,HLS_20260715_000011_43174sec_lev1_V111.zip,data/hel1os/raw/20260715/N00_0000/HLS_20260715_000011_43174sec_lev1_V111.zip,47013679,SKIPPED,0.0,
20260714,https://pradan1.issdc.gov.in/al1/protected/downloadData/hel1os/level1/2026/07/14/N00_0000/HLS_20260714_000005_43186sec_lev1_V111.zip?hel1os,HLS_20260714_000005_43186sec_lev1_V111.zip,data/hel1os/raw/20260714/N00_0000/HLS_20260714_000005_43186sec_lev1_V111.zip,47271743,SKIPPED,0.0,
20260713,https://pradan1.issdc.gov.in/al1/protected/downloadData/hel1os/level1/2026/07/13/N00_0000/HLS_20260713_120003_43186sec_lev1_V111.zip?hel1os,HLS_20260713_120003_43186sec_lev1_V111.zip,data/hel1os/raw/20260713/N00_0000/HLS_20260713_120003_43186sec_lev1_V111.zip,47329979,SKIPPED,0.0,
20260713,https://pradan1.issdc.gov.in/al1/protected/downloadData/hel1os/level1/2026/07/13/N00_0000/HLS_20260713_000011_43181sec_lev1_V111.zip?hel1os,HLS_20260713_000011_43181sec_lev1_V111.zip,data/hel1os/raw/20260713/N00_0000/HLS_20260713_000011_43181sec_lev1_V111.zip,46952853,SKIPPED,0.0,
20260712,https://pradan1.issdc.gov.in/al1/protected/downloadData/hel1os/level1/2026/07/12/N00_0000/HLS_20260712_114955_43800sec_lev1_V111.zip?hel1os,HLS_20260712_114955_43800sec_lev1_V111.zip,data/hel1os/raw/20260712/N00_0000/HLS_20260712_114955_43800sec_lev1_V111.zip,46935869,SKIPPED,0.0,
20260712,https://pradan1.issdc.gov.in/al1/protected/downloadData/hel1os/level1/2026/07/12/N00_0000/HLS_20260712_000012_43176sec_lev1_V111.zip?hel1os,HLS_20260712_000012_43176sec_lev1_V111.zip,data/hel1os/raw/20260712/N00_0000/HLS_20260712_000012_43176sec_lev1_V111.zip,49239600,SKIPPED,0.0,
20260711,https://pradan1.issdc.gov.in/al1/protected/downloadData/hel1os/level1/2026/07/11/N00_0000/HLS_20260711_114949_43808sec_lev1_V111.zip?hel1os,HLS_20260711_114949_43808sec_lev1_V111.zip,data/hel1os/raw/20260711/N00_0000/HLS_20260711_114949_43808sec_lev1_V111.zip,47380934,SKIPPED,0.0,
20260711,https://pradan1.issdc.gov.in/al1/protected/downloadData/hel1os/level1/2026/07/11/N00_0000/HLS_20260711_000008_43181sec_lev1_V111.zip?hel1os,HLS_20260711_000008_43181sec_lev1_V111.zip,data/hel1os/raw/20260711/N00_0000/HLS_20260711_000008_43181sec_lev1_V111.zip,47076466,SKIPPED,0.0,
20260710,https://pradan1.issdc.gov.in/al1/protected/downloadData/hel1os/level1/2026/07/10/N00_0000/HLS_20260710_120002_43192sec_lev1_V111.zip?hel1os,HLS_20260710_120002_43192sec_lev1_V111.zip,data/hel1os/raw/20260710/N00_0000/HLS_20260710_120002_43192sec_lev1_V111.zip,47203166,SKIPPED,0.0,
20260710,https://pradan1.issdc.gov.in/al1/protected/downloadData/hel1os/level1/2026/07/10/N00_0000/HLS_20260710_000005_43181sec_lev1_V111.zip?hel1os,HLS_20260710_000005_43181sec_lev1_V111.zip,data/hel1os/raw/20260710/N00_0000/HLS_20260710_000005_43181sec_lev1_V111.zip,45291377,SKIPPED,0.0,
20260709,https://pradan1.issdc.gov.in/al1/protected/downloadData/hel1os/level1/2026/07/09/N00_0000/HLS_20260709_115950_43200sec_lev1_V111.zip?hel1os,HLS_20260709_115950_43200sec_lev1_V111.zip,data/hel1os/raw/20260709/N00_0000/HLS_20260709_115950_43200sec_lev1_V111.zip,46985417,SKIPPED,0.0,
20260709,https://pradan1.issdc.gov.in/al1/protected/downloadData/hel1os/level1/2026/07/09/N00_0000/HLS_20260709_122913_41437sec_lev1_V111.zip?hel1os,HLS_20260709_122913_41437sec_lev1_V111.zip,data/hel1os/raw/20260709/N00_0000/HLS_20260709_122913_41437sec_lev1_V111.zip,45112144,SKIPPED,0.0,
20260709,https://pradan1.issdc.gov.in/al1/protected/downloadData/hel1os/level1/2026/07/09/N00_0000/HLS_20260709_000012_43176sec_lev1_V111.zip?hel1os,HLS_20260709_000012_43176sec_lev1_V111.zip,data/hel1os/raw/20260709/N00_0000/HLS_20260709_000012_43176sec_lev1_V111.zip,47578565,SKIPPED,0.0,
20260708,https://pradan1.issdc.gov.in/al1/protected/downloadData/hel1os/level1/2026/07/08/N00_0000/HLS_20260708_120005_43184sec_lev1_V111.zip?hel1os,HLS_20260708_120005_43184sec_lev1_V111.zip,data/hel1os/raw/20260708/N00_0000/HLS_20260708_120005_43184sec_lev1_V111.zip,47733960,SKIPPED,0.0,
20260708,https://pradan1.issdc.gov.in/al1/protected/downloadData/hel1os/level1/2026/07/08/N00_0000/HLS_20260708_000007_43181sec_lev1_V111.zip?hel1os,HLS_20260708_000007_43181sec_lev1_V111.zip,data/hel1os/raw/20260708/N00_0000/HLS_20260708_000007_43181sec_lev1_V111.zip,47942887,SKIPPED,0.0,
20260707,https://pradan1.issdc.gov.in/al1/protected/downloadData/hel1os/level1/2026/07/07/N00_0000/HLS_20260707_120006_43185sec_lev1_V111.zip?hel1os,HLS_20260707_120006_43185sec_lev1_V111.zip,data/hel1os/raw/20260707/N00_0000/HLS_20260707_120006_43185sec_lev1_V111.zip,49843063,SKIPPED,0.0,
20260707,https://pradan1.issdc.gov.in/al1/protected/downloadData/hel1os/level1/2026/07/07/N00_0000/HLS_20260707_000006_43184sec_lev1_V111.zip?hel1os,HLS_20260707_000006_43184sec_lev1_V111.zip,data/hel1os/raw/20260707/N00_0000/HLS_20260707_000006_43184sec_lev1_V111.zip,46428522,SKIPPED,0.0,
20260706,https://pradan1.issdc.gov.in/al1/protected/downloadData/hel1os/level1/2026/07/06/N00_0000/HLS_20260706_120007_43183sec_lev1_V111.zip?hel1os,HLS_20260706_120007_43183sec_lev1_V111.zip,data/hel1os/raw/20260706/N00_0000/HLS_20260706_120007_43183sec_lev1_V111.zip,47449172,SKIPPED,0.0,
20260706,https://pradan1.issdc.gov.in/al1/protected/downloadData/hel1os/level1/2026/07/06/N00_0000/HLS_20260706_000010_43181sec_lev1_V111.zip?hel1os,HLS_20260706_000010_43181sec_lev1_V111.zip,data/hel1os/raw/20260706/N00_0000/HLS_20260706_000010_43181sec_lev1_V111.zip,48689359,SKIPPED,0.0,
20260705,https://pradan1.issdc.gov.in/al1/protected/downloadData/hel1os/level1/2026/07/05/N00_0000/HLS_20260705_121028_42567sec_lev1_V111.zip?hel1os,HLS_20260705_121028_42567sec_lev1_V111.zip,data/hel1os/raw/20260705/N00_0000/HLS_20260705_121028_42567sec_lev1_V111.zip,58204937,SKIPPED,0.0,
20260705,https://pradan1.issdc.gov.in/al1/protected/downloadData/hel1os/level1/2026/07/05/N00_0000/HLS_20260705_000010_6690sec_lev1_V111.zip?hel1os,HLS_20260705_000010_6690sec_lev1_V111.zip,data/hel1os/raw/20260705/N00_0000/HLS_20260705_000010_6690sec_lev1_V111.zip,7917657,SKIPPED,0.0,
20260705,https://pradan1.issdc.gov.in/al1/protected/downloadData/hel1os/level1/2026/07/05/N00_0000/HLS_20260705_030536_32057sec_lev1_V111.zip?hel1os,HLS_20260705_030536_32057sec_lev1_V111.zip,data/hel1os/raw/20260705/N00_0000/HLS_20260705_030536_32057sec_lev1_V111.zip,52523470,SKIPPED,0.0,
20260704,https://pradan1.issdc.gov.in/al1/protected/downloadData/hel1os/level1/2026/07/04/N00_0000/HLS_20260704_120001_43194sec_lev1_V111.zip?hel1os,HLS_20260704_120001_43194sec_lev1_V111.zip,data/hel1os/raw/20260704/N00_0000/HLS_20260704_120001_43194sec_lev1_V111.zip,76382269,SKIPPED,0.0,
20260704,https://pradan1.issdc.gov.in/al1/protected/downloadData/hel1os/level1/2026/07/04/N00_0000/HLS_20260704_000005_43180sec_lev1_V111.zip?hel1os,HLS_20260704_000005_43180sec_lev1_V111.zip,data/hel1os/raw/20260704/N00_0000/HLS_20260704_000005_43180sec_lev1_V111.zip,65240263,SKIPPED,0.0,
20260703,https://pradan1.issdc.gov.in/al1/protected/downloadData/hel1os/level1/2026/07/03/N00_0000/HLS_20260703_121027_42576sec_lev1_V111.zip?hel1os,HLS_20260703_121027_42576sec_lev1_V111.zip,data/hel1os/raw/20260703/N00_0000/HLS_20260703_121027_42576sec_lev1_V111.zip,85742403,SKIPPED,0.0,
20260703,https://pradan1.issdc.gov.in/al1/protected/downloadData/hel1os/level1/2026/07/03/N00_0000/HLS_20260703_000008_43177sec_lev1_V111.zip?hel1os,HLS_20260703_000008_43177sec_lev1_V111.zip,data/hel1os/raw/20260703/N00_0000/HLS_20260703_000008_43177sec_lev1_V111.zip,49641635,SKIPPED,0.0,
20260702,https://pradan1.issdc.gov.in/al1/protected/downloadData/hel1os/level1/2026/07/02/N00_0000/HLS_20260702_120000_43191sec_lev1_V111.zip?hel1os,HLS_20260702_120000_43191sec_lev1_V111.zip,data/hel1os/raw/20260702/N00_0000/HLS_20260702_120000_43191sec_lev1_V111.zip,49011159,SKIPPED,0.0,
20260702,https://pradan1.issdc.gov.in/al1/protected/downloadData/hel1os/level1/2026/07/02/N00_0000/HLS_20260702_000005_43179sec_lev1_V111.zip?hel1os,HLS_20260702_000005_43179sec_lev1_V111.zip,data/hel1os/raw/20260702/N00_0000/HLS_20260702_000005_43179sec_lev1_V111.zip,58665317,SKIPPED,0.0,
20260701,https://pradan1.issdc.gov.in/al1/protected/downloadData/hel1os/level1/2026/07/01/N00_0000/HLS_20260701_120001_43199sec_lev1_V111.zip?hel1os,HLS_20260701_120001_43199sec_lev1_V111.zip,data/hel1os/raw/20260701/N00_0000/HLS_20260701_120001_43199sec_lev1_V111.zip,87866677,SKIPPED,0.0,
20260701,https://pradan1.issdc.gov.in/al1/protected/downloadData/hel1os/level1/2026/07/01/N00_0000/HLS_20260701_000011_43178sec_lev1_V111.zip?hel1os,HLS_20260701_000011_43178sec_lev1_V111.zip,data/hel1os/raw/20260701/N00_0000/HLS_20260701_000011_43178sec_lev1_V111.zip,60360272,SKIPPED,0.0,
20260630,https://pradan1.issdc.gov.in/al1/protected/downloadData/hel1os/level1/2026/06/30/N00_0000/HLS_20260630_121027_42569sec_lev1_V111.zip?hel1os,HLS_20260630_121027_42569sec_lev1_V111.zip,data/hel1os/raw/20260630/N00_0000/HLS_20260630_121027_42569sec_lev1_V111.zip,83191609,SKIPPED,0.0,
20260630,https://pradan1.issdc.gov.in/al1/protected/downloadData/hel1os/level1/2026/06/30/N00_0000/HLS_20260630_000008_43177sec_lev1_V111.zip?hel1os,HLS_20260630_000008_43177sec_lev1_V111.zip,data/hel1os/raw/20260630/N00_0000/HLS_20260630_000008_43177sec_lev1_V111.zip,49483286,SKIPPED,0.0,
20260629,https://pradan1.issdc.gov.in/al1/protected/downloadData/hel1os/level1/2026/06/29/N00_0000/HLS_20260629_120005_43187sec_lev1_V111.zip?hel1os,HLS_20260629_120005_43187sec_lev1_V111.zip,data/hel1os/raw/20260629/N00_0000/HLS_20260629_120005_43187sec_lev1_V111.zip,50195442,SKIPPED,0.0,
20260629,https://pradan1.issdc.gov.in/al1/protected/downloadData/hel1os/level1/2026/06/29/N00_0000/HLS_20260629_000005_43184sec_lev1_V111.zip?hel1os,HLS_20260629_000005_43184sec_lev1_V111.zip,data/hel1os/raw/20260629/N00_0000/HLS_20260629_000005_43184sec_lev1_V111.zip,49594041,SKIPPED,0.0,
20260628,https://pradan1.issdc.gov.in/al1/protected/downloadData/hel1os/level1/2026/06/28/N00_0000/HLS_20260628_120001_43189sec_lev1_V111.zip?hel1os,HLS_20260628_120001_43189sec_lev1_V111.zip,data/hel1os/raw/20260628/N00_0000/HLS_20260628_120001_43189sec_lev1_V111.zip,49281336,SKIPPED,0.0,
