Threshold,Accuracy,Precision,Recall,F1 Score,TSS,HSS,POD,FAR,CSI,TP,FP,TN,FN,ROC-AUC
0.05,0.17759562841530055,0.15921787709497207,1.0,0.2746987951807229,0.02588996763754048,0.00821044671312051,1.0,0.840782122905028,0.15921787709497207,114,602,16,0,0.8870152728098561
0.1,0.20081967213114754,0.16212338593974174,0.9912280701754386,0.2786683107274969,0.046244251405212045,0.014988406757204373,0.9912280701754386,0.8378766140602583,0.16189111747851004,113,584,34,1,0.8870152728098561
0.15,0.26229508196721313,0.1723076923076923,0.9824561403508771,0.2931937172774869,0.11190597853857942,0.03836048344718865,0.9824561403508771,0.8276923076923077,0.17177914110429449,112,538,80,2,0.8870152728098561
0.2,0.36065573770491804,0.19270833333333334,0.9736842105263158,0.3217391304347826,0.2212570260602964,0.08341360046233866,0.9736842105263158,0.8072916666666666,0.19170984455958548,111,465,153,3,0.8870152728098561
0.25,0.39617486338797814,0.19963369963369965,0.956140350877193,0.3303030303030303,0.24902060977686935,0.09783845278725825,0.956140350877193,0.8003663003663004,0.19782214156079855,109,437,181,5,0.8870152728098561
0.3,0.5286885245901639,0.24044943820224718,0.9385964912280702,0.3828264758497317,0.3916709248850281,0.17934019653720168,0.9385964912280702,0.7595505617977528,0.23672566371681417,107,338,280,7,0.8870152728098561
0.35,0.8224043715846995,0.46226415094339623,0.8596491228070176,0.6012269938650306,0.6751831033895418,0.4999369403455669,0.8596491228070176,0.5377358490566038,0.4298245614035088,98,114,504,16,0.8870152728098561
0.4,0.8415300546448088,0.4943820224719101,0.7719298245614035,0.6027397260273972,0.6262987566002385,0.5096327096327097,0.7719298245614035,0.5056179775280899,0.43137254901960786,88,90,528,26,0.8870152728098561
0.45,0.8579234972677595,0.5324675324675324,0.7192982456140351,0.6119402985074627,0.6027933912451031,0.5273431679332439,0.7192982456140351,0.4675324675324675,0.44086021505376344,82,72,546,32,0.8870152728098561
0.5,0.860655737704918,0.5447761194029851,0.6403508771929824,0.5887096774193549,0.5416453755748595,0.5054840247973296,0.6403508771929824,0.4552238805970149,0.41714285714285715,73,61,557,41,0.8870152728098561
0.55,0.8756830601092896,0.5966386554621849,0.6228070175438597,0.6094420600858369,0.5451371146312384,0.5355589022757697,0.6228070175438597,0.40336134453781514,0.4382716049382716,71,48,570,43,0.8870152728098561
0.6,0.8838797814207651,0.6355140186915887,0.5964912280701754,0.6153846153846154,0.5333844319536706,0.5470824598183088,0.5964912280701754,0.3644859813084112,0.4444444444444444,68,39,579,46,0.8870152728098561
0.65,0.8825136612021858,0.6555555555555556,0.5175438596491229,0.5784313725490197,0.4673820473513882,0.5112725917644867,0.5175438596491229,0.34444444444444444,0.4068965517241379,59,31,587,55,0.8870152728098561
0.7,0.8770491803278688,0.6621621621621622,0.4298245614035088,0.5212765957446809,0.3893714869698518,0.4543828264758497,0.4298245614035088,0.33783783783783783,0.35251798561151076,49,25,593,65,0.8870152728098561
0.75,0.8729508196721312,0.6779661016949152,0.3508771929824561,0.4624277456647399,0.3201328564128768,0.39853689567430023,0.3508771929824561,0.3220338983050847,0.3007518796992481,40,19,599,74,0.8870152728098561
0.8,0.8729508196721312,0.7142857142857143,0.30701754385964913,0.4294478527607362,0.28436382217680123,0.3705059920106525,0.30701754385964913,0.2857142857142857,0.2734375,35,14,604,79,0.8870152728098561
0.85,0.8743169398907104,0.75,0.2894736842105263,0.4177215189873418,0.27167433145971726,0.36241763235628266,0.2894736842105263,0.25,0.264,33,11,607,81,0.8870152728098561
0.9,0.8702185792349727,0.8275862068965517,0.21052631578947367,0.3356643356643357,0.2024357009027423,0.29087126774351446,0.21052631578947367,0.1724137931034483,0.20168067226890757,24,5,613,90,0.8870152728098561
0.95,0.8579234972677595,1.0,0.08771929824561403,0.16129032258064516,0.08771929824561403,0.13967995660428534,0.08771929824561403,0.0,0.08771929824561403,10,0,618,104,0.8870152728098561
